report_id,source,report_type,timestamp,site,location,department,activity,asset,description,unsafe_act,unsafe_condition,near_miss,hi_po,hazards,exposure,potential_consequences,barriers,barrier_status,life_saving_rules,actual_outcome,potential_accident_level,sif_potential,annotation_confidence,annotation_version,source_gender,source_actor_type,normalized_description,duplicate_group_id,duplicate_group_size,is_duplicate,potential_level_numeric
industrial_safety_000321,industrial_safety_analytics_database,incident,2017-01-25T00:00:00,Country_01,Local_03,Mining,,,"During the process of loading drills in the Carmen pit of level 3450, the operator positions the basket of the anfo loader 186 equipment at a height of 3m from the floor to carry out the loading of the production drills; At this moment, a stone slab of 1.4x0.7x0.2 m is detached from the front of the pit, which is tilted and lodged inside the basket, trapping the right leg of the collaborator.",,,,,['remains of choco'],[],[],[],[],[],V,VI,,,,Male,Third Party,during the process of loading drills in the carmen pit of level 3450 the operator positions the basket of the anfo loader 186 equipment at a height of 3m from the floor to carry out the loading of the production drills at this moment a stone slab of 14x07x02 m is detached from the front of the pit which is tilted and lodged inside the basket trapping the right leg of the collaborator,DUP_0150,1,False,6
industrial_safety_000393,industrial_safety_analytics_database,incident,2017-04-25T00:00:00,Country_02,Local_07,Mining,,,"ACTIVITY: front sanitation (slaughter of choco with scaller) LOCAL: underground mine, level 350 - front 45 Upper JKA The operator performed front sanitation when a rock block from the roof hit the equipment. The accident victim was promptly rescued by the unit's emergency brigade and transported to the outpatient clinic where he received the first care, and was then transferred to the Municipal of Paracatu.",,,,,['remains of choco'],[],[],[],[],[],IV,V,,,,Male,Employee,activity front sanitation slaughter of choco with scaller local underground mine level 350  front 45 upper jka the operator performed front sanitation when a rock block from the roof hit the equipment the accident victim was promptly rescued by the units emergency brigade and transported to the outpatient clinic where he received the first care and was then transferred to the municipal of paracatu,DUP_0001,1,False,5
industrial_safety_000033,industrial_safety_analytics_database,incident,2016-02-20T00:00:00,Country_01,Local_04,Mining,,,"Approximately 1:40 p.m. in circumstances that shotcrete was launched in the Nv. 1680 BP 255 of the OB2B, after finishing the launch of the first mixkret 113, the assistant of the alpha, Mr. Albertico asks the operator of the mixkret 113, Mr. Jhony to move the mixkret 116, so that access, finding in the cockpit of the mixkret the operator of the Launcher team, Mr. Danon asks him to come down. When the team started, he noticed that Mr. Danon (injured) was imprisoned between the team (height of the left rear rim) and the Hastial de la Labor.",,,,,['Others'],[],[],[],[],[],V,V,,,,Male,Third Party,approximately 140 pm in circumstances that shotcrete was launched in the nv 1680 bp 255 of the ob2b after finishing the launch of the first mixkret 113 the assistant of the alpha mr albertico asks the operator of the mixkret 113 mr jhony to move the mixkret 116 so that access finding in the cockpit of the mixkret the operator of the launcher team mr danon asks him to come down when the team started he noticed that mr danon injured was imprisoned between the team height of the left rear rim and the hastial de la labor,DUP_0016,1,False,5
industrial_safety_000297,industrial_safety_analytics_database,incident,2016-12-30T00:00:00,Country_01,Local_04,Mining,,,"At 13:40 hours, Mr. Hidalgo, wanting to climb on the starter board to remove the fans, stands on an unstable reel and, when driving, fell frontally at a height of 2.98m.",,,,,['Others'],[],[],[],[],[],IV,V,,,,Male,Third Party,at 1340 hours mr hidalgo wanting to climb on the starter board to remove the fans stands on an unstable reel and when driving fell frontally at a height of 298m,DUP_0025,1,False,5
industrial_safety_000166,industrial_safety_analytics_database,incident,2016-06-17T00:00:00,Country_02,Local_08,Metals,,,"At approximately 5:45 pm, the operator Paulo (operator of the filters) informed the autoclave operator via radio of a leak on the side of the scruber. The autoclave III feed was stopped by the control and officials Georli and Renato initiated the procedures for closing the autoclave transfer valve for flash TQs. Soon after, there was a break in the chicken, projecting pulp hot and reaching three employees who were inside the room near the equipment.",,,,,['Not applicable'],[],[],[],[],[],IV,V,,,,Male,Employee,at approximately 545 pm the operator paulo operator of the filters informed the autoclave operator via radio of a leak on the side of the scruber the autoclave iii feed was stopped by the control and officials georli and renato initiated the procedures for closing the autoclave transfer valve for flash tqs soon after there was a break in the chicken projecting pulp hot and reaching three employees who were inside the room near the equipment,DUP_0037,1,False,5
industrial_safety_000364,industrial_safety_analytics_database,incident,2017-03-09T00:00:00,Country_01,Local_03,Mining,,,"At Level 3970 (Before -100) When the F6M 801 license plate went from level 3570 to surface, when the pilot trying to locate his radio to answer a call from the concrete plant is distracted and crashes his vehicle against the left gable and the vehicle turns to the right side. When this happens, the copilot hits his right hand against a fragment of broken glass in the window on the right side of the vehicle.",,,,,['Vehicles and Mobile Equipment'],[],[],[],[],[],I,V,,,,Male,Third Party,at level 3970 before 100 when the f6m 801 license plate went from level 3570 to surface when the pilot trying to locate his radio to answer a call from the concrete plant is distracted and crashes his vehicle against the left gable and the vehicle turns to the right side when this happens the copilot hits his right hand against a fragment of broken glass in the window on the right side of the vehicle,DUP_0051,1,False,5
industrial_safety_000180,industrial_safety_analytics_database,incident,2016-07-07T00:00:00,Country_01,Local_03,Mining,,,"At moments when the MAPERU truck of plate F1T 878, returned from the city of Pasco to the Unit transporting a consultant, being 350 meters from the main gate his lane is invaded by a civilian vehicle, making the driver turn sharply to the side right where was staff of the company IMPROMEC doing hot melt work in an 8 ""pipe impacting two collaborators causing the injuries described At the time of the accident the truck was traveling at 37km / h - according to INTHINC -, the width of the road is of 6 meters, the activity had safety cones as a warning on both sides of the road and employees used their respective EPP'S.",,,,,['Others'],[],[],[],[],[],IV,V,,,,Male,Third Party,at moments when the maperu truck of plate f1t 878 returned from the city of pasco to the unit transporting a consultant being 350 meters from the main gate his lane is invaded by a civilian vehicle making the driver turn sharply to the side right where was staff of the company impromec doing hot melt work in an 8 pipe impacting two collaborators causing the injuries described at the time of the accident the truck was traveling at 37km  h  according to inthinc  the width of the road is of 6 meters the activity had safety cones as a warning on both sides of the road and employees used their respective epps,DUP_0054,2,True,5
industrial_safety_000147,industrial_safety_analytics_database,incident,2016-06-04T00:00:00,Country_01,Local_04,Mining,,,"Being 01:50 p.m. approximately, in the Nv. 1800, in the Tecnomin winery. Mr. Chagua - Bodeguero was alone, cutting wires No. 16 with a grinder, previously he had removed the protection guard from the disk of 4 inches in diameter and adapted a disk of a crosscutter of approximately 8 inches. Originating traumatic amputation of two fingers of the left hand",,,,,['Others'],[],[],[],[],[],V,V,,,,Male,Third Party,being 0150 pm approximately in the nv 1800 in the tecnomin winery mr chagua  bodeguero was alone cutting wires no 16 with a grinder previously he had removed the protection guard from the disk of 4 inches in diameter and adapted a disk of a crosscutter of approximately 8 inches originating traumatic amputation of two fingers of the left hand,DUP_0076,1,False,5
industrial_safety_000372,industrial_safety_analytics_database,incident,2017-03-22T00:00:00,Country_01,Local_06,Metals,,,"Being approximately 20:57 hours of 03/22/2017; during the change of cables between the Z-332 power cell (locked cabinet) and the Z014 transformer; there is a loud noise followed by an oscillation of the electrical system. At that moment the collaborator Queneche of the company EISSA is found on the floor with his head inside an adjoining cell Z-132 (cabinet Not blocked - where he was not assigned to do any work), after having received an electric shock .",,,,,['Power lock'],[],[],[],[],[],V,V,,,,Male,Third Party (Remote),being approximately 2057 hours of 03222017 during the change of cables between the z332 power cell locked cabinet and the z014 transformer there is a loud noise followed by an oscillation of the electrical system at that moment the collaborator queneche of the company eissa is found on the floor with his head inside an adjoining cell z132 cabinet not blocked  where he was not assigned to do any work after having received an electric shock,DUP_0095,1,False,5
industrial_safety_000371,industrial_safety_analytics_database,incident,2017-03-18T00:00:00,Country_01,Local_03,Mining,,,"During the activity of changing conveyor belt 11B feeding the primary mill No. 2; the mechanic entered the discharge chute (0.75 x 0.75 x 0.80 m.) to clean the material, at which time the automatic sampler (0.30 x 0.25 m) that was inside the chute was activated, trapping the mechanic at the height of the chest. At the time of the accident the mechanic was alone in the work area.",,,,,['Power lock'],[],[],[],[],[],V,V,,,,Male,Third Party (Remote),during the activity of changing conveyor belt 11b feeding the primary mill no 2 the mechanic entered the discharge chute 075 x 075 x 080 m to clean the material at which time the automatic sampler 030 x 025 m that was inside the chute was activated trapping the mechanic at the height of the chest at the time of the accident the mechanic was alone in the work area,DUP_0117,1,False,5
industrial_safety_000086,industrial_safety_analytics_database,incident,2016-04-03T00:00:00,Country_01,Local_01,Mining,,,"During the plant stop scheduled for maintenance, almost at the end of the change of the ""T"" fitting of the HDP pipe with a diameter of 14 "", the Resident enters the work zone from the bottom to supervise the work, in that At the moment four workers - anchored with harness - that were in the upper part manipulating the accessory ""T"" to tie the flanges of the HDP pipe and PVC of 14 ""diameter, suddenly the PVC pipe comes out of its support (pipe with fine material of tailings (Weight 700kg.)) and falls from a height of 2 meters to the floor, bounces and imprisons the resident engineer. Only the injured worker was in the lower part or line of fire.",,,,,['Others'],[],[],[],[],[],III,V,,,,Male,Third Party,during the plant stop scheduled for maintenance almost at the end of the change of the t fitting of the hdp pipe with a diameter of 14  the resident enters the work zone from the bottom to supervise the work in that at the moment four workers  anchored with harness  that were in the upper part manipulating the accessory t to tie the flanges of the hdp pipe and pvc of 14 diameter suddenly the pvc pipe comes out of its support pipe with fine material of tailings weight 700kg and falls from a height of 2 meters to the floor bounces and imprisons the resident engineer only the injured worker was in the lower part or line of fire,DUP_0145,1,False,5
industrial_safety_000176,industrial_safety_analytics_database,incident,2016-07-02T00:00:00,Country_01,Local_03,Mining,,,"In access 2 of level 3910, during the installation activity of hydraulic filling pipes of 4 ""diameter, when installing a section 80 m to a height of 5.6 m with reference to the floor, the master of hydraulic filling - accident - and his partner suffers an attrition of the right hand between the upper edge of the scoop lamp and the roof of the work generating the injury. At the time of the accident the employee used his rubber gloves.",,,,,['Others'],[],[],[],[],[],V,V,,,,Male,Third Party,in access 2 of level 3910 during the installation activity of hydraulic filling pipes of 4 diameter when installing a section 80 m to a height of 56 m with reference to the floor the master of hydraulic filling  accident  and his partner suffers an attrition of the right hand between the upper edge of the scoop lamp and the roof of the work generating the injury at the time of the accident the employee used his rubber gloves,DUP_0193,1,False,5
industrial_safety_000395,industrial_safety_analytics_database,incident,2017-04-24T00:00:00,Country_01,Local_03,Mining,,,"In circumstances that Mr. Efraín OSORIO FELIX - Mina 2nd. He entered the interior of Pocket 2 at level 2865 (Before -1205). It activated the compressed air gun that is installed in the lower part of the structure with a nozzle that communicates the air lung with the internal part of the pocket, projecting a violent flow of air that blows the left leg of the worker and generates a stun by the noise produced.",,,,,['Others'],[],[],[],[],[],I,V,,,,Male,Employee,in circumstances that mr efraín osorio felix  mina 2nd he entered the interior of pocket 2 at level 2865 before 1205 it activated the compressed air gun that is installed in the lower part of the structure with a nozzle that communicates the air lung with the internal part of the pocket projecting a violent flow of air that blows the left leg of the worker and generates a stun by the noise produced,DUP_0200,1,False,5
industrial_safety_000088,industrial_safety_analytics_database,incident,2016-04-01T00:00:00,Country_01,Local_01,Mining,,,"In circumstances that two workers of the Abratech company were doing putty work inside the conditioning tank (5 meters deep and covered by platforms) of metal gratings - grating- in the upper part), two other employees of the HyT company carried out maneuvers transfer of a pump with the help of a manual tick - which worked hooked to a beam H, dragging the pump on the metal gratings (grating), suddenly the pump is hooked with a metal grate (grating) and when trying to release it, the metal grid (grating - 13.0 Kg. (60 cm x 92 cm)) falls inside the tank, hits a diagonal channel inside the tank and then impacts the right arm of one of the workers and rubs the helmet of the second worker that he was crouching. The area where the bomb was being moved was marked with tape and did not have a lookout.",,,,,['Others'],[],[],[],[],[],I,V,,,,Male,Third Party (Remote),in circumstances that two workers of the abratech company were doing putty work inside the conditioning tank 5 meters deep and covered by platforms of metal gratings  grating in the upper part two other employees of the hyt company carried out maneuvers transfer of a pump with the help of a manual tick  which worked hooked to a beam h dragging the pump on the metal gratings grating suddenly the pump is hooked with a metal grate grating and when trying to release it the metal grid grating  130 kg 60 cm x 92 cm falls inside the tank hits a diagonal channel inside the tank and then impacts the right arm of one of the workers and rubs the helmet of the second worker that he was crouching the area where the bomb was being moved was marked with tape and did not have a lookout,DUP_0212,2,True,5
industrial_safety_000064,industrial_safety_analytics_database,incident,2016-03-11T00:00:00,Country_01,Local_03,Mining,,,"In circumstances that two workers of the company INCIMMET fectuaban the loading of explosives using an equipment anfoloader, in a front of the work - sustained with shotcreterepentinamente of the right superior part of the crown, a piece of rock of approx. 9. kg, (0.2mx0.15mx0.10m), impacting on the basket and on the back of the helper who was in the basket suspended at 2.2 m height, moments later a block of rock is detached from the wall of the gable approx. 1,500 kg. (1.20mx1.10mx0.40m), which impacts the ampoloader team and part of this block injures the operator of the ampoloader team who was standing on the ground. The equipment anfoloader has a cabin with protection ROPs and FOPs, at the time of the accident both workers used helmets and safety boots. Both suffered polyontusions and minor scoria injuries.",,,,,['Others'],[],[],[],[],[],I,V,,,,Male,Third Party,in circumstances that two workers of the company incimmet fectuaban the loading of explosives using an equipment anfoloader in a front of the work  sustained with shotcreterepentinamente of the right superior part of the crown a piece of rock of approx 9 kg 02mx015mx010m impacting on the basket and on the back of the helper who was in the basket suspended at 22 m height moments later a block of rock is detached from the wall of the gable approx 1500 kg 120mx110mx040m which impacts the ampoloader team and part of this block injures the operator of the ampoloader team who was standing on the ground the equipment anfoloader has a cabin with protection rops and fops at the time of the accident both workers used helmets and safety boots both suffered polyontusions and minor scoria injuries,DUP_0213,1,False,5
industrial_safety_000063,industrial_safety_analytics_database,incident,2016-03-11T00:00:00,Country_01,Local_03,Mining,,,"In circumstances that two workers of the company INCIMMET made the loading of explosives using an equipment anfoloader, in a front of the work - sustained with shotcreterepentinamente of the right superior part of the crown, a piece of rock of approx. 9. kg, (0.2mx0.15mx0.10m), impacting on the basket and on the back of the helper who was in the basket suspended at 2.2 m height, moments later a block of rock is detached from the wall of the gable approx. 1,500 kg. (1.20mx1.10mx0.40m), which impacts the ampoloader team and part of this block injures the operator of the ampoloader team who was standing on the ground. The equipment anfoloader has a cabin with protection ROPs and FOPs, at the time of the accident both workers used helmets and safety boots. Both suffered polyontusions and minor scoria injuries.",,,,,['Others'],[],[],[],[],[],III,V,,,,Male,Third Party,in circumstances that two workers of the company incimmet made the loading of explosives using an equipment anfoloader in a front of the work  sustained with shotcreterepentinamente of the right superior part of the crown a piece of rock of approx 9 kg 02mx015mx010m impacting on the basket and on the back of the helper who was in the basket suspended at 22 m height moments later a block of rock is detached from the wall of the gable approx 1500 kg 120mx110mx040m which impacts the ampoloader team and part of this block injures the operator of the ampoloader team who was standing on the ground the equipment anfoloader has a cabin with protection rops and fops at the time of the accident both workers used helmets and safety boots both suffered polyontusions and minor scoria injuries,DUP_0214,1,False,5
industrial_safety_000331,industrial_safety_analytics_database,incident,2017-02-07T00:00:00,Country_01,Local_03,Mining,,,"In Level 2900 - OP 5 the worker performed the chuteo ore from the hopper to the second car, perceived a slip of water and mud through the hopper, decided to leave the platform and when he was already down the second rung of the ladder of access, the water increases and a fragment of rock slides and hits the back of the worker causing it to fall and hit the right forearm and left knee.",,,,,['remains of choco'],[],[],[],[],[],II,V,,,,Male,Employee,in level 2900  op 5 the worker performed the chuteo ore from the hopper to the second car perceived a slip of water and mud through the hopper decided to leave the platform and when he was already down the second rung of the ladder of access the water increases and a fragment of rock slides and hits the back of the worker causing it to fall and hit the right forearm and left knee,DUP_0220,1,False,5
industrial_safety_000013,industrial_safety_analytics_database,incident,2016-02-02T00:00:00,Country_01,Local_01,Mining,,,"In moments that the operator of the Jumbo 2, tried energize your equipment to proceed to the installation of 4 split set at intersection 544 of Nv 3300, remove the lock and opening the electric board of 440V and 400A, and when lifting the thermomagnetic key This makes phase to ground - phase contact with the panel shell - producing a flash which reaches the operator causing the injury described.",,,,,['Electrical installation'],[],[],[],[],[],IV,V,,,,Male,Third Party,in moments that the operator of the jumbo 2 tried energize your equipment to proceed to the installation of 4 split set at intersection 544 of nv 3300 remove the lock and opening the electric board of 440v and 400a and when lifting the thermomagnetic key this makes phase to ground  phase contact with the panel shell  producing a flash which reaches the operator causing the injury described,DUP_0224,1,False,5
industrial_safety_000342,industrial_safety_analytics_database,incident,2017-02-14T00:00:00,Country_01,Local_03,Mining,,,"In the Nv. 3370, CX 212 - South, when the Mechanic loosens a through bolt of the intermediate cardan protector of the Dumper 01, the protector is released and imprisons the first finger of the left hand against the connector of the hydraulic steering cylinder (Position 2) .",,,,,['Pressed'],[],[],[],[],[],IV,V,,,,Male,Third Party,in the nv 3370 cx 212  south when the mechanic loosens a through bolt of the intermediate cardan protector of the dumper 01 the protector is released and imprisons the first finger of the left hand against the connector of the hydraulic steering cylinder position 2,DUP_0243,1,False,5
industrial_safety_000361,industrial_safety_analytics_database,incident,2017-03-04T00:00:00,Country_02,Local_02,Mining,,,"The employee, who was hitchhiking, on the CEP 403 truck, equipment, he crossed the central canterio of the track to catch the key of the wheel loader with another operator who was stopped in the opposite direction. Upon returning to the truck, it was hit in the arm left by the loader tire that was traveling along the road and passed the CEP-403 on the right.",,,,,['Vehicles and Mobile Equipment'],[],[],[],[],[],I,V,,,,Male,Employee,the employee who was hitchhiking on the cep 403 truck equipment he crossed the central canterio of the track to catch the key of the wheel loader with another operator who was stopped in the opposite direction upon returning to the truck it was hit in the arm left by the loader tire that was traveling along the road and passed the cep403 on the right,DUP_0325,1,False,5
industrial_safety_000401,industrial_safety_analytics_database,incident,2017-05-06T00:00:00,Country_02,Local_07,Mining,,,"The employees Márcio and Sérgio performed the pump pipe clearing activity FZ1.031.4 and during the removal of the suction spool flange bolts, there was projection of pulp over them causing injuries.",,,,,['Projection'],[],[],[],[],[],IV,V,,,,Male,Employee,the employees márcio and sérgio performed the pump pipe clearing activity fz10314 and during the removal of the suction spool flange bolts there was projection of pulp over them causing injuries,DUP_0327,2,True,5
industrial_safety_000337,industrial_safety_analytics_database,incident,2017-02-09T00:00:00,Country_01,Local_03,Mining,,,"the Spillway circumstances where the worker was cleaning, with the use of an absorbent cloth, oil residues from the right edge of the Atlas AXS-186 compressor, with the bonnet open and in functioning; the rag falls inside the ompressor and in the attempt to remove it, it is hooked on the fan's propeller, pulling the worker's left hand toward the propeller causing the injury.",,,,,['Power lock'],[],[],[],[],[],IV,V,,,,Male,Third Party (Remote),the spillway circumstances where the worker was cleaning with the use of an absorbent cloth oil residues from the right edge of the atlas axs186 compressor with the bonnet open and in functioning the rag falls inside the ompressor and in the attempt to remove it it is hooked on the fans propeller pulling the workers left hand toward the propeller causing the injury,DUP_0351,1,False,5
industrial_safety_000140,industrial_safety_analytics_database,incident,2016-05-27T00:00:00,Country_02,Local_02,Mining,,,"When checking voltage at the power outlet of the the plug and socket to make sure the connection was correct, when there was a small electrical arc in the power cord, causing a slight burn in the right hand wrist. The protection system acted immediately.",,,,,['Others'],[],[],[],[],[],I,V,,,,Male,Employee,when checking voltage at the power outlet of the the plug and socket to make sure the connection was correct when there was a small electrical arc in the power cord causing a slight burn in the right hand wrist the protection system acted immediately,DUP_0370,1,False,5
industrial_safety_000262,industrial_safety_analytics_database,incident,2016-11-04T00:00:00,Country_01,Local_03,Mining,,,"When observing the pulp overflow of the overflow reception drawer of the thickener, the filter operator approaches to verify the operation of the C7-26 pump, making sure that it was stopped. So press the keypad to start the pump and not getting the start, proceeds to remove the guard and manipulates the motor - pump transmission strips, being left hand imprisoned between the pulley of motor and transmission belt",,,,,['Others'],[],[],[],[],[],IV,V,,,,Male,Employee,when observing the pulp overflow of the overflow reception drawer of the thickener the filter operator approaches to verify the operation of the c726 pump making sure that it was stopped so press the keypad to start the pump and not getting the start proceeds to remove the guard and manipulates the motor  pump transmission strips being left hand imprisoned between the pulley of motor and transmission belt,DUP_0384,1,False,5
industrial_safety_000108,industrial_safety_analytics_database,incident,2016-04-21T00:00:00,Country_02,Local_02,Mining,,,"When performing cleaning with LHD in block F 9970 at level 420, the operator was surprised by a rock block displacement of the side of the gallery, reaching his right leg causing him superficial injury",,,,,['Others'],[],[],[],[],[],I,V,,,,Male,Employee,when performing cleaning with lhd in block f 9970 at level 420 the operator was surprised by a rock block displacement of the side of the gallery reaching his right leg causing him superficial injury,DUP_0387,1,False,5
industrial_safety_000403,industrial_safety_analytics_database,incident,2017-05-10T00:00:00,Country_01,Local_04,Mining,,,"When performing shotcrete casting for resane on Cruise 791 Nv. 1940 at 02:50 p.m. approximately, the operator was placed on the left side of the equipment and started the release of 02 cubic meters, at that time decided to paralyze the task for a few minutes due to a leak of water in the roof box that did not allow the adhesion of the shotcrete to the rock (setting). When restarting the shotcrete launch the operator that was on the left side moved to the right side of the equipment, while the assistant and the operator mixkret to see that there was no pumping went to verify what happened and when they returned they realized that the operator was not, so they assume that he had fallen down the chimney, they left the job to ask for help immediately. The emergency response brigade and the medical service are activated, who verify the death of the collaborator. The accident investigation begins.",,,,,['Fall'],[],[],[],[],[],V,V,,,,Male,Third Party,when performing shotcrete casting for resane on cruise 791 nv 1940 at 0250 pm approximately the operator was placed on the left side of the equipment and started the release of 02 cubic meters at that time decided to paralyze the task for a few minutes due to a leak of water in the roof box that did not allow the adhesion of the shotcrete to the rock setting when restarting the shotcrete launch the operator that was on the left side moved to the right side of the equipment while the assistant and the operator mixkret to see that there was no pumping went to verify what happened and when they returned they realized that the operator was not so they assume that he had fallen down the chimney they left the job to ask for help immediately the emergency response brigade and the medical service are activated who verify the death of the collaborator the accident investigation begins,DUP_0389,1,False,5
industrial_safety_000037,industrial_safety_analytics_database,incident,2016-02-24T00:00:00,Country_02,Local_07,Mining,,,When starting the activity of removing a coil of electric cables in the warehouse with the help of forklift truck the operator did not notice that there was a beehive in it. Due to the movement of the coil the bees were excited. Realizing the fact the operator turned off the equipment and left the area. People passing by were stung.,,,,,['Others'],[],[],[],[],[],I,V,,,,Male,Employee,when starting the activity of removing a coil of electric cables in the warehouse with the help of forklift truck the operator did not notice that there was a beehive in it due to the movement of the coil the bees were excited realizing the fact the operator turned off the equipment and left the area people passing by were stung,DUP_0396,2,True,5
industrial_safety_000373,industrial_safety_analytics_database,incident,2017-03-25T00:00:00,Country_01,Local_03,Mining,,,"When the Mixer 01 of the E.C.M INCIMMET S.A, moved by the positive south ramp, with direction to surface (Unicon concrete plant), at the height of the 3630 (Before 440), the operator observes that untimely lights and the engine go off, the control controls do not respond and the equipment starts to reverse. At 3 meters the operator jumps out of the cabin and at 20 meters the team hits the right gable and turns to its side left. In the area, in the circumstances of the event there was no presence of personnel or equipment that could have been affected.",,,,,['Vehicles and Mobile Equipment'],[],[],[],[],[],II,V,,,,Male,Third Party,when the mixer 01 of the ecm incimmet sa moved by the positive south ramp with direction to surface unicon concrete plant at the height of the 3630 before 440 the operator observes that untimely lights and the engine go off the control controls do not respond and the equipment starts to reverse at 3 meters the operator jumps out of the cabin and at 20 meters the team hits the right gable and turns to its side left in the area in the circumstances of the event there was no presence of personnel or equipment that could have been affected,DUP_0399,1,False,5
industrial_safety_000365,industrial_safety_analytics_database,incident,2017-03-08T00:00:00,Country_01,Local_01,Mining,,,"When the scoop was heading from Rpa 910 to the cut-off point of the Cro 861 South to be unloaded, it visualizes a truck that was parked with the lights and the engine ignited inside the thrust - where the Scoop found accumulating dismount-; the operator stops the Scoop and gets off to tell the driver of the truck to leave and when he finds no one he decides to go and look for the driver at the top of Cro 861 South, where he can not find it; Then he returns to his Scoop and at 15 to 20 meters visualizes the light of a lamp shining in the direction of the gable, when approaching, he finds the deceased lying on the side of the Scoop and proceeds to give immediate notice to the supervisory of the shift, control center and emergency center.",,,,,['Vehicles and Mobile Equipment'],[],[],[],[],[],V,V,,,,Male,Third Party,when the scoop was heading from rpa 910 to the cutoff point of the cro 861 south to be unloaded it visualizes a truck that was parked with the lights and the engine ignited inside the thrust  where the scoop found accumulating dismount the operator stops the scoop and gets off to tell the driver of the truck to leave and when he finds no one he decides to go and look for the driver at the top of cro 861 south where he can not find it then he returns to his scoop and at 15 to 20 meters visualizes the light of a lamp shining in the direction of the gable when approaching he finds the deceased lying on the side of the scoop and proceeds to give immediate notice to the supervisory of the shift control center and emergency center,DUP_0401,1,False,5
industrial_safety_000130,industrial_safety_analytics_database,incident,2016-05-14T00:00:00,Country_01,Local_01,Mining,,,"After completing the welding work on the backhoe bucket made for 4 hours, during which he used glass moon # 10, the welder feels a slight discomfort in the eyes, so he is transferred to the medical service for evaluation . During the accident the welder used facial mask for welding.",,,,,['Others'],[],[],[],[],[],I,IV,,,,Male,Third Party,after completing the welding work on the backhoe bucket made for 4 hours during which he used glass moon  10 the welder feels a slight discomfort in the eyes so he is transferred to the medical service for evaluation  during the accident the welder used facial mask for welding,DUP_0004,1,False,4
industrial_safety_000041,industrial_safety_analytics_database,incident,2016-02-26T00:00:00,Country_01,Local_06,Metals,,,"Approx. at 11:22 am there is a leakage of sulfur dioxide (SO2) from section 20/30 due to water seal blowing due to overpressure of the acid plant, at that moment there were 13 collaborators of CORMEI companies, EISSA and COSAPI doing work near the impacted area; who were evacuated to the medical center for their care, then returned to their usual work.",,,,,['Pressurized Systems / Chemical Substances'],[],[],[],[],[],I,IV,,,,Male,Third Party (Remote),approx at 1122 am there is a leakage of sulfur dioxide so2 from section 2030 due to water seal blowing due to overpressure of the acid plant at that moment there were 13 collaborators of cormei companies eissa and cosapi doing work near the impacted area who were evacuated to the medical center for their care then returned to their usual work,DUP_0015,1,False,4
industrial_safety_000265,industrial_safety_analytics_database,incident,2016-11-11T00:00:00,Country_01,Local_06,Metals,,,"Approximately at 02:10 a.m. Mr. Wilmer approaches the C150 drying tower for the placement of a blanket, to cover the entrance manhole of the tower; at that moment the manhole cover resting on the railing slides, impacting on his right leg.",,,,,['Others'],[],[],[],[],[],IV,IV,,,,Male,Employee,approximately at 0210 am mr wilmer approaches the c150 drying tower for the placement of a blanket to cover the entrance manhole of the tower at that moment the manhole cover resting on the railing slides impacting on his right leg,DUP_0017,1,False,4
industrial_safety_000004,industrial_safety_analytics_database,incident,2016-01-10T00:00:00,Country_01,Local_04,Mining,,,"Approximately at 11:45 a.m. in circumstances that the mechanics Anthony (group leader), Eduardo and Eric Fernández-injured-the three of the Company IMPROMEC, performed the removal of the pulley of the motor of the pump 3015 in the ZAF of Marcy. 27 cm / Length: 33 cm / Weight: 70 kg), as it was locked proceed to heating the pulley to loosen it, it comes out and falls from a distance of 1.06 meters high and hits the instep of the right foot of the worker, causing the injury described.",,,,,['Others'],[],[],[],[],[],IV,IV,,,,Male,Third Party,approximately at 1145 am in circumstances that the mechanics anthony group leader eduardo and eric fernándezinjuredthe three of the company impromec performed the removal of the pulley of the motor of the pump 3015 in the zaf of marcy 27 cm  length 33 cm  weight 70 kg as it was locked proceed to heating the pulley to loosen it it comes out and falls from a distance of 106 meters high and hits the instep of the right foot of the worker causing the injury described,DUP_0018,1,False,4
industrial_safety_000073,industrial_safety_analytics_database,incident,2016-03-18T00:00:00,Country_01,Local_04,Mining,,,"Approximately at 11:50 a.m. in circumstances that the Messrs. of the truck crane) and William de la Cruz culminated the shipment of 03 blocks of metal plates with an approximate weight of 1800 Kg. Mr. William de the Cross (rigger) climbs onto the truck to remove the sling, places both feet under the stretcher that supported the metal plates. At that moment the central part of the stretcher is broken, as a result of which the two feet are imprisoned producing the injury.",,,,,['Others'],[],[],[],[],[],IV,IV,,,,Male,Third Party,approximately at 1150 am in circumstances that the messrs of the truck crane and william de la cruz culminated the shipment of 03 blocks of metal plates with an approximate weight of 1800 kg mr william de the cross rigger climbs onto the truck to remove the sling places both feet under the stretcher that supported the metal plates at that moment the central part of the stretcher is broken as a result of which the two feet are imprisoned producing the injury,DUP_0019,1,False,4
industrial_safety_000177,industrial_safety_analytics_database,incident,2016-07-04T00:00:00,Country_01,Local_06,Metals,,,"At 11:00 a.m., Mr. Frank with the support of another mechanic, was preparing to place on the floor a metal part called the rear bridge of the forklift. At that moment the part moving part moves generating a blow to the middle finger of the left hand",,,,,['Pressed'],[],[],[],[],[],III,IV,,,,Male,Third Party,at 1100 am mr frank with the support of another mechanic was preparing to place on the floor a metal part called the rear bridge of the forklift at that moment the part moving part moves generating a blow to the middle finger of the left hand,DUP_0023,1,False,4
industrial_safety_000314,industrial_safety_analytics_database,incident,2017-01-20T00:00:00,Country_01,Local_06,Metals,,,"At 15:05 hours, Mr. Cesar Tello-MOINSAC, was carrying out the work of assembling the water line, for that he climbs up the cat ladder and at an approximate height of 2.5 meters he vanishes and falls, hitting himself on the way, being transferred to the medical center for his attention.",,,,,['Fall prevention'],[],[],[],[],[],IV,IV,,,,Male,Third Party (Remote),at 1505 hours mr cesar tellomoinsac was carrying out the work of assembling the water line for that he climbs up the cat ladder and at an approximate height of 25 meters he vanishes and falls hitting himself on the way being transferred to the medical center for his attention,DUP_0029,1,False,4
industrial_safety_000061,industrial_safety_analytics_database,incident,2016-03-06T00:00:00,Country_01,Local_03,Mining,,,"At a time when a worker and another partner were preparing to move an oil cylinder (55 gallons) on a mobile platform mounted on rails (platform weighing approximately 200 kg) it is derailed (leaves the rail). In order to place the platform on the rail, both workers lift the platform and in those instants the right hand of one of them is trapped between the rail and the platform structure where it was held (metallic tube protruding from the platform). This accident caused a bruised wound on the index finger of the right hand, there was no fracture. At the time of the accident they both wore leather-type safety gloves.",,,,,['Others'],[],[],[],[],[],III,IV,,,,Male,Third Party (Remote),at a time when a worker and another partner were preparing to move an oil cylinder 55 gallons on a mobile platform mounted on rails platform weighing approximately 200 kg it is derailed leaves the rail in order to place the platform on the rail both workers lift the platform and in those instants the right hand of one of them is trapped between the rail and the platform structure where it was held metallic tube protruding from the platform this accident caused a bruised wound on the index finger of the right hand there was no fracture at the time of the accident they both wore leathertype safety gloves,DUP_0033,1,False,4
industrial_safety_000259,industrial_safety_analytics_database,incident,2016-10-27T00:00:00,Country_01,Local_03,Mining,,,"At a time when the heavy equipment operator got on the equipment to check the right front headlight (defective) of the scooptram # 181, position on the rim position # 2 his left leg which slides, causing the heavy equipment operator to fall from a height of 0.60 cm",,,,,['Others'],[],[],[],[],[],I,IV,,,,Male,Employee,at a time when the heavy equipment operator got on the equipment to check the right front headlight defective of the scooptram  181 position on the rim position  2 his left leg which slides causing the heavy equipment operator to fall from a height of 060 cm,DUP_0034,1,False,4
industrial_safety_000154,industrial_safety_analytics_database,incident,2016-06-08T00:00:00,Country_01,Local_06,Metals,,,At approximately 6:20 p.m. on 08/06/16 the operator Eustaquio falls down from the metal platform that gives access to tank D-1021 of the strong acid leaching stage and suffers luxo-fractures in the wrist left when leaning on the floor with his hand. The operator was directed to the first tank of the strong acid leaching stage (Tk D-2040) to verify the entry of spent to the taque.,,,,,['Fall prevention (same level)'],[],[],[],[],[],IV,IV,,,,Male,Employee,at approximately 620 pm on 080616 the operator eustaquio falls down from the metal platform that gives access to tank d1021 of the strong acid leaching stage and suffers luxofractures in the wrist left when leaning on the floor with his hand the operator was directed to the first tank of the strong acid leaching stage tk d2040 to verify the entry of spent to the taque,DUP_0038,1,False,4
industrial_safety_000415,industrial_safety_analytics_database,incident,2017-06-09T00:00:00,Country_01,Local_03,Mining,,,"At Level 2930 in the guide wire chamber, during the preparation activity of mix for the shocrete the worker performs the emptying of a bag of cement towards a bucket to complete the dosage, at that moment the dust generated by the cement enters by the lower part of the lenses to the left eye causing irritation.",,,,,['Projection'],[],[],[],[],[],I,IV,,,,Male,Third Party,at level 2930 in the guide wire chamber during the preparation activity of mix for the shocrete the worker performs the emptying of a bag of cement towards a bucket to complete the dosage at that moment the dust generated by the cement enters by the lower part of the lenses to the left eye causing irritation,DUP_0042,1,False,4
industrial_safety_000194,industrial_safety_analytics_database,incident,2016-07-29T00:00:00,Country_01,Local_03,Mining,,,"At level 3390 access 2 area 2; the operator of the Scissor team No. 200 was preparing to present the second mesh to continue with the support of the work; When the operator pulls the support mesh to share its length equally on both sides of the equipment, it is at this moment that from the roof of the work a rock weighs approximately 400 Kg, which falls on the support mesh and slides towards the right side spoiler, as a result of this the mesh pushes the operator who is kneeling on the floor of the platform, which generates the lesion described. The rock falling does not directly impact the operator who was in a squatting position. The operator moves away from the area walking by his own means and is supported by the assistant.",,,,,['Others'],[],[],[],[],[],I,IV,,,,Male,Employee,at level 3390 access 2 area 2 the operator of the scissor team no 200 was preparing to present the second mesh to continue with the support of the work when the operator pulls the support mesh to share its length equally on both sides of the equipment it is at this moment that from the roof of the work a rock weighs approximately 400 kg which falls on the support mesh and slides towards the right side spoiler as a result of this the mesh pushes the operator who is kneeling on the floor of the platform which generates the lesion described the rock falling does not directly impact the operator who was in a squatting position the operator moves away from the area walking by his own means and is supported by the assistant,DUP_0045,1,False,4
industrial_safety_000188,industrial_safety_analytics_database,incident,2016-07-16T00:00:00,Country_01,Local_03,Mining,,,"At level 3490 gallery 239, during the holding activity with the Bolter equipment No. 24, the operator performs the drilling of the first hole to support the right gable; When the 7-foot-deep drill was about to end, the drill rod breaks, leaving the threads inside the drilling machine's shank; the operator and his assistant decide to make two empty percussion attempts to free the threads of the shank without success; in the third attempt the assistant enters a 3/8 ""corrugated iron to the central hole of the rest of the bar embedded in the shank to generate pressure, it is at this moment the operator activates the percussion and generates a movement of the shank which hits the palm of the victim's left hand generating a described injury. The worker was wearing safety gloves at the time of the accident. The end of the corrugated iron in contact with the left hand is shaped like a cane. The worker at the time of the accident was positioned under a roof supported with mesh and split set.",,,,,['Others'],[],[],[],[],[],I,IV,,,,Male,Third Party,at level 3490 gallery 239 during the holding activity with the bolter equipment no 24 the operator performs the drilling of the first hole to support the right gable when the 7footdeep drill was about to end the drill rod breaks leaving the threads inside the drilling machines shank the operator and his assistant decide to make two empty percussion attempts to free the threads of the shank without success in the third attempt the assistant enters a 38 corrugated iron to the central hole of the rest of the bar embedded in the shank to generate pressure it is at this moment the operator activates the percussion and generates a movement of the shank which hits the palm of the victims left hand generating a described injury the worker was wearing safety gloves at the time of the accident the end of the corrugated iron in contact with the left hand is shaped like a cane the worker at the time of the accident was positioned under a roof supported with mesh and split set,DUP_0048,1,False,4
industrial_safety_000381,industrial_safety_analytics_database,incident,2017-04-07T00:00:00,Country_01,Local_03,Mining,,,"At level 3790 (formerly level -280), the hydraulic filling personnel performed the installation of 4 ""diameter HDPE pipe through the ventilation chimney with the help of a 4-yard scooptram that held and pushed the end of the pipe. pipe (100 meters in length). At that moment the pipe gets stuck on the edge of the chimney causing the pipe to form an arc at the height where the injured worker was, who signals with the light of his lamp to the operator of the scooptram to stop and when trying to retire from the line of fire, the worker loses balance by light contact with the pipe causing fall at the same level.",,,,,['Fall prevention'],[],[],[],[],[],I,IV,,,,Male,Third Party,at level 3790 formerly level 280 the hydraulic filling personnel performed the installation of 4 diameter hdpe pipe through the ventilation chimney with the help of a 4yard scooptram that held and pushed the end of the pipe pipe 100 meters in length at that moment the pipe gets stuck on the edge of the chimney causing the pipe to form an arc at the height where the injured worker was who signals with the light of his lamp to the operator of the scooptram to stop and when trying to retire from the line of fire the worker loses balance by light contact with the pipe causing fall at the same level,DUP_0050,1,False,4
industrial_safety_000016,industrial_safety_analytics_database,incident,2016-02-06T00:00:00,Country_01,Local_04,Mining,,,"At Rp 050 of level 1620, in circumstances where the workers of the company were performing the task of diamond drilling, the assistants Jhonatan (injured) and Nilton were preparing to increase the HQ perforation pipe located on the scaffolding, Mr. Jhonatan lifts one end of the tube and supports it on the pulley of the equipment frame, the other end being on the working scaffolding, at the moment that Mr. Nilton lifts the end of the HQ pipe that is in the scaffolding to position in the frame, the upper part of the pipe comes out of the pulley falling and striking the right hand of the worker jhonatan against bolts that has the lateral part of the same frame causing the injury described.",,,,,['Others'],[],[],[],[],[],III,IV,,,,Male,Third Party,at rp 050 of level 1620 in circumstances where the workers of the company were performing the task of diamond drilling the assistants jhonatan injured and nilton were preparing to increase the hq perforation pipe located on the scaffolding mr jhonatan lifts one end of the tube and supports it on the pulley of the equipment frame the other end being on the working scaffolding at the moment that mr nilton lifts the end of the hq pipe that is in the scaffolding to position in the frame the upper part of the pipe comes out of the pulley falling and striking the right hand of the worker jhonatan against bolts that has the lateral part of the same frame causing the injury described,DUP_0055,1,False,4
industrial_safety_000347,industrial_safety_analytics_database,incident,2017-02-17T00:00:00,Country_01,Local_01,Mining,,,"At the conclusion of the unloading of ore with the AMP-819 plate tipper, in the pit 01, the driver notices that a stretch of support mesh is stuck in the hopper hatch; then the driver gets off his equipment (with the hopper lifted) to remove with his hands this mesh, when generating force, fine particles of rock fall and one of them is impregnated in the eye of the injured. At the time of the incident, the injured person used his measuring glasses and did not have any surcharges.",,,,,['Projection'],[],[],[],[],[],I,IV,,,,Male,Third Party,at the conclusion of the unloading of ore with the amp819 plate tipper in the pit 01 the driver notices that a stretch of support mesh is stuck in the hopper hatch then the driver gets off his equipment with the hopper lifted to remove with his hands this mesh when generating force fine particles of rock fall and one of them is impregnated in the eye of the injured at the time of the incident the injured person used his measuring glasses and did not have any surcharges,DUP_0056,1,False,4
industrial_safety_000132,industrial_safety_analytics_database,incident,2016-05-19T00:00:00,Country_01,Local_03,Mining,,,"At the El Porvenir sub-station at level 4240, when assembling a metal structure (approximately 120 kg) with the support of a lifting system, three operators try to accommodate the structure to anchor it on its base, at this moment the Metallic structure slides in the direction of the injured worker's right hand, producing a slight right hand accretion between the head of the bolt and the base of the structure causing the injury. At the time of the accident the operators made use of their safety gloves.",,,,,['Others'],[],[],[],[],[],I,IV,,,,Male,Third Party (Remote),at the el porvenir substation at level 4240 when assembling a metal structure approximately 120 kg with the support of a lifting system three operators try to accommodate the structure to anchor it on its base at this moment the metallic structure slides in the direction of the injured workers right hand producing a slight right hand accretion between the head of the bolt and the base of the structure causing the injury at the time of the accident the operators made use of their safety gloves,DUP_0057,1,False,4
industrial_safety_000293,industrial_safety_analytics_database,incident,2016-12-22T00:00:00,Country_01,Local_01,Mining,,,"At the end of the unleashing of saturated material on the talus crest of bank 4318, the rugged taut rope to leave the work area, tension at which moment loose material from the top of the slope crumbles (height of 6m and stool of 3m) projecting a fragment (6cmx2cmx1cm; 26gr) which rubs the right cheek causing the injury. At the time of the event the area was isolated and the collaborator had all the epps corresponding to the activity.",,,,,['Others'],[],[],[],[],[],I,IV,,,,Male,Third Party,at the end of the unleashing of saturated material on the talus crest of bank 4318 the rugged taut rope to leave the work area tension at which moment loose material from the top of the slope crumbles height of 6m and stool of 3m projecting a fragment 6cmx2cmx1cm 26gr which rubs the right cheek causing the injury at the time of the event the area was isolated and the collaborator had all the epps corresponding to the activity,DUP_0062,1,False,4
industrial_safety_000245,industrial_safety_analytics_database,incident,2016-10-03T00:00:00,Country_01,Local_03,Mining,,,"At the intersection of level 3970 - main road and access to the south ramp, the collaborator, after having freed the tube 2 inches in diameter from the gable, descended holding the pipe on the fourth step of a telescopic aluminum ladder (approximately at 1.20 meters from the floor) at which point another clamping point in the gable is lifted by lifting the tube which pulls the worker causing him to lose balance and fall from a height of 1.20 meters. The described injury occurring.",,,,,['Others'],[],[],[],[],[],I,IV,,,,Male,Third Party,at the intersection of level 3970  main road and access to the south ramp the collaborator after having freed the tube 2 inches in diameter from the gable descended holding the pipe on the fourth step of a telescopic aluminum ladder approximately at 120 meters from the floor at which point another clamping point in the gable is lifted by lifting the tube which pulls the worker causing him to lose balance and fall from a height of 120 meters the described injury occurring,DUP_0064,1,False,4
industrial_safety_000278,industrial_safety_analytics_database,incident,2016-12-08T00:00:00,Country_01,Local_01,Mining,,,"At times when four mechanics performed the removal of a (1TM) engine on a positive slope using a key and a tyrfor, at the time that the 1st welder tightened the key (12 Kg of weight) when pulling the chain the eyebolt that held the Click on the roof of the work is broken transversely causing the fall of the key hitting the helmet of the welder mechanic causing cervical contracture. The tirfor was used during the activity as a second protection to prevent the engine from falling.",,,,,['Suspended Loads'],[],[],[],[],[],I,IV,,,,Male,Employee,at times when four mechanics performed the removal of a 1tm engine on a positive slope using a key and a tyrfor at the time that the 1st welder tightened the key 12 kg of weight when pulling the chain the eyebolt that held the click on the roof of the work is broken transversely causing the fall of the key hitting the helmet of the welder mechanic causing cervical contracture the tirfor was used during the activity as a second protection to prevent the engine from falling,DUP_0070,1,False,4
industrial_safety_000211,industrial_safety_analytics_database,incident,2016-08-25T00:00:00,Country_01,Local_03,Mining,,,"At times when the collaborator was performing the evacuation of inchancables from the mine, present in Strip ° 1, of Phase he notices a piece of support mesh positioned between the frame and the return belt; After several attempts to remove this mesh, with the belt in movement and using a metal rake as support, the mesh yields moving in the direction of rotation of the return belt, hitting the collaborator's hand against the metal structure, causing contusion in the left hand. At the time of the accident the employee used his leather gloves.",,,,,['Others'],[],[],[],[],[],I,IV,,,,Male,Employee,at times when the collaborator was performing the evacuation of inchancables from the mine present in strip  1 of phase he notices a piece of support mesh positioned between the frame and the return belt after several attempts to remove this mesh with the belt in movement and using a metal rake as support the mesh yields moving in the direction of rotation of the return belt hitting the collaborators hand against the metal structure causing contusion in the left hand at the time of the accident the employee used his leather gloves,DUP_0071,1,False,4
industrial_safety_000193,industrial_safety_analytics_database,incident,2016-07-27T00:00:00,Country_01,Local_03,Mining,,,"At times when the mill operator proceeded to remove the vitaulic flange connecting the suction pipe to the pump housing 8B; with the intention of de-sanding the system, when removing the flange, the mineral pulp comes out under pressure and impacts on the face and wrist of his left hand generating the lesion described. At the time of the accident, both the secondary mill No. 4 and the pumps 8A and 8B were blocked for maintenance work and the mill operator used his safety glasses.",,,,,['Others'],[],[],[],[],[],II,IV,,,,Male,Employee,at times when the mill operator proceeded to remove the vitaulic flange connecting the suction pipe to the pump housing 8b with the intention of desanding the system when removing the flange the mineral pulp comes out under pressure and impacts on the face and wrist of his left hand generating the lesion described at the time of the accident both the secondary mill no 4 and the pumps 8a and 8b were blocked for maintenance work and the mill operator used his safety glasses,DUP_0072,1,False,4
industrial_safety_000121,industrial_safety_analytics_database,incident,2016-05-03T00:00:00,Country_01,Local_04,Mining,,,"Being 04:20 p.m. approximately, in the Nv. 1880, CX-781. Mr. Kevin helper of Jumbo 55, removed the drill rod that was in the drilling hole, instants that breaks the chain of subjection of the table of the drilling machine, sliding down achieving rubbing the index finger of the left hand, causing the injury.",,,,,['Others'],[],[],[],[],[],II,IV,,,,Male,Third Party,being 0420 pm approximately in the nv 1880 cx781 mr kevin helper of jumbo 55 removed the drill rod that was in the drilling hole instants that breaks the chain of subjection of the table of the drilling machine sliding down achieving rubbing the index finger of the left hand causing the injury,DUP_0077,1,False,4
industrial_safety_000408,industrial_safety_analytics_database,incident,2017-05-18T00:00:00,Country_01,Local_06,Metals,,,"Being 10:20 hours on 05/18/2017; At the end of the concentrate truck cleaning, the driver is instructed to close the gate; At that moment, Mr. Carlos who was in the back of the vehicle, reported having an injury to his left hand. He is transferred to the medical center for his attention and later evacuation to the clinic.",,,,,['Pressed'],[],[],[],[],[],IV,IV,,,,Male,Third Party,being 1020 hours on 05182017 at the end of the concentrate truck cleaning the driver is instructed to close the gate at that moment mr carlos who was in the back of the vehicle reported having an injury to his left hand he is transferred to the medical center for his attention and later evacuation to the clinic,DUP_0079,1,False,4
industrial_safety_000182,industrial_safety_analytics_database,incident,2016-07-08T00:00:00,Country_01,Local_06,Metals,,,"Being 10:25 h approx. hours the operator Fernando during the opening of wagons, finds a hardened stake and uses a bar of approx. 1.5m to remove it. At that moment he presses the bar and hits his hand.",,,,,['Manual Tools'],[],[],[],[],[],III,IV,,,,Male,Third Party,being 1025 h approx hours the operator fernando during the opening of wagons finds a hardened stake and uses a bar of approx 15m to remove it at that moment he presses the bar and hits his hand,DUP_0080,1,False,4
industrial_safety_000332,industrial_safety_analytics_database,incident,2017-02-08T00:00:00,Country_01,Local_03,Mining,,,"Being 12:20 hours Approximately, in circumstances that the Administrative SSOMAC, was arranged to move the guillotine of the right side towards the center of the table to make cuts of enmicadas pages, when trying to raise the guillotine the middle finger of the right hand It rubs against the edge of the guillotine blade, causing the cut in the yolk of the third finger of the right hand.",,,,,['Cut'],[],[],[],[],[],II,IV,,,,Male,Third Party,being 1220 hours approximately in circumstances that the administrative ssomac was arranged to move the guillotine of the right side towards the center of the table to make cuts of enmicadas pages when trying to raise the guillotine the middle finger of the right hand it rubs against the edge of the guillotine blade causing the cut in the yolk of the third finger of the right hand,DUP_0084,1,False,4
industrial_safety_000318,industrial_safety_analytics_database,incident,2017-01-23T00:00:00,Country_01,Local_04,Mining,,,"Being 4:15 a.m. on the 179th block of Nv 1880 Ob 2, at the moment that Messrs. and Roger (injured), cleaned the 14th drill of the radial mesh that was in an inclined shape in the right gable, moment that detaches fragments of rock of 5x5x2 cm. impacting the shoulder.",,,,,['remains of choco'],[],[],[],[],[],I,IV,,,,Male,Third Party,being 415 am on the 179th block of nv 1880 ob 2 at the moment that messrs and roger injured cleaned the 14th drill of the radial mesh that was in an inclined shape in the right gable moment that detaches fragments of rock of 5x5x2 cm impacting the shoulder,DUP_0087,1,False,4
industrial_safety_000424,industrial_safety_analytics_database,incident,2017-06-18T00:00:00,Country_01,Local_04,Mining,,,"Being 9:40 a.m. The driver of the AEQ-819 plate dump truck (35 Ton) was heading to the loading area Nv.1850, OB5, Tj 007, Bp.105, parking and proceeding with the ore loading with the scoop (11 ydrs) , at that moment, lift the first scoop towards the hopper and a large bank falls, causing the tipper to shake violently and the operator to be hit with the gear lever, communicate with the supervisor and evacuated to the medical center .",,,,,['remains of choco'],[],[],[],[],[],IV,IV,,,,Male,Third Party,being 940 am the driver of the aeq819 plate dump truck 35 ton was heading to the loading area nv1850 ob5 tj 007 bp105 parking and proceeding with the ore loading with the scoop 11 ydrs  at that moment lift the first scoop towards the hopper and a large bank falls causing the tipper to shake violently and the operator to be hit with the gear lever communicate with the supervisor and evacuated to the medical center,DUP_0090,1,False,4
industrial_safety_000249,industrial_safety_analytics_database,incident,2016-10-10T00:00:00,Country_01,Local_04,Mining,,,"Being approx. 23:45 hrs. Mr. Eliseo secondary crushing operator, when retiring to his snack, finds the gate of the chute of strip 6 open, and when approaching to close the gate, in that At that moment, the operator Mr. Samuel who was on the upper platform, coordinates with the operator of the control room the start of strip 6-1, at that moment the start-up product projects a particle (10x6x5cm) impacting on the flange of the gate and projecting to towards the height of the lenses and respirator of Mr. Eliseo.",,,,,['Others'],[],[],[],[],[],III,IV,,,,Male,Employee,being approx 2345 hrs mr eliseo secondary crushing operator when retiring to his snack finds the gate of the chute of strip 6 open and when approaching to close the gate in that at that moment the operator mr samuel who was on the upper platform coordinates with the operator of the control room the start of strip 61 at that moment the startup product projects a particle 10x6x5cm impacting on the flange of the gate and projecting to towards the height of the lenses and respirator of mr eliseo,DUP_0092,1,False,4
industrial_safety_000081,industrial_safety_analytics_database,incident,2016-03-30T00:00:00,Country_01,Local_04,Mining,,,"Being approximately 5:45 pm. On the level. 1710 Cx 018 BP 745, in circumstances that the workers of the company Rock performed the anchorage of the central pin for the anchoring of the drilling machine Diamantina XRD -30 (bob Cat) the assistant Cristian (injured) made the adjustment of the nut of the central bolt with the stilson key No. 18 Simultaneously Jose from the control panel made the movement of the rotation unit for the positioning of the clamp pin, at that moment the frame is slid by pressing the thumb of the assistant's left hand against the stilson key, causing the described injury, due to the lack of securing the frame fixing bolts.",,,,,['Others'],[],[],[],[],[],II,IV,,,,Male,Third Party,being approximately 545 pm on the level 1710 cx 018 bp 745 in circumstances that the workers of the company rock performed the anchorage of the central pin for the anchoring of the drilling machine diamantina xrd 30 bob cat the assistant cristian injured made the adjustment of the nut of the central bolt with the stilson key no 18 simultaneously jose from the control panel made the movement of the rotation unit for the positioning of the clamp pin at that moment the frame is slid by pressing the thumb of the assistants left hand against the stilson key causing the described injury due to the lack of securing the frame fixing bolts,DUP_0097,1,False,4
industrial_safety_000298,industrial_safety_analytics_database,incident,2016-12-31T00:00:00,Country_01,Local_04,Mining,,,"Being approximately 8:10 p.m. Alpha operator Mr. Ronald was heading to mine when he decides to stop the equipment to accommodate the lights (left side), manipulating the support of the lighthouse, catching his fifth finger of the right hand with the protection grid and support.",,,,,['Others'],[],[],[],[],[],III,IV,,,,Male,Third Party,being approximately 810 pm alpha operator mr ronald was heading to mine when he decides to stop the equipment to accommodate the lights left side manipulating the support of the lighthouse catching his fifth finger of the right hand with the protection grid and support,DUP_0098,1,False,4
industrial_safety_000066,industrial_safety_analytics_database,incident,2016-03-12T00:00:00,Country_02,Local_07,Mining,,,"By manually moving a steel cabinet for disposal with the help of another employee, the operator had his finger pressed down between the wall and the cabinet causing injury.",,,,,['Others'],[],[],[],[],[],III,IV,,,,Male,Employee,by manually moving a steel cabinet for disposal with the help of another employee the operator had his finger pressed down between the wall and the cabinet causing injury,DUP_0103,1,False,4
industrial_safety_000183,industrial_safety_analytics_database,incident,2016-07-09T00:00:00,Country_03,Local_10,Others,,,"During execution of drilling on the target - Bolt BRJCLDD0006, made by the company SERVITECFORACO - probe 25, at 09:45 on July 9, 2016, the official Josimar da Silva, in the moment of the maneuver to fish material, when removing the feeder of water, during movement of the winch realized that the safety chain was loose and could curl in the rod. In performing the chain removal movement, he placed his left hand between the hose and the cap of the hydraulic plate. With the unlocking of the inner tube there was an abrupt movement of the chain, pushing his hand towards the hydraulic plate, causing an injury to the ring finger of this hand. The lesion caused a cut in the 4th Quirodactyl, with a need for suture of 3 points to close the cut.",,,,,['Others'],[],[],[],[],[],III,IV,,,,Male,Third Party,during execution of drilling on the target  bolt brjcldd0006 made by the company servitecforaco  probe 25 at 0945 on july 9 2016 the official josimar da silva in the moment of the maneuver to fish material when removing the feeder of water during movement of the winch realized that the safety chain was loose and could curl in the rod in performing the chain removal movement he placed his left hand between the hose and the cap of the hydraulic plate with the unlocking of the inner tube there was an abrupt movement of the chain pushing his hand towards the hydraulic plate causing an injury to the ring finger of this hand the lesion caused a cut in the 4th quirodactyl with a need for suture of 3 points to close the cut,DUP_0109,1,False,4
industrial_safety_000137,industrial_safety_analytics_database,incident,2016-05-24T00:00:00,Country_03,Local_10,Others,,,"During field trip, to return to work after lunch, the employee of the Wellfield company slipped on the loose stones that were in the place. At that moment, with the intention of balancing, he tried hold onto a tree, falling under the right arm causing fracture at the distal end of the radius. The activity was paralyzed and the employee was referred to the Hospital in Paracatu where he underwent medical care.",,,,,['Fall'],[],[],[],[],[],IV,IV,,,,Male,Third Party,during field trip to return to work after lunch the employee of the wellfield company slipped on the loose stones that were in the place at that moment with the intention of balancing he tried hold onto a tree falling under the right arm causing fracture at the distal end of the radius the activity was paralyzed and the employee was referred to the hospital in paracatu where he underwent medical care,DUP_0110,1,False,4
industrial_safety_000040,industrial_safety_analytics_database,incident,2016-02-29T00:00:00,Country_02,Local_02,Mining,,,"During maintenance of the Flyght pump rotor, the oil pressure of the the lubrication chamber caused the chamber cover to be projected towards the employee's face, striking him superficially on the forehead, causing injury.",,,,,['Others'],[],[],[],[],[],II,IV,,,,Male,Employee,during maintenance of the flyght pump rotor the oil pressure of the the lubrication chamber caused the chamber cover to be projected towards the employees face striking him superficially on the forehead causing injury,DUP_0111,1,False,4
industrial_safety_000203,industrial_safety_analytics_database,incident,2016-08-12T00:00:00,Country_01,Local_03,Mining,,,"During ore transport works from OP2 to bines; after having filled the tenth mining car with ore, the assistant positioned on the platform of the hopper OP2 places a wooden board between the pistons of the chain to avoid the fall of fines into the track, at which time a fragment of rock (10cmx8cm x6 cm; 1.4 Kg) rolls by the load and hits the distal phalanx of the fourth finger of the left hand. The assistant at the time of the accident was wearing safety gloves (pad type). The hopper OP2 at the time of the accident was with zero energy.",,,,,['Others'],[],[],[],[],[],III,IV,,,,Male,Employee,during ore transport works from op2 to bines after having filled the tenth mining car with ore the assistant positioned on the platform of the hopper op2 places a wooden board between the pistons of the chain to avoid the fall of fines into the track at which time a fragment of rock 10cmx8cm x6 cm 14 kg rolls by the load and hits the distal phalanx of the fourth finger of the left hand the assistant at the time of the accident was wearing safety gloves pad type the hopper op2 at the time of the accident was with zero energy,DUP_0112,1,False,4
industrial_safety_000313,industrial_safety_analytics_database,incident,2017-01-17T00:00:00,Country_02,Local_08,Metals,,,"During routine slimming activity of the kiln 8 of the battery 1. The employee began to remove the waste inside the crucible with the aid of a skimmer, felt pain in the left shoulder.",,,,,['Others'],[],[],[],[],[],III,IV,,,,Male,Employee,during routine slimming activity of the kiln 8 of the battery 1 the employee began to remove the waste inside the crucible with the aid of a skimmer felt pain in the left shoulder,DUP_0113,1,False,4
industrial_safety_000001,industrial_safety_analytics_database,incident,2016-01-02T00:00:00,Country_02,Local_02,Mining,,,"During the activation of a sodium sulphide pump, the piping was uncoupled and the sulfide solution was designed in the area to reach the maid. Immediately she made use of the emergency shower and was directed to the ambulatory doctor and later to the hospital. Note: of sulphide solution = 48 grams / liter.",,,,,['Pressurized Systems'],[],[],[],[],[],I,IV,,,,Male,Employee,during the activation of a sodium sulphide pump the piping was uncoupled and the sulfide solution was designed in the area to reach the maid immediately she made use of the emergency shower and was directed to the ambulatory doctor and later to the hospital note of sulphide solution  48 grams  liter,DUP_0114,1,False,4
industrial_safety_000275,industrial_safety_analytics_database,incident,2016-12-01T00:00:00,Country_01,Local_03,Mining,,,"During the activity of chuteo of ore in hopper OP5; the operator of the locomotive parks his equipment under the hopper to fill the first car, it is at this moment that when it was blowing out to release the load, a mud flow suddenly appears with the presence of rock fragments; the personnel that was in the direction of the flow was covered with mud.",,,,,['Others'],[],[],[],[],[],I,IV,,,,Male,Employee,during the activity of chuteo of ore in hopper op5 the operator of the locomotive parks his equipment under the hopper to fill the first car it is at this moment that when it was blowing out to release the load a mud flow suddenly appears with the presence of rock fragments the personnel that was in the direction of the flow was covered with mud,DUP_0118,3,True,4
industrial_safety_000159,industrial_safety_analytics_database,incident,2016-06-16T00:00:00,Country_01,Local_03,Mining,,,"During the activity of construction of wall stopper with mortar blocks to improve ventilation in the intermediate zone; in moments that the bricklayer assistant was preparing to complete the construction of the 3.05m high wall, part of the wall - 12 blocks; 1.5 Kg per block - fall towards the scaffold, so the mason assistant jumps towards an accumulation of sand located on one side to avoid being hit by the blocks, during the fall the injury described occurs. At the time of the accident the mason assistant jumps from a height of 1.40 m from the floor of the work and used his personal safety equipment which reduced the impact of the fall.",,,,,['Others'],[],[],[],[],[],I,IV,,,,Male,Third Party,during the activity of construction of wall stopper with mortar blocks to improve ventilation in the intermediate zone in moments that the bricklayer assistant was preparing to complete the construction of the 305m high wall part of the wall  12 blocks 15 kg per block  fall towards the scaffold so the mason assistant jumps towards an accumulation of sand located on one side to avoid being hit by the blocks during the fall the injury described occurs at the time of the accident the mason assistant jumps from a height of 140 m from the floor of the work and used his personal safety equipment which reduced the impact of the fall,DUP_0119,1,False,4
industrial_safety_000310,industrial_safety_analytics_database,incident,2017-01-14T00:00:00,Country_01,Local_03,Mining,,,"During the activity of settling of concrete blocks for the ventilation plug wall in the CX-943 of level 3590, in circumstances that the worker made the setting of the union between concrete blocks, a polyethylene pipe of 2 ""diameter was picks up the spike and when it hits it hits the top of the worker's protector.",,,,,['Projection'],[],[],[],[],[],I,IV,,,,Male,Third Party,during the activity of settling of concrete blocks for the ventilation plug wall in the cx943 of level 3590 in circumstances that the worker made the setting of the union between concrete blocks a polyethylene pipe of 2 diameter was picks up the spike and when it hits it hits the top of the workers protector,DUP_0120,1,False,4
industrial_safety_000430,industrial_safety_analytics_database,incident,2017-06-19T00:00:00,Country_03,Local_10,Others,,,"During the execution of the task of assembling the box of testimony boxes, in the area of ​​Bonsucesso, around 10:40 am Orlando research driller - GEOSOL, trying to fit two parts of the trestles, a third piece fell on his hand, which was on the piece he held, causing a small trauma to his left thumb. The employee was referred to São Lucas hospital - Paracatu LTDA and attended and released without leaving work soon after.",,,,,['Others'],[],[],[],[],[],III,IV,,,,Male,Third Party,during the execution of the task of assembling the box of testimony boxes in the area of bonsucesso around 1040 am orlando research driller  geosol trying to fit two parts of the trestles a third piece fell on his hand which was on the piece he held causing a small trauma to his left thumb the employee was referred to são lucas hospital  paracatu ltda and attended and released without leaving work soon after,DUP_0132,1,False,4
industrial_safety_000098,industrial_safety_analytics_database,incident,2016-04-08T00:00:00,Country_01,Local_03,Mining,,,"During the maintenance of the locomotive N ° 16 in the workshop of level -1170, the assistant when pulling the locomotive chair backwards stumbles against the ventilation grille, falling on the platform of the locomotive and then to the floor of the workshop from a height 1.17m generating the injury. At the time of the accident the assistant used his safety helmet and chin strap.",,,,,['Others'],[],[],[],[],[],I,IV,,,,Male,Employee,during the maintenance of the locomotive n  16 in the workshop of level 1170 the assistant when pulling the locomotive chair backwards stumbles against the ventilation grille falling on the platform of the locomotive and then to the floor of the workshop from a height 117m generating the injury at the time of the accident the assistant used his safety helmet and chin strap,DUP_0136,1,False,4
industrial_safety_000340,industrial_safety_analytics_database,incident,2017-02-13T00:00:00,Country_02,Local_05,Metals,,,"During the maintenance of the peristaltic pump 02BP0166 to change the internal hose, the rupture tubing of the reserve pump 02BP0167 ruptured after it started to operate, designing solution heated towards the employee, reaching his left forearm causing irritation in the skin.",,,,,['Projection'],[],[],[],[],[],I,IV,,,,Male,Employee,during the maintenance of the peristaltic pump 02bp0166 to change the internal hose the rupture tubing of the reserve pump 02bp0167 ruptured after it started to operate designing solution heated towards the employee reaching his left forearm causing irritation in the skin,DUP_0137,1,False,4
industrial_safety_000341,industrial_safety_analytics_database,incident,2017-02-13T00:00:00,Country_02,Local_05,Metals,,,"During the maintenance of the peristaltic pump 02BP0166 to change the internal hose, the rupture tubing of the reserve pump 02BP0167 was disrupted, after it started to operate, designing solution heated towards the employee, reaching his left forearm, causing a burn .",,,,,['Burn'],[],[],[],[],[],III,IV,,,,Male,Employee,during the maintenance of the peristaltic pump 02bp0166 to change the internal hose the rupture tubing of the reserve pump 02bp0167 was disrupted after it started to operate designing solution heated towards the employee reaching his left forearm causing a burn,DUP_0138,1,False,4
industrial_safety_000220,industrial_safety_analytics_database,incident,2016-09-03T00:00:00,Country_01,Local_04,Mining,,,"During the maintenance work of the vertical pump (8 "") of zinc concentrate, the three mechanics were performing lifting maneuvers to be able to position the pump to the drawer, instants in which the pump becomes clogged by the reduced space of the work area and in order to release the pump they place a young lady in the lower part, at which time she is released and turns untimely, hitting the middle finger of the injured person's right hand against a 12 ""trellex hose.",,,,,['Others'],[],[],[],[],[],III,IV,,,,Male,Employee,during the maintenance work of the vertical pump 8  of zinc concentrate the three mechanics were performing lifting maneuvers to be able to position the pump to the drawer instants in which the pump becomes clogged by the reduced space of the work area and in order to release the pump they place a young lady in the lower part at which time she is released and turns untimely hitting the middle finger of the injured persons right hand against a 12 trellex hose,DUP_0140,1,False,4
industrial_safety_000350,industrial_safety_analytics_database,incident,2017-02-25T00:00:00,Country_01,Local_01,Mining,,,"During the mining cycle at the Chimney 410; before starting with the drilling work to anchor the lane of the alimak system, the collaborator squat to pick up a manual tool that is on the platform; it is at this moment that the jackleg team loses its position and projects towards the back of the collaborator generating the injury.",,,,,['Fall'],[],[],[],[],[],IV,IV,,,,Male,Third Party (Remote),during the mining cycle at the chimney 410 before starting with the drilling work to anchor the lane of the alimak system the collaborator squat to pick up a manual tool that is on the platform it is at this moment that the jackleg team loses its position and projects towards the back of the collaborator generating the injury,DUP_0143,1,False,4
industrial_safety_000370,industrial_safety_analytics_database,incident,2017-03-15T00:00:00,Country_02,Local_08,Metals,,,"During the preparation for the solubilization activity of the sample in the chapel, the maid when moving the vial of nitric acid, the same detached from the doser, causing projection in the region of the face and upper limbs.",,,,,['Chemical substances'],[],[],[],[],[],II,IV,,,,Female,Employee,during the preparation for the solubilization activity of the sample in the chapel the maid when moving the vial of nitric acid the same detached from the doser causing projection in the region of the face and upper limbs,DUP_0148,1,False,4
industrial_safety_000039,industrial_safety_analytics_database,incident,2016-02-24T00:00:00,Country_01,Local_01,Mining,,,"During the pre-use inspection of the Jumbo 15 (check list) equipment, the operator of the equipment finds behind the seat a plastic bottle filled with a liquid apparently mineral water, without any label or labeling. Take the bottle and take a small sip of the liquid, expelling it immediately when noticing that it was not water, immediately proceeds to wash with enough water and is transferred to the medical center for your attention. The liquid with which it had contact is an esengrasante product of equipment and machinery of low toxicity.",,,,,['Others'],[],[],[],[],[],I,IV,,,,Male,Employee,during the preuse inspection of the jumbo 15 check list equipment the operator of the equipment finds behind the seat a plastic bottle filled with a liquid apparently mineral water without any label or labeling take the bottle and take a small sip of the liquid expelling it immediately when noticing that it was not water immediately proceeds to wash with enough water and is transferred to the medical center for your attention the liquid with which it had contact is an esengrasante product of equipment and machinery of low toxicity,DUP_0149,1,False,4
industrial_safety_000079,industrial_safety_analytics_database,incident,2016-03-22T00:00:00,Country_01,Local_01,Mining,,,"During the refurbishment work of the HDPE pipes (4 ""of diameter) with two workers, when the worker who secured the pipe with a chain, standing on the basket of the ampoloader - raised to a height of 3.0 m from the ground -, the pipe slipped and impacted his arm right, causing an injury to the radius of the right arm.",,,,,['Others'],[],[],[],[],[],IV,IV,,,,Male,Third Party,during the refurbishment work of the hdpe pipes 4 of diameter with two workers when the worker who secured the pipe with a chain standing on the basket of the ampoloader  raised to a height of 30 m from the ground  the pipe slipped and impacted his arm right causing an injury to the radius of the right arm,DUP_0153,1,False,4
industrial_safety_000136,industrial_safety_analytics_database,incident,2016-05-22T00:00:00,Country_01,Local_03,Mining,,,"During the transit of the fuel tanker of level 3530 at level 2925 by the north ramp; When passing through level 3140 the operator feels that the right rear tire skids and when the operator performs a defensive maneuver the truck hits the left gable causing the injury described. At the time of the accident, the pilot and co-pilot were wearing a safety belt, their safety glasses and helmet.",,,,,['Others'],[],[],[],[],[],I,IV,,,,Male,Third Party,during the transit of the fuel tanker of level 3530 at level 2925 by the north ramp when passing through level 3140 the operator feels that the right rear tire skids and when the operator performs a defensive maneuver the truck hits the left gable causing the injury described at the time of the accident the pilot and copilot were wearing a safety belt their safety glasses and helmet,DUP_0156,1,False,4
industrial_safety_000201,industrial_safety_analytics_database,incident,2016-08-11T00:00:00,Country_02,Local_02,Mining,,,"During the withdrawal of the fixed jaw wedge from the crusher 41BR01, the hoisting device (hook) was broken causing the steel cable of the overhead crane to strike the left hand of the employee.",,,,,['Others'],[],[],[],[],[],IV,IV,,,,Male,Third Party (Remote),during the withdrawal of the fixed jaw wedge from the crusher 41br01 the hoisting device hook was broken causing the steel cable of the overhead crane to strike the left hand of the employee,DUP_0161,1,False,4
industrial_safety_000036,industrial_safety_analytics_database,incident,2016-02-22T00:00:00,Country_01,Local_01,Mining,,,"During the withdrawal the Kelly bar (conductive bar of 45 Kg, 1.5 m of length and 10 cm of diameter) of the equipment of perforation on the part of two workers, one of them is positioned in the low part to tie the bar and the injured one is position in the upper part to hold the bar, when positioning the bar on the platform they lose control of the bar moving 5 cm with the 2nd finger of the right hand against the pulleys of the frame. At the time of the accident, the worker was wearing safety gloves and the drill rig was blocked.",,,,,['Others'],[],[],[],[],[],I,IV,,,,Male,Third Party,during the withdrawal the kelly bar conductive bar of 45 kg 15 m of length and 10 cm of diameter of the equipment of perforation on the part of two workers one of them is positioned in the low part to tie the bar and the injured one is position in the upper part to hold the bar when positioning the bar on the platform they lose control of the bar moving 5 cm with the 2nd finger of the right hand against the pulleys of the frame at the time of the accident the worker was wearing safety gloves and the drill rig was blocked,DUP_0163,1,False,4
industrial_safety_000377,industrial_safety_analytics_database,incident,2017-04-05T00:00:00,Country_02,Local_05,Metals,,,Employee performed the task of hoisting big-bags containing waelz oxide and after performing several hoistings the employee suffered a low-voltage electric shock when contacting the hoist when attaching the handle of a big-bag on it.,,,,,['Suspended Loads'],[],[],[],[],[],I,IV,,,,Male,Employee,employee performed the task of hoisting bigbags containing waelz oxide and after performing several hoistings the employee suffered a lowvoltage electric shock when contacting the hoist when attaching the handle of a bigbag on it,DUP_0167,1,False,4
industrial_safety_000305,industrial_safety_analytics_database,incident,2017-01-08T00:00:00,Country_02,Local_05,Metals,,,"Employee performed withdrawal of electrical failure in the engine control drawer of the TQ 14 A, after the check and exchange of fuses, it closed the door of the drawer and energized the drawer, at this moment an arc was opened, reaching the face and part of the employee's forearm, causing minor burns.",,,,,['Projection/Burning'],[],[],[],[],[],II,IV,,,,Male,Employee,employee performed withdrawal of electrical failure in the engine control drawer of the tq 14 a after the check and exchange of fuses it closed the door of the drawer and energized the drawer at this moment an arc was opened reaching the face and part of the employees forearm causing minor burns,DUP_0168,1,False,4
industrial_safety_000375,industrial_safety_analytics_database,incident,2017-03-31T00:00:00,Country_02,Local_05,Metals,,,"Employee reports that he assisted the maintenance activity in Tower 09, in Electrolysis, when he stepped on the GRP grid (Polymer with Glass the floor moving, causing it to fall. The event took place in 3 stages: 1) Displacement and fall of the floor in the span when receiving the effort; 2) Employee fall to about 1.60m below the GRP floor, on the side of the gutter below the floor, supporting the structure; 3) Employee fall to the lower level, about 2.35m below the GRP floor.",,,,,['Fall prevention'],[],[],[],[],[],I,IV,,,,Male,Third Party,employee reports that he assisted the maintenance activity in tower 09 in electrolysis when he stepped on the grp grid polymer with glass the floor moving causing it to fall the event took place in 3 stages 1 displacement and fall of the floor in the span when receiving the effort 2 employee fall to about 160m below the grp floor on the side of the gutter below the floor supporting the structure 3 employee fall to the lower level about 235m below the grp floor,DUP_0170,1,False,4
industrial_safety_000230,industrial_safety_analytics_database,incident,2016-09-16T00:00:00,Country_02,Local_05,Metals,,,"Employee reports that he was monitoring the existence of a borehole of a tubing in the thermal recovery boiler of the Ustulation area, through the side window, when he was struck by projection of heated air that reached his face and right forearm.",,,,,['Pressurized Systems'],[],[],[],[],[],II,IV,,,,Male,Employee,employee reports that he was monitoring the existence of a borehole of a tubing in the thermal recovery boiler of the ustulation area through the side window when he was struck by projection of heated air that reached his face and right forearm,DUP_0173,1,False,4
industrial_safety_000106,industrial_safety_analytics_database,incident,2016-04-17T00:00:00,Country_02,Local_05,Metals,,,"Employee reports that when attempting to manually ingot of Zinco, on the rotary table of the L1 ingot, hit with the left hand against the angle in the structure of the ingot, by pressing the finger between the ingot and the angle.",,,,,['Cut'],[],[],[],[],[],I,IV,,,,Male,Employee,employee reports that when attempting to manually ingot of zinco on the rotary table of the l1 ingot hit with the left hand against the angle in the structure of the ingot by pressing the finger between the ingot and the angle,DUP_0176,1,False,4
industrial_safety_000296,industrial_safety_analytics_database,incident,2016-12-28T00:00:00,Country_02,Local_05,Metals,,,"Employee reports that when trying to remove one of the plates from the overflow system of the Ustulador oven, the 5th finger of the right hand was pressed between the tool (wrench with extension) and the overflow flange of the Ustulador oven, located behind the performer.",,,,,['Others'],[],[],[],[],[],I,IV,,,,Male,Employee,employee reports that when trying to remove one of the plates from the overflow system of the ustulador oven the 5th finger of the right hand was pressed between the tool wrench with extension and the overflow flange of the ustulador oven located behind the performer,DUP_0179,1,False,4
industrial_safety_000414,industrial_safety_analytics_database,incident,2017-06-04T00:00:00,Country_02,Local_05,Metals,,,Employee reports that when trying to unlock a cathodic sheet with the digger the same did not realize that the blade was pressed so that the cable projected and hit his face.,,,,,['Others'],[],[],[],[],[],I,IV,,,,Male,Employee,employee reports that when trying to unlock a cathodic sheet with the digger the same did not realize that the blade was pressed so that the cable projected and hit his face,DUP_0180,1,False,4
industrial_safety_000008,industrial_safety_analytics_database,incident,2016-01-19T00:00:00,Country_02,Local_02,Mining,,,"Employee was sitting in the resting area at level 326 (raise bore), when he suffered sudden illness, falling and suffering excoriation on the face.",,,,,['Others'],[],[],[],[],[],I,IV,,,,Male,Third Party (Remote),employee was sitting in the resting area at level 326 raise bore when he suffered sudden illness falling and suffering excoriation on the face,DUP_0188,1,False,4
industrial_safety_000288,industrial_safety_analytics_database,incident,2016-12-15T00:00:00,Country_01,Local_03,Mining,,,"happened?): During the maintenance of the Bolter equipment; the collaborator uses a carpenter's hammer to be able to remove a link in the chain of advance the drilling machine, in moments that hits on the side of the chain, the partner hits the structure of the beam diverting the path of the hammer causing it to strike his left hand.",,,,,['Others'],[],[],[],[],[],III,IV,,,,Male,Third Party,happened during the maintenance of the bolter equipment the collaborator uses a carpenters hammer to be able to remove a link in the chain of advance the drilling machine in moments that hits on the side of the chain the partner hits the structure of the beam diverting the path of the hammer causing it to strike his left hand,DUP_0192,1,False,4
industrial_safety_000426,industrial_safety_analytics_database,incident,2017-06-20T00:00:00,Country_01,Local_01,Mining,,,"In circumstance, the AHK-903 license plate (Empresa which serves the supervision of CMA, carried out the field inspections in the upper bank 4288, when unexpectedly when climbing through the operational access (positive ramp), It slides in an excavated area of ​​approximately 3 meters high, remaining in position with the front part on the floor. The occupants of the vehicle made use of the safety belt and all the complete epps.",,,,,['Others'],[],[],[],[],[],I,IV,,,,Male,Employee,in circumstance the ahk903 license plate empresa which serves the supervision of cma carried out the field inspections in the upper bank 4288 when unexpectedly when climbing through the operational access positive ramp it slides in an excavated area of approximately 3 meters high remaining in position with the front part on the floor the occupants of the vehicle made use of the safety belt and all the complete epps,DUP_0195,2,True,4
industrial_safety_000236,industrial_safety_analytics_database,incident,2016-09-22T00:00:00,Country_01,Local_01,Mining,,,In circumstances in which the operator of bolter N ° 8 went down the ladder to the height of the resting platform - at 0.80 m. floor level - slips off balance by hitting your back against the handrail of the operator's door. At the time of the event the injured person used all his EPP's.,,,,,['Others'],[],[],[],[],[],I,IV,,,,Male,Employee,in circumstances in which the operator of bolter n  8 went down the ladder to the height of the resting platform  at 080 m floor level  slips off balance by hitting your back against the handrail of the operators door at the time of the event the injured person used all his epps,DUP_0197,1,False,4
industrial_safety_000174,industrial_safety_analytics_database,incident,2016-06-24T00:00:00,Country_01,Local_01,Mining,,,"In circumstances in which the operator of the scooptram proceeded to sit on his equipment, when closing the door he takes his right hand off the handrail and places it close to the door hinge, which when closing traps part of the worker's middle finger . The worker at the time of the accident made use of leather safety gloves.",,,,,['Others'],[],[],[],[],[],I,IV,,,,Male,Third Party,in circumstances in which the operator of the scooptram proceeded to sit on his equipment when closing the door he takes his right hand off the handrail and places it close to the door hinge which when closing traps part of the workers middle finger  the worker at the time of the accident made use of leather safety gloves,DUP_0198,1,False,4
industrial_safety_000080,industrial_safety_analytics_database,incident,2016-03-25T00:00:00,Country_01,Local_01,Mining,,,"In circumstances that a dump truck laden with ore entered to unload backwards in a curve in the upper part of via La Laquia, the operator did not notice the unevenness in the road (approximately one meter) approaching the edge and overturning the truck on its right side. The operator traveled alone in the truck and made use of the safety belt, helmet and glasses at the time of the accident. During the unloading process, there were two squares that were 25 m from the accident site. The test of alcohotest to the operator was negative.",,,,,['Others'],[],[],[],[],[],I,IV,,,,Male,Third Party,in circumstances that a dump truck laden with ore entered to unload backwards in a curve in the upper part of via la laquia the operator did not notice the unevenness in the road approximately one meter approaching the edge and overturning the truck on its right side the operator traveled alone in the truck and made use of the safety belt helmet and glasses at the time of the accident during the unloading process there were two squares that were 25 m from the accident site the test of alcohotest to the operator was negative,DUP_0199,1,False,4
industrial_safety_000253,industrial_safety_analytics_database,incident,2016-10-18T00:00:00,Country_01,Local_03,Mining,,,"In circumstances that the assistant of mine was arranging to advance the hose of flexible nylon of 1 ""of diameter, to proceed with the watered of shot fired, positioning itself under a zone with the support deteriorated by the last blasting, moment in which it gives off a block of rock (25cmx10cmx5cm; 3.5 Kg) of the roof of the work of a height of 5.2 meters which when falling hits by rebound in the left leg of the collaborator causing the described injury.",,,,,['Others'],[],[],[],[],[],IV,IV,,,,Male,Third Party,in circumstances that the assistant of mine was arranging to advance the hose of flexible nylon of 1 of diameter to proceed with the watered of shot fired positioning itself under a zone with the support deteriorated by the last blasting moment in which it gives off a block of rock 25cmx10cmx5cm 35 kg of the roof of the work of a height of 52 meters which when falling hits by rebound in the left leg of the collaborator causing the described injury,DUP_0201,1,False,4
industrial_safety_000420,industrial_safety_analytics_database,incident,2017-06-11T00:00:00,Country_01,Local_01,Mining,,,"In circumstances that the driver of the plate truck W5K-915 of the E.E. IMPROMEC, went from the garit plant chicrin to Nv.3420, after entering an internal mine in the area of ​​Santa where 200 m. approx. from the old dining room, stops the vehicle and informs the co-pilot that he can no longer drive, for which he turns off the vehicle and when trying to get off the van loses his balance and falls on his own seat, complaining intense pain in the lumbar area, citing pain due to overexertion due to routine activity (evacuation of residual oil and solid waste cylinders) that they previously performed. The collaborator at the time of the event used their corresponding EPPS.",,,,,['Others'],[],[],[],[],[],I,IV,,,,Male,Third Party,in circumstances that the driver of the plate truck w5k915 of the ee impromec went from the garit plant chicrin to nv3420 after entering an internal mine in the area of santa where 200 m approx from the old dining room stops the vehicle and informs the copilot that he can no longer drive for which he turns off the vehicle and when trying to get off the van loses his balance and falls on his own seat complaining intense pain in the lumbar area citing pain due to overexertion due to routine activity evacuation of residual oil and solid waste cylinders that they previously performed the collaborator at the time of the event used their corresponding epps,DUP_0204,1,False,4
industrial_safety_000257,industrial_safety_analytics_database,incident,2016-10-24T00:00:00,Country_01,Local_01,Mining,,,"In circumstances that the mechanical technician and his work colleague arranged to accommodate the spare (Rollover) of the Small 02 on the platform of the cart on the floor, the two squat collaborators decide to push one on each side, at which time one edge of the Rollover imprisons the third finger of left hand against the handle of the cart on the right side, causing the wound on the third finger left hand. At the time of the accident both employees used their respective gloves.",,,,,['Others'],[],[],[],[],[],I,IV,,,,Male,Third Party,in circumstances that the mechanical technician and his work colleague arranged to accommodate the spare rollover of the small 02 on the platform of the cart on the floor the two squat collaborators decide to push one on each side at which time one edge of the rollover imprisons the third finger of left hand against the handle of the cart on the right side causing the wound on the third finger left hand at the time of the accident both employees used their respective gloves,DUP_0205,1,False,4
industrial_safety_000400,industrial_safety_analytics_database,incident,2017-05-06T00:00:00,Country_01,Local_01,Mining,,,"In Circumstances that the staff was performing the rhyming of caving HW, the 1.5 m HW pipe was suspended Approximately 5 cm from the floor, the assistant placed the stilson key No. 36 on the HW pipe to fit the pipe at a height of 10 cm from the base of the rod holder, which the operator operates the chuck to slide this back, causing the pipe to slide causing the tip of the fourth finger of the assistant's right hand to be caught between the stilson key and the base of the rod holder. At the time of the event the collaborator used all his Epps.",,,,,['Manual Tools'],[],[],[],[],[],III,IV,,,,Male,Third Party,in circumstances that the staff was performing the rhyming of caving hw the 15 m hw pipe was suspended approximately 5 cm from the floor the assistant placed the stilson key no 36 on the hw pipe to fit the pipe at a height of 10 cm from the base of the rod holder which the operator operates the chuck to slide this back causing the pipe to slide causing the tip of the fourth finger of the assistants right hand to be caught between the stilson key and the base of the rod holder at the time of the event the collaborator used all his epps,DUP_0208,1,False,4
industrial_safety_000412,industrial_safety_analytics_database,incident,2017-05-23T00:00:00,Country_01,Local_03,Mining,,,"In circumstances that the worker was walking along the straight line of level 2790, step on a rock of approximately 10 cm x 5 cm, bending the right ankle, which caused the injury described. After the event occurred, the worker decided not to report the accident because he did not feel pain, at 3:30 p.m. approximately, he begins to feel discomfort when walking and progressive mild pain in the ankle, in that moment he communicates the event.",,,,,['Others'],[],[],[],[],[],I,IV,,,,Male,Third Party,in circumstances that the worker was walking along the straight line of level 2790 step on a rock of approximately 10 cm x 5 cm bending the right ankle which caused the injury described after the event occurred the worker decided not to report the accident because he did not feel pain at 330 pm approximately he begins to feel discomfort when walking and progressive mild pain in the ankle in that moment he communicates the event,DUP_0211,1,False,4
industrial_safety_000204,industrial_safety_analytics_database,incident,2016-08-14T00:00:00,Country_01,Local_01,Mining,,,"In circumstances, the drilling assistants proceeded to assemble the inner tube to the barel; the injured person retracts the inner tube (head) to throw it manually towards the top of the catheter (inclination - 3 °) to continue with the perforation, in that moment the glove of the left hand is hooked in the speart point pushing his left hand until the edge of the box of the barel, originating the injury. At the time of the accident the injured employee used his rubber gloves and the work area was well lit.",,,,,['Others'],[],[],[],[],[],III,IV,,,,Male,Third Party,in circumstances the drilling assistants proceeded to assemble the inner tube to the barel the injured person retracts the inner tube head to throw it manually towards the top of the catheter inclination  3  to continue with the perforation in that moment the glove of the left hand is hooked in the speart point pushing his left hand until the edge of the box of the barel originating the injury at the time of the accident the injured employee used his rubber gloves and the work area was well lit,DUP_0215,1,False,4
industrial_safety_000129,industrial_safety_analytics_database,incident,2016-05-11T00:00:00,Country_01,Local_01,Mining,,,"In moments that the truck of transport of personnel of the company MCEISA plate AJG-751, moved from the Nv 3300 to surface, missing 50m to reach the mouth of the Nv 3900, the gearbox does not respond so the driver stops the truck to inspect it along with maintenance personnel who At that time I was traveling in the truck. They raise the cabin to manually put the change in first and continue the trip, culminated this task the driver with the support of the maintenance personnel lower the cabin which due to the weight falls hitting the driver between the cabin and the hopper of the truck. At the time of the accident the employee was wearing his safety helmet and chin strap.",,,,,['Others'],[],[],[],[],[],I,IV,,,,Male,Third Party,in moments that the truck of transport of personnel of the company mceisa plate ajg751 moved from the nv 3300 to surface missing 50m to reach the mouth of the nv 3900 the gearbox does not respond so the driver stops the truck to inspect it along with maintenance personnel who at that time i was traveling in the truck they raise the cabin to manually put the change in first and continue the trip culminated this task the driver with the support of the maintenance personnel lower the cabin which due to the weight falls hitting the driver between the cabin and the hopper of the truck at the time of the accident the employee was wearing his safety helmet and chin strap,DUP_0225,1,False,4
industrial_safety_000410,industrial_safety_analytics_database,incident,2017-05-23T00:00:00,Country_01,Local_04,Mining,,,"In moments when the 02 collaborators carried out the inspection of the conveyor belt No. 3 from the tail pulley when they were at the height of the load polymer No. 372, the Maslucan collaborator heard a noise where note that the belt was moving towards the tail pulley, 4 ""fragmentos mineral fragments are projected towards the access of the ramp impacting the 2 collaborators, being evacuated to the medical post.",,,,,['Projection of fragments'],[],[],[],[],[],I,IV,,,,Male,Third Party,in moments when the 02 collaborators carried out the inspection of the conveyor belt no 3 from the tail pulley when they were at the height of the load polymer no 372 the maslucan collaborator heard a noise where note that the belt was moving towards the tail pulley 4 fragmentos mineral fragments are projected towards the access of the ramp impacting the 2 collaborators being evacuated to the medical post,DUP_0227,2,True,4
industrial_safety_000252,industrial_safety_analytics_database,incident,2016-10-13T00:00:00,Country_01,Local_03,Mining,,,"In phase I, the operator carried out the removal of inchancanbles of the reciprocating feeder, while removing a split set with the support of a rope, the staff supports the left hand on the structure of the protection against falling, it is at this moment that another split set comes out together with the load and hits on the distal phalanx of the fifth finger of the left hand, generating the described injury.",,,,,['Others'],[],[],[],[],[],III,IV,,,,Male,Employee,in phase i the operator carried out the removal of inchancanbles of the reciprocating feeder while removing a split set with the support of a rope the staff supports the left hand on the structure of the protection against falling it is at this moment that another split set comes out together with the load and hits on the distal phalanx of the fifth finger of the left hand generating the described injury,DUP_0229,1,False,4
industrial_safety_000175,industrial_safety_analytics_database,incident,2016-06-29T00:00:00,Country_01,Local_01,Mining,,,"In plant while doing work on GEHO pump reducer N ° 1, when accompanying the rotation of the shaft of the reducer with a mixed key of 7/16 "", the wrench crown hits against the housing of the GEHO pump attributing the Union area of ​​the fifth and fourth fingers of the welder's right hand causing the injury. At the time of the accident the equipment was blocked and the employee used his leather gloves.",,,,,['Others'],[],[],[],[],[],I,IV,,,,Male,Employee,in plant while doing work on geho pump reducer n  1 when accompanying the rotation of the shaft of the reducer with a mixed key of 716  the wrench crown hits against the housing of the geho pump attributing the union area of the fifth and fourth fingers of the welders right hand causing the injury at the time of the accident the equipment was blocked and the employee used his leather gloves,DUP_0231,1,False,4
industrial_safety_000221,industrial_safety_analytics_database,incident,2016-09-04T00:00:00,Country_01,Local_06,Metals,,,"In section 75 in row 12 Cell 36, the worker performs anode lifting to correct short circuit, using the auxiliary hoist and nylon sling, at which time the sling is released from the anode and hits the back of the right hand causing it the injury. Worker is seen in the Medical and transferred to a clinic for external evaluation.",,,,,['Suspended Loads'],[],[],[],[],[],IV,IV,,,,Male,Employee,in section 75 in row 12 cell 36 the worker performs anode lifting to correct short circuit using the auxiliary hoist and nylon sling at which time the sling is released from the anode and hits the back of the right hand causing it the injury worker is seen in the medical and transferred to a clinic for external evaluation,DUP_0232,1,False,4
industrial_safety_000256,industrial_safety_analytics_database,incident,2016-10-23T00:00:00,Country_02,Local_02,Mining,,,"In the activity of loading of explosives in front of level 326 GTS, there was a fall of a Rock fragment reaching right arm of the Blaster causing a cut-blunt.",,,,,['Others'],[],[],[],[],[],II,IV,,,,Male,Employee,in the activity of loading of explosives in front of level 326 gts there was a fall of a rock fragment reaching right arm of the blaster causing a cutblunt,DUP_0233,1,False,4
industrial_safety_000261,industrial_safety_analytics_database,incident,2016-10-29T00:00:00,Country_02,Local_08,Metals,,,"In the activity of placing boards on racks for the exchange of fabrics of the filters, one of the plates was inclined, trying to put the plate in the correct position, the plate arm pressed the back of the right hand against the structure of the easel",,,,,['Pressed'],[],[],[],[],[],IV,IV,,,,Male,Employee,in the activity of placing boards on racks for the exchange of fabrics of the filters one of the plates was inclined trying to put the plate in the correct position the plate arm pressed the back of the right hand against the structure of the easel,DUP_0234,1,False,4
industrial_safety_000260,industrial_safety_analytics_database,incident,2016-10-29T00:00:00,Country_01,Local_03,Mining,,,"In the Alimak chimney of level 2440, the alimakero driller and his assistant are positioned in the main cage with guard heads and proceed to perform the rock untie at the top of the chimney, it is at this time that the teacher perceives a spark of rock in the top and communicates to the assistant so that this prevented, when falling the rock of 1.0x0.80x0.20 m on the guard heads is fragmented and one of the fragments fall on the chain and rebound rubs the operator's right hand generating the described injury.",,,,,['Others'],[],[],[],[],[],I,IV,,,,Male,Employee,in the alimak chimney of level 2440 the alimakero driller and his assistant are positioned in the main cage with guard heads and proceed to perform the rock untie at the top of the chimney it is at this time that the teacher perceives a spark of rock in the top and communicates to the assistant so that this prevented when falling the rock of 10x080x020 m on the guard heads is fragmented and one of the fragments fall on the chain and rebound rubs the operators right hand generating the described injury,DUP_0235,1,False,4
industrial_safety_000248,industrial_safety_analytics_database,incident,2016-10-10T00:00:00,Country_01,Local_03,Mining,,,"In the area of ​​equipment inspection, while the staff of the Atenuz EE, trying to remove the hydraulic hammer safety locks of the excavator, the mechanical lubricator holds with his right hand a hat-type chisel while the equipment mechanic hit the chisel with a 2-pound rubber bump to remove the safety, at which point one of the blows falls on the edge of the hat-type protector, causing it to slip and strike the fourth finger of the lubricant mechanic's right hand generating the described injury. At the time of the accident, the lubricator mechanic had put on the gloves type pad.",,,,,['Others'],[],[],[],[],[],I,IV,,,,Male,Third Party (Remote),in the area of equipment inspection while the staff of the atenuz ee trying to remove the hydraulic hammer safety locks of the excavator the mechanical lubricator holds with his right hand a hattype chisel while the equipment mechanic hit the chisel with a 2pound rubber bump to remove the safety at which point one of the blows falls on the edge of the hattype protector causing it to slip and strike the fourth finger of the lubricant mechanics right hand generating the described injury at the time of the accident the lubricator mechanic had put on the gloves type pad,DUP_0236,1,False,4
industrial_safety_000355,industrial_safety_analytics_database,incident,2017-02-27T00:00:00,Country_01,Local_03,Mining,,,"In the area of ​​Lloclla 50 meters from the sub-station Nro 4, under circumstances that the worker was preparing to pick up the rope from the floor, several fragments of rock slide down the slope of the hill, one of the 5 cm fragments of Diameter approximately impacts the face of the worker producing the aforementioned injury",,,,,['remains of choco'],[],[],[],[],[],II,IV,,,,Male,Third Party,in the area of lloclla 50 meters from the substation nro 4 under circumstances that the worker was preparing to pick up the rope from the floor several fragments of rock slide down the slope of the hill one of the 5 cm fragments of diameter approximately impacts the face of the worker producing the aforementioned injury,DUP_0237,1,False,4
industrial_safety_000405,industrial_safety_analytics_database,incident,2017-05-16T00:00:00,Country_01,Local_03,Mining,,,"In the area of ​​machine tools of the Maestranza the mechanic (injured) was operating the bench drill drilling a metal jacket of 25 ""x 26"" x 3/4 ""(lining) to install in the Skip; this moment he was accompanied by the mechanic Albino who manipulated the jacket and directed the maneuvers on the right side of the drill. Mr. Albino tells him to stop the drill to verify the depth of the drill, Luis lifts the Chuck and Albino pulls the iron and verifies that everything is fine and communicates that they will restart with the drilling of the other holes. that moment, the victim without apparent reason crosses his left arm with the drill on and is caught by the drill in his work clothes causing the injury described.",,,,,['Others'],[],[],[],[],[],IV,IV,,,,Male,Employee,in the area of machine tools of the maestranza the mechanic injured was operating the bench drill drilling a metal jacket of 25 x 26 x 34 lining to install in the skip this moment he was accompanied by the mechanic albino who manipulated the jacket and directed the maneuvers on the right side of the drill mr albino tells him to stop the drill to verify the depth of the drill luis lifts the chuck and albino pulls the iron and verifies that everything is fine and communicates that they will restart with the drilling of the other holes that moment the victim without apparent reason crosses his left arm with the drill on and is caught by the drill in his work clothes causing the injury described,DUP_0238,1,False,4
industrial_safety_000226,industrial_safety_analytics_database,incident,2016-09-12T00:00:00,Country_01,Local_11,Others,,,"In the city of Conchucos, of Ancash, participating in a patronal feast, representing the company, was mounted on a horse as part of the ceremony throwing fruits and toys to the people attending this public event, the noise of the materials pyrotechnics and people trying to collect the gifts caused the horse in front and very close to her horse to be frightened and kicked back hitting the lower limbs.",,,,,['Others'],[],[],[],[],[],III,IV,,,,Female,Employee,in the city of conchucos of ancash participating in a patronal feast representing the company was mounted on a horse as part of the ceremony throwing fruits and toys to the people attending this public event the noise of the materials pyrotechnics and people trying to collect the gifts caused the horse in front and very close to her horse to be frightened and kicked back hitting the lower limbs,DUP_0239,1,False,4
industrial_safety_000117,industrial_safety_analytics_database,incident,2016-04-30T00:00:00,Country_01,Local_03,Mining,,,"In the DDH chamber of the company Explomin, located at the level -100 Socorro ramp 334, when the worker - assistant driller-was dismantling the fifth drill rod (NQ - 3 meters of steel with a weight of 24 kg) , using a stilson key (No. 18), at that moment the operator operates the rotation unit, the drill rod rotates by pressing the left hand of the worker against the base of the rod holder, causing an injury to the left hand. At the time of the accident, the drilling assistant used rubber gloves",,,,,['Others'],[],[],[],[],[],IV,IV,,,,Male,Third Party,in the ddh chamber of the company explomin located at the level 100 socorro ramp 334 when the worker  assistant drillerwas dismantling the fifth drill rod nq  3 meters of steel with a weight of 24 kg  using a stilson key no 18 at that moment the operator operates the rotation unit the drill rod rotates by pressing the left hand of the worker against the base of the rod holder causing an injury to the left hand at the time of the accident the drilling assistant used rubber gloves,DUP_0240,1,False,4
industrial_safety_000367,industrial_safety_analytics_database,incident,2017-03-10T00:00:00,Country_01,Local_03,Mining,,,"In the Nv. 2930 - Chamber of accumulation of aggregates: When the worker, made the cast of shotcrete towards the crown of the work, at 2:00 p.m. he perceives discomfort and fogging of the full face, then decides to take it off and chooses to use only his safety glasses for comfort to continue with the thrown shotcrete, at 3:45 p.m. suffers the projection of shotcrete rebound particles in the left eye.",,,,,['Individual protection equipment'],[],[],[],[],[],II,IV,,,,Male,Third Party,in the nv 2930  chamber of accumulation of aggregates when the worker made the cast of shotcrete towards the crown of the work at 200 pm he perceives discomfort and fogging of the full face then decides to take it off and chooses to use only his safety glasses for comfort to continue with the thrown shotcrete at 345 pm suffers the projection of shotcrete rebound particles in the left eye,DUP_0242,1,False,4
industrial_safety_000021,industrial_safety_analytics_database,incident,2016-02-09T00:00:00,Country_01,Local_03,Mining,,,"In the Raise chamber, when the operator and assistant removed the drilling bar from the 71R drilling machine - weight approx. 500 Kg - holding it at the top with a 2 TM stroke and assisted with jibs to move horizontally, the operator's jib on the bottom slides by moving the top of the drill bar causing the assistant's bar to enforce his assistant's hand between the bar and the piston of the equipment.",,,,,['Others'],[],[],[],[],[],I,IV,,,,Male,Third Party,in the raise chamber when the operator and assistant removed the drilling bar from the 71r drilling machine  weight approx 500 kg  holding it at the top with a 2 tm stroke and assisted with jibs to move horizontally the operators jib on the bottom slides by moving the top of the drill bar causing the assistants bar to enforce his assistants hand between the bar and the piston of the equipment,DUP_0245,1,False,4
industrial_safety_000384,industrial_safety_analytics_database,incident,2017-04-11T00:00:00,Country_01,Local_03,Mining,,,"In the tower N ° 6 of the old 50 KV LT (disabled and de-energized and 90% dismantled) located in the city of Pasco, the last profiles of the base of the tower previously disassembled were cut, using oxyfuel equipment , at 11:45 am, the Proingcom security supervisor and the foreman, who were on the outside of the fenced area supervising the activity, indicate the stoppage of activities and evacuation to the refuge due to the orange alert indicated on the detector of storms. During the evacuation of the last 02 employees who were inside the fenced area, a loud sound was heard, provoking a fright, which caused the staff to throw themselves to the floor inside the area, then proceeded to leave the work area by his own means through the ladder. Apparently the loud sound would correspond to an electrical discharge in the cable guard that passes over the old towers.",,,,,['Electrical Shock'],[],[],[],[],[],I,IV,,,,Male,Third Party (Remote),in the tower n  6 of the old 50 kv lt disabled and deenergized and 90 dismantled located in the city of pasco the last profiles of the base of the tower previously disassembled were cut using oxyfuel equipment  at 1145 am the proingcom security supervisor and the foreman who were on the outside of the fenced area supervising the activity indicate the stoppage of activities and evacuation to the refuge due to the orange alert indicated on the detector of storms during the evacuation of the last 02 employees who were inside the fenced area a loud sound was heard provoking a fright which caused the staff to throw themselves to the floor inside the area then proceeded to leave the work area by his own means through the ladder apparently the loud sound would correspond to an electrical discharge in the cable guard that passes over the old towers,DUP_0249,1,False,4
industrial_safety_000300,industrial_safety_analytics_database,incident,2017-01-05T00:00:00,Country_01,Local_01,Mining,,,"In the volvo workshop at the time of cutting steel plate (thickness 1 in), for the installation of the MT-32 scoop lip, with Oxicorte equipment, the injured feels a discomfort in both eyes. At the time of the accident the collaborator made use of his full Epp, but the soldering iron lens did not make full adjustment for the presence of the respirator.",,,,,['Projection'],[],[],[],[],[],I,IV,,,,Male,Third Party,in the volvo workshop at the time of cutting steel plate thickness 1 in for the installation of the mt32 scoop lip with oxicorte equipment the injured feels a discomfort in both eyes at the time of the accident the collaborator made use of his full epp but the soldering iron lens did not make full adjustment for the presence of the respirator,DUP_0250,1,False,4
industrial_safety_000385,industrial_safety_analytics_database,incident,2017-04-11T00:00:00,Country_01,Local_03,Mining,,,"In tower N ° 6 of the old 50 KV LT (disabled and de-energized and 90% disassembled) located in the city of Pasco, the cutting of the last profiles of the base of the tower previously disassembled was carried out, using oxyfuel equipment, at 11:45 a.m., the safety supervisor of Proingcom and the foreman, who were in the external part of the fenced area supervising the activity, indicate the paralysis of activities and evacuation to the refuge due to the orange alert indicated on the detector of storms. During the evacuation of the last 02 employees who were inside the fenced area, a loud sound was heard, provoking a scare, which caused the staff to throw themselves to the floor within the area, then proceeded to leave the work area by their own means through the staircase. Apparently the loud sound would correspond to an electrical discharge in the cable guard that passes over the old towers.",,,,,['Electrical Shock'],[],[],[],[],[],I,IV,,,,Male,Third Party (Remote),in tower n  6 of the old 50 kv lt disabled and deenergized and 90 disassembled located in the city of pasco the cutting of the last profiles of the base of the tower previously disassembled was carried out using oxyfuel equipment at 1145 am the safety supervisor of proingcom and the foreman who were in the external part of the fenced area supervising the activity indicate the paralysis of activities and evacuation to the refuge due to the orange alert indicated on the detector of storms during the evacuation of the last 02 employees who were inside the fenced area a loud sound was heard provoking a scare which caused the staff to throw themselves to the floor within the area then proceeded to leave the work area by their own means through the staircase apparently the loud sound would correspond to an electrical discharge in the cable guard that passes over the old towers,DUP_0253,1,False,4
industrial_safety_000254,industrial_safety_analytics_database,incident,2016-10-18T00:00:00,Country_01,Local_03,Mining,,,"Inside mine during the diamond drilling of a positive 15 ° drill, in moments when the control tube was rescued with the fisherman, the winch cable breaks untimely developing a whiplash effect and impacting on the left hand of the drilling assistant causing the described injury. At the time of the accident the drilling assistant was on the platform at 1.0m from the frame and was using his Hycron-type safety gloves.",,,,,['Others'],[],[],[],[],[],I,IV,,,,Male,Third Party,inside mine during the diamond drilling of a positive 15  drill in moments when the control tube was rescued with the fisherman the winch cable breaks untimely developing a whiplash effect and impacting on the left hand of the drilling assistant causing the described injury at the time of the accident the drilling assistant was on the platform at 10m from the frame and was using his hycrontype safety gloves,DUP_0254,1,False,4
industrial_safety_000263,industrial_safety_analytics_database,incident,2016-11-08T00:00:00,Country_01,Local_04,Mining,,,"Mr. Eriks after having completed the change of guide pole in the conveyor belt 7-1, the collaborator moved to the other side of the belt to remove the tecl, passes under the stairs without getting to observe that in that moment the collaborator Jhon dropped an inchancable of a weight approx. of 15 kg. From the entrance platform to the chute of discharge, at a height of 1.80 meters, the iron grazed him on the forearm, finally hitting his left foot at the height of the instep.",,,,,['Others'],[],[],[],[],[],I,IV,,,,Male,Employee,mr eriks after having completed the change of guide pole in the conveyor belt 71 the collaborator moved to the other side of the belt to remove the tecl passes under the stairs without getting to observe that in that moment the collaborator jhon dropped an inchancable of a weight approx of 15 kg from the entrance platform to the chute of discharge at a height of 180 meters the iron grazed him on the forearm finally hitting his left foot at the height of the instep,DUP_0256,1,False,4
industrial_safety_000114,industrial_safety_analytics_database,incident,2016-04-29T00:00:00,Country_01,Local_04,Mining,,,"Mr. Jesus operator of the concrete throwing team (alpha N ° 18) was shooting shotcrete in the Cx work. 001 Nv. 1710 OB1. applying 0.5 m3, he realizes that the additive did not come out in the mix, directing to lift the cover of the passage valve (54 Cm x 53 Cm of ¼ inch of thickness approximately 15 Kg). verifying that the valve was open, release the lid and it hits to the third finger of the left hand against the base, causing the injury.",,,,,['Others'],[],[],[],[],[],III,IV,,,,Male,Third Party,mr jesus operator of the concrete throwing team alpha n  18 was shooting shotcrete in the cx work 001 nv 1710 ob1 applying 05 m3 he realizes that the additive did not come out in the mix directing to lift the cover of the passage valve 54 cm x 53 cm of ¼ inch of thickness approximately 15 kg verifying that the valve was open release the lid and it hits to the third finger of the left hand against the base causing the injury,DUP_0257,1,False,4
industrial_safety_000348,industrial_safety_analytics_database,incident,2017-02-23T00:00:00,Country_01,Local_04,Mining,,,"Mr. Walter was putting his tools in the hopper of the Atlas truck that was parked on the cruise 320 of Level 1850 OB2B, then the mining operations van arrived driven by Engineer parked behind the truck of Atlas to approximately 3 meters and without having placed the safety block went to request the data of the drilling, later the assistant of the SIMBA 04 opened the gate, dropping the bit into the hopper of the mine truck and untimely the vehicle He moved forward, pinning the mechanic's right leg.",,,,,['Vehicles and Mobile Equipment'],[],[],[],[],[],IV,IV,,,,Male,Third Party,mr walter was putting his tools in the hopper of the atlas truck that was parked on the cruise 320 of level 1850 ob2b then the mining operations van arrived driven by engineer parked behind the truck of atlas to approximately 3 meters and without having placed the safety block went to request the data of the drilling later the assistant of the simba 04 opened the gate dropping the bit into the hopper of the mine truck and untimely the vehicle he moved forward pinning the mechanics right leg,DUP_0259,1,False,4
industrial_safety_000390,industrial_safety_analytics_database,incident,2017-04-19T00:00:00,Country_03,Local_10,Others,,,"On 04/19/2017, the employee de Lima da Silva was composing the team of opening of bite to survey of IP. The team consisted of one mining technician and three assistants. When was moving in the bite he touched his left foot on a stump of Tucum that was on the ground covered with dry leaves of vegetation near drainage. When he felt the thorn piercing on his foot, he told the mining technician what had happened and the teammate removed the thorn that pierced the top of the boot. After removal of the spine the foot was washed and it was verified that there was no other injury. After the event the technician waxed the activity and returned to the city of Porangatu / GO. It was not necessary to take the employee to the health unit.",,,,,['Others'],[],[],[],[],[],I,IV,,,,Male,Third Party,on 04192017 the employee de lima da silva was composing the team of opening of bite to survey of ip the team consisted of one mining technician and three assistants when was moving in the bite he touched his left foot on a stump of tucum that was on the ground covered with dry leaves of vegetation near drainage when he felt the thorn piercing on his foot he told the mining technician what had happened and the teammate removed the thorn that pierced the top of the boot after removal of the spine the foot was washed and it was verified that there was no other injury after the event the technician waxed the activity and returned to the city of porangatu  go it was not necessary to take the employee to the health unit,DUP_0266,1,False,4
industrial_safety_000202,industrial_safety_analytics_database,incident,2016-08-11T00:00:00,Country_02,Local_12,Others,,,"On leaving the Company the employee stumbled onto the exit ladder of the building and fell 3 steps, causing twisting of the ankle and grating on the cinnamon",,,,,['Others'],[],[],[],[],[],I,IV,,,,Female,Employee,on leaving the company the employee stumbled onto the exit ladder of the building and fell 3 steps causing twisting of the ankle and grating on the cinnamon,DUP_0270,1,False,4
industrial_safety_000158,industrial_safety_analytics_database,incident,2016-06-13T00:00:00,Country_01,Local_01,Mining,,,"Once the mooring of the faneles in the detonating cord has been completed, the injured person proceeds to tie the detonating cord in the safety guide (slow wick) at a distance of 2.0 meters from the top of the work. At that moment, to finish mooring, a rock bank (30cm x 50cm x 15cm; 67.5 Kg.) the same front, from a height of 1.60 meters, which falls to the floor very close to the injured, disintegrates in several fragments, one of which (12cmx10cmx3cm, 2.0 Kg.) slides between the fragments of rock and impacts with the left leg of the victim. At the time of the accident the operator used his safety boots and was accompanied by a supervisor.",,,,,['Others'],[],[],[],[],[],I,IV,,,,Male,Employee,once the mooring of the faneles in the detonating cord has been completed the injured person proceeds to tie the detonating cord in the safety guide slow wick at a distance of 20 meters from the top of the work at that moment to finish mooring a rock bank 30cm x 50cm x 15cm 675 kg the same front from a height of 160 meters which falls to the floor very close to the injured disintegrates in several fragments one of which 12cmx10cmx3cm 20 kg slides between the fragments of rock and impacts with the left leg of the victim at the time of the accident the operator used his safety boots and was accompanied by a supervisor,DUP_0276,1,False,4
industrial_safety_000258,industrial_safety_analytics_database,incident,2016-10-26T00:00:00,Country_01,Local_01,Mining,,,"Once the ore loading in the LT-30 locomotive was completed; the penultimate car derails (7th car), by the presence of fragment of rock in the railway line, (weight of the car with mineral 8 tons), and to get it back on track the mining car, the victim makes use of a metal tube (length 1.20 meters and 4 ""diameter) to maneuver and reposition the mining car; at that moment the metallic tube loses stability and imprisons the victim's hand against the strut of the mining car. The collaborator at the time of the event towards the use of his leather gloves.",,,,,['Others'],[],[],[],[],[],III,IV,,,,Male,Employee,once the ore loading in the lt30 locomotive was completed the penultimate car derails 7th car by the presence of fragment of rock in the railway line weight of the car with mineral 8 tons and to get it back on track the mining car the victim makes use of a metal tube length 120 meters and 4 diameter to maneuver and reposition the mining car at that moment the metallic tube loses stability and imprisons the victims hand against the strut of the mining car the collaborator at the time of the event towards the use of his leather gloves,DUP_0277,1,False,4
industrial_safety_000099,industrial_safety_analytics_database,incident,2016-04-11T00:00:00,Country_01,Local_01,Mining,,,"Once the RB machine is lifted (weight 7 tn) at 15 cm from the floor level, the accidently proceeds to pull the RB machine with a key of 5 tons (maximum cap), to lay it on the floor, after advancing 70 cm horizontally, the anchor bolt (pig tail type, 5/8 ""diameter) to which the key was hooked, it breaks transversely, and with the pulling force, this key is projected onto the injured person's left shoulder causing the injury. - The injured was 1.50 meters from the key. - At the time of the incident, the assistant was 5 meters away doing order and cleaning",,,,,['Others'],[],[],[],[],[],I,IV,,,,Male,Third Party,once the rb machine is lifted weight 7 tn at 15 cm from the floor level the accidently proceeds to pull the rb machine with a key of 5 tons maximum cap to lay it on the floor after advancing 70 cm horizontally the anchor bolt pig tail type 58 diameter to which the key was hooked it breaks transversely and with the pulling force this key is projected onto the injured persons left shoulder causing the injury  the injured was 150 meters from the key  at the time of the incident the assistant was 5 meters away doing order and cleaning,DUP_0279,1,False,4
industrial_safety_000394,industrial_safety_analytics_database,incident,2017-04-25T00:00:00,Country_01,Local_01,Mining,,,"Performing the cleaning of material (Mineral) that accumulates between the steel plate and the concrete base on which it rests; As shown in the photograph (steel plate thickness = 1/2 in.), in order to complete this cleaning, the workers decide to weld on the steel plate a support eyelet type and at the other end as a fixed point and fastening a pin helical (support), in such a way to lift the plate with the help of a key and remove all the accumulated material. In the instant that they were pulling the chain of the tecla, the injured one had his left hand resting on the concrete wall (the line of fire), product of the tension exerted by the tecle, the helical bolt breaks and the chain lashes on the index finger generating the injury. At the time of the accident, the accident victim used all his epps, including his gloves.",,,,,['Pressed'],[],[],[],[],[],IV,IV,,,,Male,Employee,performing the cleaning of material mineral that accumulates between the steel plate and the concrete base on which it rests as shown in the photograph steel plate thickness  12 in in order to complete this cleaning the workers decide to weld on the steel plate a support eyelet type and at the other end as a fixed point and fastening a pin helical support in such a way to lift the plate with the help of a key and remove all the accumulated material in the instant that they were pulling the chain of the tecla the injured one had his left hand resting on the concrete wall the line of fire product of the tension exerted by the tecle the helical bolt breaks and the chain lashes on the index finger generating the injury at the time of the accident the accident victim used all his epps including his gloves,DUP_0283,1,False,4
industrial_safety_000185,industrial_safety_analytics_database,incident,2016-07-11T00:00:00,Country_02,Local_05,Metals,,,"The accident occurred at the time an employee of the partner company SF carried out unloading operation of bladder bags. By cutting the bag for charging of the boom into the silo truck's delivery mouth, the inner plastic bag surrounding the contents abruptly dropped and a large amount of material fell onto the cone (funnel). The cone fell over and the injured man stood with his leg pressed between him and the body guard of the scaffold. There was external medical attention and it was verified that there was no fracture",,,,,['Suspended Loads'],[],[],[],[],[],III,IV,,,,Male,Third Party (Remote),the accident occurred at the time an employee of the partner company sf carried out unloading operation of bladder bags by cutting the bag for charging of the boom into the silo trucks delivery mouth the inner plastic bag surrounding the contents abruptly dropped and a large amount of material fell onto the cone funnel the cone fell over and the injured man stood with his leg pressed between him and the body guard of the scaffold there was external medical attention and it was verified that there was no fracture,DUP_0286,1,False,4
industrial_safety_000308,industrial_safety_analytics_database,incident,2017-01-10T00:00:00,Country_03,Local_10,Others,,,"The auxiliary of general services I, Paulo e Silva, with 5 months and 10 days of work, was performing the activity of soil collection. During the movement of equipment to the next point, holding a lever, it encountered a piece of sloping ground and with interlaced vegetation, which caused the fall of the to the left, the same side where the tool was held. The rapid fall prevented the employee from leaning, causing a shock of the elbow with the ground. The employee continued the activity for another 3 points of sample collection until he felt the arm bothering.",,,,,['Fall prevention'],[],[],[],[],[],I,IV,,,,Male,Third Party,the auxiliary of general services i paulo e silva with 5 months and 10 days of work was performing the activity of soil collection during the movement of equipment to the next point holding a lever it encountered a piece of sloping ground and with interlaced vegetation which caused the fall of the to the left the same side where the tool was held the rapid fall prevented the employee from leaning causing a shock of the elbow with the ground the employee continued the activity for another 3 points of sample collection until he felt the arm bothering,DUP_0287,1,False,4
industrial_safety_000217,industrial_safety_analytics_database,incident,2016-09-01T00:00:00,Country_02,Local_05,Metals,,,"The clerk was cutting the excess fiberglass in a passing box and had contact with the blade of the marble saw, which cut the glove and caused a wound in his right hand.",,,,,['Manual Tools'],[],[],[],[],[],II,IV,,,,Male,Third Party (Remote),the clerk was cutting the excess fiberglass in a passing box and had contact with the blade of the marble saw which cut the glove and caused a wound in his right hand,DUP_0289,1,False,4
industrial_safety_000422,industrial_safety_analytics_database,incident,2017-06-15T00:00:00,Country_01,Local_03,Mining,,,"The convoy of the locomotive 15 operated by Mr. Tito is located in hopper OP2 positioning the 1st car under the hopper, the assistant does not observe anything out of the ordinary (dry load there is no presence of water) and initiates the chute, for this, the hydraulic module of the hopper is switched on and with the controls it slightly moves the hopper handle and an untimely flow of water and mud splashes the operator generating the described injury, in addition the collaborator was 7 meters from the line of fire",,,,,['Projection'],[],[],[],[],[],I,IV,,,,Male,Employee,the convoy of the locomotive 15 operated by mr tito is located in hopper op2 positioning the 1st car under the hopper the assistant does not observe anything out of the ordinary dry load there is no presence of water and initiates the chute for this the hydraulic module of the hopper is switched on and with the controls it slightly moves the hopper handle and an untimely flow of water and mud splashes the operator generating the described injury in addition the collaborator was 7 meters from the line of fire,DUP_0295,1,False,4
industrial_safety_000075,industrial_safety_analytics_database,incident,2016-03-14T00:00:00,Country_02,Local_05,Metals,,,The employee checked for acid leakage in the shipping area when he was hit by splashes of solution in his right hemiface.,,,,,['Chemical substances'],[],[],[],[],[],I,IV,,,,Male,Employee,the employee checked for acid leakage in the shipping area when he was hit by splashes of solution in his right hemiface,DUP_0297,1,False,4
industrial_safety_000421,industrial_safety_analytics_database,incident,2017-06-14T00:00:00,Country_02,Local_02,Mining,,,"The employee performed insertion and adjustment of the joint in the blind flange of a 54 ""tubing, when one of the wedges shifted, causing movement in the flange, causing the 3rd and 4th fingers of the left hand to be pressed.",,,,,['Pressed'],[],[],[],[],[],III,IV,,,,Male,Third Party (Remote),the employee performed insertion and adjustment of the joint in the blind flange of a 54 tubing when one of the wedges shifted causing movement in the flange causing the 3rd and 4th fingers of the left hand to be pressed,DUP_0300,1,False,4
industrial_safety_000115,industrial_safety_analytics_database,incident,2016-04-30T00:00:00,Country_02,Local_05,Metals,,,"The employee performed the return of the load at the entrance of the debarking machine, while trying to align a cathode was pressed in his right hand.",,,,,['Pressed'],[],[],[],[],[],I,IV,,,,Male,Employee,the employee performed the return of the load at the entrance of the debarking machine while trying to align a cathode was pressed in his right hand,DUP_0302,1,False,4
industrial_safety_000119,industrial_safety_analytics_database,incident,2016-05-02T00:00:00,Country_02,Local_05,Metals,,,The employee reports that climbing the access ladder to the operating room of the Ustulation was surprised by the projection of sulfuric acid.,,,,,['Chemical substances'],[],[],[],[],[],I,IV,,,,Female,Third Party (Remote),the employee reports that climbing the access ladder to the operating room of the ustulation was surprised by the projection of sulfuric acid,DUP_0305,1,False,4
industrial_safety_000111,industrial_safety_analytics_database,incident,2016-04-22T00:00:00,Country_02,Local_05,Metals,,,The employee reports that he placed the air lance in the tank 1604 and then opened the manual air valve and projection of acid solution heated toward him reaching the front of the left thigh.,,,,,['Pressurized Systems / Chemical Substances'],[],[],[],[],[],II,IV,,,,Male,Third Party,the employee reports that he placed the air lance in the tank 1604 and then opened the manual air valve and projection of acid solution heated toward him reaching the front of the left thigh,DUP_0308,1,False,4
industrial_safety_000076,industrial_safety_analytics_database,incident,2016-03-18T00:00:00,Country_02,Local_05,Metals,,,"The employee was clearing the liquid zinc pump from oven 04, when he stepped on the platform and became unbalanced with a twist in his left foot.",,,,,['Fall prevention (same level)'],[],[],[],[],[],I,IV,,,,Male,Employee,the employee was clearing the liquid zinc pump from oven 04 when he stepped on the platform and became unbalanced with a twist in his left foot,DUP_0315,1,False,4
industrial_safety_000354,industrial_safety_analytics_database,incident,2017-02-26T00:00:00,Country_02,Local_07,Mining,,,"The employee was descending the ladder after inspection of the milling cyclones, which gives access to the floor behind the mill 10 by platform # ISC-MG26 when the floor gave way and it fell from a height of approximately 1 meter and 70 meters (there is material / ore below the platform, decreasing the height of the fall impact).",,,,,['Fall prevention'],[],[],[],[],[],I,IV,,,,Male,Employee,the employee was descending the ladder after inspection of the milling cyclones which gives access to the floor behind the mill 10 by platform  iscmg26 when the floor gave way and it fell from a height of approximately 1 meter and 70 meters there is material  ore below the platform decreasing the height of the fall impact,DUP_0317,1,False,4
industrial_safety_000077,industrial_safety_analytics_database,incident,2016-03-18T00:00:00,Country_02,Local_05,Metals,,,"The employee was transiting toward the cadmium factory, near tank 1440 on copper sulphate, when acid solution spilled in his direction, reaching his legs causing minor burns.",,,,,['Chemical substances'],[],[],[],[],[],I,IV,,,,Male,Employee,the employee was transiting toward the cadmium factory near tank 1440 on copper sulphate when acid solution spilled in his direction reaching his legs causing minor burns,DUP_0322,1,False,4
industrial_safety_000015,industrial_safety_analytics_database,incident,2016-02-04T00:00:00,Country_02,Local_05,Metals,,,"The employee was working in the When a thermal shock caused a splash of zinc in his direction, the employee, despite using all the indicated PPE, was hit by small spatters that passed between the facila and the hood. small burn in the face region.",,,,,['Liquid Metal'],[],[],[],[],[],I,IV,,,,Male,Employee,the employee was working in the when a thermal shock caused a splash of zinc in his direction the employee despite using all the indicated ppe was hit by small spatters that passed between the facila and the hood small burn in the face region,DUP_0323,1,False,4
industrial_safety_000059,industrial_safety_analytics_database,incident,2016-03-05T00:00:00,Country_01,Local_03,Mining,,,"The locomotive No. 15 operated by MAPERU personnel, was directed with 10 wagons loaded with ore from the OP4 to the waste bin. Next to the waste bin, the patrol car (which goes on the back of the wagons) the moment it passed over a change of track, the left rear wheel of the patrol car leaves the rail advancing the locomotive leaving the patrol car tilted more ahead. The assistant motorist who traveled alone in the patrol car remained inside the structure and suffered minor bruises.",,,,,['Others'],[],[],[],[],[],I,IV,,,,Male,Employee,the locomotive no 15 operated by maperu personnel was directed with 10 wagons loaded with ore from the op4 to the waste bin next to the waste bin the patrol car which goes on the back of the wagons the moment it passed over a change of track the left rear wheel of the patrol car leaves the rail advancing the locomotive leaving the patrol car tilted more ahead the assistant motorist who traveled alone in the patrol car remained inside the structure and suffered minor bruises,DUP_0335,1,False,4
industrial_safety_000065,industrial_safety_analytics_database,incident,2016-03-13T00:00:00,Country_01,Local_03,Mining,,,"The mechanic assistant after throwing the wooden blocks of support of the stabilizer of the Hiab crane truck to the ground, when descending from the truck by the access ladder when arriving at the last step jumps towards the ground - height of 69cm - treading the edge of one of The wooden blocks cause an injury to the left ankle.",,,,,['Others'],[],[],[],[],[],I,IV,,,,Male,Third Party (Remote),the mechanic assistant after throwing the wooden blocks of support of the stabilizer of the hiab crane truck to the ground when descending from the truck by the access ladder when arriving at the last step jumps towards the ground  height of 69cm  treading the edge of one of the wooden blocks cause an injury to the left ankle,DUP_0339,1,False,4
industrial_safety_000184,industrial_safety_analytics_database,incident,2016-07-10T00:00:00,Country_01,Local_04,Mining,,,"The operator of the paste filling plant 01 removes a floor grating (60 x 90 cm), to clean the lower floor. It is removed to close the water valve and does not block the vacuum, the two technicians who were entering the filter belt notice an overflow and ask the operator to reduce the load. The mechanics kept walking without noticing the floor and one of them falls into the void impacting his foot left at an angle that was about 25 cm below the floor grating, producing the injury.",,,,,['Others'],[],[],[],[],[],IV,IV,,,,Male,Third Party,the operator of the paste filling plant 01 removes a floor grating 60 x 90 cm to clean the lower floor it is removed to close the water valve and does not block the vacuum the two technicians who were entering the filter belt notice an overflow and ask the operator to reduce the load the mechanics kept walking without noticing the floor and one of them falls into the void impacting his foot left at an angle that was about 25 cm below the floor grating producing the injury,DUP_0343,1,False,4
industrial_safety_000169,industrial_safety_analytics_database,incident,2016-06-19T00:00:00,Country_01,Local_03,Mining,,,"The operator of the Scissor 187 leaves his equipment parked at level -2995 Acc 7 due to electrical problems, when the maintenance personnel arrives, the electrician climbs on the control platform of the equipment and performs the verification of the hydraulic system confirming the problem; then in coordination with the mechanic decide to perform the test with the diesel system, moments in which accidentally activates with the body the arm movement lever causing the drill arm to move downwards generating the left hand's atricion against the support of the pivot tube generating the lesion described. At the time of the accident the electrician was alone on the control platform, while the mechanic was at ground level observing the pressure on the diesel system pressure gauge.",,,,,['Others'],[],[],[],[],[],IV,IV,,,,Male,Third Party,the operator of the scissor 187 leaves his equipment parked at level 2995 acc 7 due to electrical problems when the maintenance personnel arrives the electrician climbs on the control platform of the equipment and performs the verification of the hydraulic system confirming the problem then in coordination with the mechanic decide to perform the test with the diesel system moments in which accidentally activates with the body the arm movement lever causing the drill arm to move downwards generating the left hands atricion against the support of the pivot tube generating the lesion described at the time of the accident the electrician was alone on the control platform while the mechanic was at ground level observing the pressure on the diesel system pressure gauge,DUP_0344,1,False,4
industrial_safety_000062,industrial_safety_analytics_database,incident,2016-03-09T00:00:00,Country_01,Local_06,Metals,,,"The operator was feeding a bag of big bag containing scraps of Zn sheets. During lifting, this loaded bag is released from the hook of the hoist, making abrupt contact with the liquid zinc of the furnace, generating an explosion and causing the operator to be hit with liquid zinc.",,,,,['Suspended Loads'],[],[],[],[],[],I,IV,,,,Male,Third Party,the operator was feeding a bag of big bag containing scraps of zn sheets during lifting this loaded bag is released from the hook of the hoist making abrupt contact with the liquid zinc of the furnace generating an explosion and causing the operator to be hit with liquid zinc,DUP_0345,1,False,4
industrial_safety_000269,industrial_safety_analytics_database,incident,2016-11-23T00:00:00,Country_01,Local_06,Metals,,,"The operator when descending by ladder of sailor of 6 steps, falls to the floor going down of the 3er. step, falling on his back and hitting his head. The worker used the chin strap with the helmet, a safety element that reduced the injury from the blow. He was treated at the medical center with local treatment, referred to the Clinic for re-evaluation.",,,,,['Others'],[],[],[],[],[],I,IV,,,,Male,Employee,the operator when descending by ladder of sailor of 6 steps falls to the floor going down of the 3er step falling on his back and hitting his head the worker used the chin strap with the helmet a safety element that reduced the injury from the blow he was treated at the medical center with local treatment referred to the clinic for reevaluation,DUP_0348,1,False,4
industrial_safety_000431,industrial_safety_analytics_database,incident,2017-06-22T00:00:00,Country_03,Local_10,Others,,,"The technician was returning from his activities on the bite, when he stepped on a loose rock over a sloping region. She released herself unbalancing the employee who stepped on false, twisting her ankle.",,,,,['Others'],[],[],[],[],[],I,IV,,,,Male,Employee,the technician was returning from his activities on the bite when he stepped on a loose rock over a sloping region she released herself unbalancing the employee who stepped on false twisting her ankle,DUP_0354,1,False,4
industrial_safety_000028,industrial_safety_analytics_database,incident,2016-02-16T00:00:00,Country_01,Local_01,Mining,,,"The worker carried out his work at level 2940, stop 896; and placed metal mesh on the basket (SOIL HALF) of the Scissor the mesh falls and hits the back of his right hand.",,,,,['Others'],[],[],[],[],[],I,IV,,,,Male,Employee,the worker carried out his work at level 2940 stop 896 and placed metal mesh on the basket soil half of the scissor the mesh falls and hits the back of his right hand,DUP_0355,1,False,4
industrial_safety_000032,industrial_safety_analytics_database,incident,2016-02-21T00:00:00,Country_01,Local_01,Mining,,,"The worker Yaranga while working with barretilla in Stop 996, Level 3300. While unloading metal mesh, on the basket of an ampoloader with his operator Juan barretilla is embedded on safety boot, reacting immediately the worker removing the limb with force and managing to release the foot, but producing a wound on the right foot.",,,,,['Others'],[],[],[],[],[],III,IV,,,,Male,Third Party,the worker yaranga while working with barretilla in stop 996 level 3300 while unloading metal mesh on the basket of an ampoloader with his operator juan barretilla is embedded on safety boot reacting immediately the worker removing the limb with force and managing to release the foot but producing a wound on the right foot,DUP_0358,1,False,4
industrial_safety_000267,industrial_safety_analytics_database,incident,2016-11-19T00:00:00,Country_01,Local_04,Mining,,,"The workers: César (injured) and Nilton receive the order of their immediate supervisor Román to carry out the assembly activity of a brace (length 4.60 m, approximate weight 50 Kg) of the structure of the Nro belt. 2, said collaborators lift the brace and approach it to the installation point, leaving one end on the ground and the other resting on the corner of the pedestal (approximate height of 40 cm). After carrying out the planning of the work, the injured person lifts the end part that was on the floor to turn and position it for assembly, at that moment the other end falls generating the imprisonment of the fingers of the left hand. Staff is taken to the medical center by the supervisor.",,,,,['Others'],[],[],[],[],[],III,IV,,,,Male,Third Party,the workers césar injured and nilton receive the order of their immediate supervisor román to carry out the assembly activity of a brace length 460 m approximate weight 50 kg of the structure of the nro belt 2 said collaborators lift the brace and approach it to the installation point leaving one end on the ground and the other resting on the corner of the pedestal approximate height of 40 cm after carrying out the planning of the work the injured person lifts the end part that was on the floor to turn and position it for assembly at that moment the other end falls generating the imprisonment of the fingers of the left hand staff is taken to the medical center by the supervisor,DUP_0359,1,False,4
industrial_safety_000312,industrial_safety_analytics_database,incident,2017-01-17T00:00:00,Country_02,Local_08,Metals,,,"Upon approaching the furnace that was in the process of melting the Zn ingot, it was struck by liquid metal projection.",,,,,['Liquid Metal'],[],[],[],[],[],I,IV,,,,Male,Employee,upon approaching the furnace that was in the process of melting the zn ingot it was struck by liquid metal projection,DUP_0361,1,False,4
industrial_safety_000326,industrial_safety_analytics_database,incident,2017-01-31T00:00:00,Country_01,Local_01,Mining,,,"Upon entering the mine interior; the bodeguero is located only in the litorina N ° 13, last of the convoy; during its displacement, the litorina derails and advances approximately 15 meters; it is when the operator observes this event and before entering through the entrance gate paralyzes the displacement of the convoy. The winemaker had his full EPPs on.",,,,,['Vehicles and Mobile Equipment'],[],[],[],[],[],I,IV,,,,Male,Employee,upon entering the mine interior the bodeguero is located only in the litorina n  13 last of the convoy during its displacement the litorina derails and advances approximately 15 meters it is when the operator observes this event and before entering through the entrance gate paralyzes the displacement of the convoy the winemaker had his full epps on,DUP_0363,1,False,4
industrial_safety_000118,industrial_safety_analytics_database,incident,2016-05-01T00:00:00,Country_01,Local_04,Mining,,,"When carrying out the maneuver to increase the HQ pipe line, the driller Wilder indicates the assistant Gilton introduce the inner pipe to the drill, the assistant introduces the inner pipe and places his hand in the box of the pipe, while the driller Without noticing, he moves the pipe over the assistant's hand and opens the chuck of the rotation unit, dropping the pipe, imprisoning the injured person's right hand causing the injury.",,,,,['Others'],[],[],[],[],[],I,IV,,,,Male,Third Party,when carrying out the maneuver to increase the hq pipe line the driller wilder indicates the assistant gilton introduce the inner pipe to the drill the assistant introduces the inner pipe and places his hand in the box of the pipe while the driller without noticing he moves the pipe over the assistants hand and opens the chuck of the rotation unit dropping the pipe imprisoning the injured persons right hand causing the injury,DUP_0369,1,False,4
industrial_safety_000094,industrial_safety_analytics_database,incident,2016-04-04T00:00:00,Country_02,Local_09,Metals,,,"When it opens the suction valve of the 420-BO-01 acid pump, the cable of the same pump comes loose by pressing the 5th finger of the employee's left hand against the tubing, causing a fracture in the distal phalanx. Photos",,,,,['Manual Tools'],[],[],[],[],[],III,IV,,,,Male,Employee,when it opens the suction valve of the 420bo01 acid pump the cable of the same pump comes loose by pressing the 5th finger of the employees left hand against the tubing causing a fracture in the distal phalanx photos,DUP_0379,1,False,4
industrial_safety_000303,industrial_safety_analytics_database,incident,2017-01-07T00:00:00,Country_01,Local_04,Mining,,,"When making the change of support of the vertical pump of 6 ""(40357 Zinc two mechanics raised a beam in"" H ""(4"" x 2.7 m and 45 kg.) One at each end and being at the height of The injured person's knee slips from his hands causing the injury described.",,,,,['Others'],[],[],[],[],[],I,IV,,,,Male,Employee,when making the change of support of the vertical pump of 6 40357 zinc two mechanics raised a beam in h 4 x 27 m and 45 kg one at each end and being at the height of the injured persons knee slips from his hands causing the injury described,DUP_0380,1,False,4
industrial_safety_000356,industrial_safety_analytics_database,incident,2017-02-27T00:00:00,Country_02,Local_02,Mining,,,"When performing cleaning activity of the area near the 042-TC-06 - Grinding the employee was handling a block of triangular shaped rock measuring (b = 53cm x h = 42cm x e = 12cm). During the movement, he lost his balance by falling with the rock on the thumb of his left hand, injuring him.",,,,,['Others'],[],[],[],[],[],III,IV,,,,Male,Employee,when performing cleaning activity of the area near the 042tc06  grinding the employee was handling a block of triangular shaped rock measuring b  53cm x h  42cm x e  12cm during the movement he lost his balance by falling with the rock on the thumb of his left hand injuring him,DUP_0386,1,False,4
industrial_safety_000291,industrial_safety_analytics_database,incident,2016-12-23T00:00:00,Country_01,Local_04,Mining,,,"When performing the movement of the bar to make room and place a calibrator. Mr. Chuquillanqui pushes the bar with both hands turning it, being at that moment imprisoned the middle finger of the left hand against the other bar that was ahead.",,,,,['Others'],[],[],[],[],[],II,IV,,,,Male,Third Party,when performing the movement of the bar to make room and place a calibrator mr chuquillanqui pushes the bar with both hands turning it being at that moment imprisoned the middle finger of the left hand against the other bar that was ahead,DUP_0391,1,False,4
industrial_safety_000091,industrial_safety_analytics_database,incident,2016-03-24T00:00:00,Country_03,Local_10,Others,,,"When performing the sleeve removal maneuver, when the hole was 600 meters deep, General da Silva pressed only one side of the locking nut of the rods, which together with the jack, holds the entire weight of the rods in the maneuver. As the locking procedure was not effective, the weight of the rods was only secured by the steel wire rope of the probe winch. At the moment that driller Pedro released the brake of the winch, the inefficacy of the locking done only in one side of the chestnut and without aid of the monkey, caused the sliding of the rods. Auxiliary was prepared for manual unlocking of the rods, holding the faucet key firmly against the probe tower as the composition shifted. As the stems slid, his hands were shifted downward, causing his left hand to strike against the base of the probe tower structure, causing cuts to the 4th and 5th Quirodactyl. employee was taken to the hospital where he went through medical care. wound was sutured with 16 stitches. same was removed for 10 days from his activities.",,,,,['Poll'],[],[],[],[],[],IV,IV,,,,Male,Third Party,when performing the sleeve removal maneuver when the hole was 600 meters deep general da silva pressed only one side of the locking nut of the rods which together with the jack holds the entire weight of the rods in the maneuver as the locking procedure was not effective the weight of the rods was only secured by the steel wire rope of the probe winch at the moment that driller pedro released the brake of the winch the inefficacy of the locking done only in one side of the chestnut and without aid of the monkey caused the sliding of the rods auxiliary was prepared for manual unlocking of the rods holding the faucet key firmly against the probe tower as the composition shifted as the stems slid his hands were shifted downward causing his left hand to strike against the base of the probe tower structure causing cuts to the 4th and 5th quirodactyl employee was taken to the hospital where he went through medical care wound was sutured with 16 stitches same was removed for 10 days from his activities,DUP_0392,1,False,4
industrial_safety_000100,industrial_safety_analytics_database,incident,2016-04-11T00:00:00,Country_01,Local_01,Mining,,,"When positioning the scissor bolter N ° 09 in the East of stope 175 (40 meters from the top), the operator and his assistant verify that the ventilation sleeve will obstruct the support of the left gable, so they decide to section the sleeve and direct it towards the main corridor; the injured person decides to climb to the roof of the equipment cabin (surface: 1.5 square meters) to carry out the reinstallation of the sectioned sleeve and, without noticing, he steps on empty and falls from the equipment from a height of 2.50 meters. At the time of the accident, the operator was on the scissor bolter platform, the equipment was positioned and blocked to perform the maintenance and the assistant was wearing a safety helmet and chin strap.",,,,,['Others'],[],[],[],[],[],I,IV,,,,Male,Employee,when positioning the scissor bolter n  09 in the east of stope 175 40 meters from the top the operator and his assistant verify that the ventilation sleeve will obstruct the support of the left gable so they decide to section the sleeve and direct it towards the main corridor the injured person decides to climb to the roof of the equipment cabin surface 15 square meters to carry out the reinstallation of the sectioned sleeve and without noticing he steps on empty and falls from the equipment from a height of 250 meters at the time of the accident the operator was on the scissor bolter platform the equipment was positioned and blocked to perform the maintenance and the assistant was wearing a safety helmet and chin strap,DUP_0393,1,False,4
industrial_safety_000423,industrial_safety_analytics_database,incident,2017-06-17T00:00:00,Country_01,Local_03,Mining,,,"When the Master additive was taken from the AFO-755 license plate towards the launching team No. 26, the collaborator Bonifacio (robot assistant) at the moment he received the bucket emptiness of the operator Enoc feels that he drops a drop of additive in the right eye, feeling a burning sensation, so he immediately goes to wash the affected eye in the team's eyes, then the collaborator is evacuated to NATCLAR. At the time of the accident, the employee had glasses, but he was not using them correctly.",,,,,['Projection'],[],[],[],[],[],II,IV,,,,Male,Third Party,when the master additive was taken from the afo755 license plate towards the launching team no 26 the collaborator bonifacio robot assistant at the moment he received the bucket emptiness of the operator enoc feels that he drops a drop of additive in the right eye feeling a burning sensation so he immediately goes to wash the affected eye in the teams eyes then the collaborator is evacuated to natclar at the time of the accident the employee had glasses but he was not using them correctly,DUP_0397,1,False,4
industrial_safety_000225,industrial_safety_analytics_database,incident,2016-09-13T00:00:00,Country_01,Local_03,Mining,,,"When trying to release the pipe (HDP pipe, 50m long and 2 ""diameter) stuck in the support mesh, the master loader and his assistant pull the pipe to release it, when the pipe is released hits the lateral part of the cheekbone and the eyelid worker's right generating the described injury.",,,,,['Others'],[],[],[],[],[],I,IV,,,,Male,Third Party,when trying to release the pipe hdp pipe 50m long and 2 diameter stuck in the support mesh the master loader and his assistant pull the pipe to release it when the pipe is released hits the lateral part of the cheekbone and the eyelid workers right generating the described injury,DUP_0402,1,False,4
industrial_safety_000022,industrial_safety_analytics_database,incident,2016-02-10T00:00:00,Country_01,Local_03,Mining,,,"While aligning the right bracket of tower N ° 32, when releasing the tension applied by the tirford of 1.5 Tn, when pushing the lever towards the tension release point, it returns by mechanical effect overcoming the resistance of the lineman operator and reshaping the the hands of the assistant beating the assistant in the frontal region.",,,,,['Others'],[],[],[],[],[],II,IV,,,,Male,Third Party,while aligning the right bracket of tower n  32 when releasing the tension applied by the tirford of 15 tn when pushing the lever towards the tension release point it returns by mechanical effect overcoming the resistance of the lineman operator and reshaping the the hands of the assistant beating the assistant in the frontal region,DUP_0404,1,False,4
industrial_safety_000206,industrial_safety_analytics_database,incident,2016-08-15T00:00:00,Country_01,Local_01,Mining,,,"While maintaining the ramp 604, when placing the first cloth for the overlap with the previous mesh; the operator will check the work front, then return to the back of the team to coordinate with his assistant, at which time a fragment of rock (Weight: 0.42 kg) of the non-sustained area will be detached, which impacts on the arm of the team and reaching by bounce the collaborator causing the injury. The one involved made use of all their EPPs. At the time of the incident the assistant was in the back of the team preparing the support mesh.",,,,,['Others'],[],[],[],[],[],I,IV,,,,Male,Third Party,while maintaining the ramp 604 when placing the first cloth for the overlap with the previous mesh the operator will check the work front then return to the back of the team to coordinate with his assistant at which time a fragment of rock weight 042 kg of the nonsustained area will be detached which impacts on the arm of the team and reaching by bounce the collaborator causing the injury the one involved made use of all their epps at the time of the incident the assistant was in the back of the team preparing the support mesh,DUP_0406,1,False,4
industrial_safety_000011,industrial_safety_analytics_database,incident,2016-01-30T00:00:00,Country_01,Local_03,Mining,,,"While preparing the rice for the lunch of the day, when moving the pot # 60 - 35 Kg of weight including the contents - to evacuate the residual water of the cooking of the rice, when positioning the pot on a jaba it tilts backwards spilling some 200 ml of hot water on the cook's leg. The cook immediately after the event applies first aid, pouring cold water on the area of ​​the injury and go to the medical post for evaluation.",,,,,['Others'],[],[],[],[],[],I,IV,,,,Male,Third Party,while preparing the rice for the lunch of the day when moving the pot  60  35 kg of weight including the contents  to evacuate the residual water of the cooking of the rice when positioning the pot on a jaba it tilts backwards spilling some 200 ml of hot water on the cooks leg the cook immediately after the event applies first aid pouring cold water on the area of the injury and go to the medical post for evaluation,DUP_0408,1,False,4
industrial_safety_000000,industrial_safety_analytics_database,incident,2016-01-01T00:00:00,Country_01,Local_01,Mining,,,"While removing the drill rod of the Jumbo 08 for maintenance, the supervisor proceeds to loosen the support of the intermediate centralizer to facilitate the removal, seeing this the mechanic supports one end on the drill of the equipment to pull with both hands the bar and accelerate the removal from this, at this moment the bar slides from its point of support and tightens the fingers of the mechanic between the drilling bar and the beam of the jumbo.",,,,,['Pressed'],[],[],[],[],[],I,IV,,,,Male,Third Party,while removing the drill rod of the jumbo 08 for maintenance the supervisor proceeds to loosen the support of the intermediate centralizer to facilitate the removal seeing this the mechanic supports one end on the drill of the equipment to pull with both hands the bar and accelerate the removal from this at this moment the bar slides from its point of support and tightens the fingers of the mechanic between the drilling bar and the beam of the jumbo,DUP_0410,1,False,4
industrial_safety_000243,industrial_safety_analytics_database,incident,2016-10-03T00:00:00,Country_02,Local_05,Metals,,,"After carrying out the supply operation of the zinc powder container using the crane to move it, the employee closed the lower lock of this same container and when making the movement to push the lock made an excessive effort with the thumb of the right hand, causing sprain.",,,,,['Pressed'],[],[],[],[],[],I,III,,,,Male,Employee,after carrying out the supply operation of the zinc powder container using the crane to move it the employee closed the lower lock of this same container and when making the movement to push the lock made an excessive effort with the thumb of the right hand causing sprain,DUP_0003,1,False,3
industrial_safety_000113,industrial_safety_analytics_database,incident,2016-04-28T00:00:00,Country_02,Local_05,Metals,,,"after discharging sodium hydroxide and disconnecting the hose, the employee placed next to the demineralization suction pump, which was turned off, receiving projection from the pump sensor, causing a 1st degree burn.",,,,,['Chemical substances'],[],[],[],[],[],I,III,,,,Male,Third Party (Remote),after discharging sodium hydroxide and disconnecting the hose the employee placed next to the demineralization suction pump which was turned off receiving projection from the pump sensor causing a 1st degree burn,DUP_0005,1,False,3
industrial_safety_000082,industrial_safety_analytics_database,incident,2016-03-30T00:00:00,Country_01,Local_03,Mining,,,"After having carried out the mechanized support with the Scissor # 200, the heavy equipment operator picks up the water supply hose towards the drum of the equipment and, while He was heading towards the cabin of the Scissor on the way on a piece of rock - 10 cm high approx. - which displaces by sliding his right foot causing the injury described.",,,,,['Others'],[],[],[],[],[],I,III,,,,Male,Employee,after having carried out the mechanized support with the scissor  200 the heavy equipment operator picks up the water supply hose towards the drum of the equipment and while he was heading towards the cabin of the scissor on the way on a piece of rock  10 cm high approx  which displaces by sliding his right foot causing the injury described,DUP_0006,1,False,3
industrial_safety_000085,industrial_safety_analytics_database,incident,2016-04-01T00:00:00,Country_01,Local_03,Mining,,,"After loading two blown holes from the previous blasting with the use of a telescopic ladder, the master loader pulls the ladder detaching from the upper support point, about 3 mt. of height, a fragment of rock - 3cm x 3cm x 2 cm; 54 gr - which is projected by the right end of the ladder hitting the master loader on the cheekbone and upper lip producing the lesion described. The master shipper used his safety glasses.",,,,,['Others'],[],[],[],[],[],I,III,,,,Male,Third Party,after loading two blown holes from the previous blasting with the use of a telescopic ladder the master loader pulls the ladder detaching from the upper support point about 3 mt of height a fragment of rock  3cm x 3cm x 2 cm 54 gr  which is projected by the right end of the ladder hitting the master loader on the cheekbone and upper lip producing the lesion described the master shipper used his safety glasses,DUP_0007,1,False,3
industrial_safety_000433,industrial_safety_analytics_database,incident,2017-06-29T00:00:00,Country_02,Local_02,Mining,,,"After maintenance on Boltec 03 at level 285 GTS of Rampa XXX, the mechanic and operator of the equipment performed tests on the equipment magazine. When the magazine carousel was turned on, the operator had his left middle finger pressed against the equipment frame.",,,,,['Pressed'],[],[],[],[],[],I,III,,,,Male,Employee,after maintenance on boltec 03 at level 285 gts of rampa xxx the mechanic and operator of the equipment performed tests on the equipment magazine when the magazine carousel was turned on the operator had his left middle finger pressed against the equipment frame,DUP_0008,1,False,3
industrial_safety_000255,industrial_safety_analytics_database,incident,2016-10-20T00:00:00,Country_02,Local_05,Metals,,,"As the employee cleaned the thermal recovery boiler using an air boom, the hose loosened from the pipe connection, drawing a jet of compressed air toward his right ear, causing impact noise.",,,,,['Pressurized Systems'],[],[],[],[],[],I,III,,,,Male,Employee,as the employee cleaned the thermal recovery boiler using an air boom the hose loosened from the pipe connection drawing a jet of compressed air toward his right ear causing impact noise,DUP_0020,1,False,3
industrial_safety_000304,industrial_safety_analytics_database,incident,2017-01-08T00:00:00,Country_01,Local_06,Metals,,,"At 11:25 a.m., the deslaminator stops untimely, then the operator lowers and locks the machine to verify the failure, detecting locking of the sheet between the basket and the manipulator. The operator tries to arrange the sheet manually and when pulling the sheet, this one cuts the palm of the right hand with the edge of the sheet, is referred to the medical center for attention.",,,,,['Cut'],[],[],[],[],[],III,III,,,,Male,Employee,at 1125 am the deslaminator stops untimely then the operator lowers and locks the machine to verify the failure detecting locking of the sheet between the basket and the manipulator the operator tries to arrange the sheet manually and when pulling the sheet this one cuts the palm of the right hand with the edge of the sheet is referred to the medical center for attention,DUP_0024,1,False,3
industrial_safety_000189,industrial_safety_analytics_database,incident,2016-07-18T00:00:00,Country_01,Local_06,Metals,,,"At 21:15 hours on 07/18/2016, the collaborator Warrin (welder), when trying to inspect a cracking point in the INLET of the G2143 laminator, slips and falls to the same level hitting his face and hand , he was immediately transferred to the medical service for evaluation.",,,,,['Fall prevention (same level)'],[],[],[],[],[],I,III,,,,Male,Third Party,at 2115 hours on 07182016 the collaborator warrin welder when trying to inspect a cracking point in the inlet of the g2143 laminator slips and falls to the same level hitting his face and hand  he was immediately transferred to the medical service for evaluation,DUP_0031,1,False,3
industrial_safety_000057,industrial_safety_analytics_database,incident,2016-03-03T00:00:00,Country_01,Local_03,Mining,,,"At a time when two assistants were carrying a bag of cement weighing 42.5 kg to the lamp of the loader - suspended about 10 cm from the floor, the left foot of one of the assistants slid and hit the edge of the baton.",,,,,['Others'],[],[],[],[],[],I,III,,,,Male,Third Party,at a time when two assistants were carrying a bag of cement weighing 425 kg to the lamp of the loader  suspended about 10 cm from the floor the left foot of one of the assistants slid and hit the edge of the baton,DUP_0035,1,False,3
industrial_safety_000007,industrial_safety_analytics_database,incident,2016-01-17T00:00:00,Country_01,Local_04,Mining,,,"At approximately 04:50 p.m., when the mechanic technician José of the Tecnomin verified the transmission belts of the HM-100 pump at the Acid plant, he proceeded to turn the pulley manually; unexpectedly at that instant the electrician supervisor Miguel of the EKA Mining grabs the transmission belts to verify their tension, at which point the finger traps.",,,,,['Pressed'],[],[],[],[],[],I,III,,,,Male,Third Party,at approximately 0450 pm when the mechanic technician josé of the tecnomin verified the transmission belts of the hm100 pump at the acid plant he proceeded to turn the pulley manually unexpectedly at that instant the electrician supervisor miguel of the eka mining grabs the transmission belts to verify their tension at which point the finger traps,DUP_0036,1,False,3
industrial_safety_000149,industrial_safety_analytics_database,incident,2016-06-05T00:00:00,Country_01,Local_03,Mining,,,"at level 2900, during the ore hauling activity with locomotive from the OP2 to the bines, at times when the convoy was traveling through the hopper of the OP1, the assistant motorist who was riding in the saddle holding the pole is struck weakly by a split set which was suspended in the HDP pipeline in the gable the work at 1.65 meters from the floor. At the time of the accident, the assistant was wearing all his safety equipment and was wearing a seatbelt. At the time of the accident the Split set only accompanied the movement path of the convoy.",,,,,['Others'],[],[],[],[],[],I,III,,,,Male,Employee,at level 2900 during the ore hauling activity with locomotive from the op2 to the bines at times when the convoy was traveling through the hopper of the op1 the assistant motorist who was riding in the saddle holding the pole is struck weakly by a split set which was suspended in the hdp pipeline in the gable the work at 165 meters from the floor at the time of the accident the assistant was wearing all his safety equipment and was wearing a seatbelt at the time of the accident the split set only accompanied the movement path of the convoy,DUP_0041,1,False,3
industrial_safety_000208,industrial_safety_analytics_database,incident,2016-08-19T00:00:00,Country_01,Local_03,Mining,,,"At level 2995 access # 6 A1 while the operator of the Scissor # 187 carried out the support of the right gable, from the platform it is arranged to place the Split set in the drill in the squat position to be introduced by the bolt, moment in which the which between the cocada of the support mesh falls from the crown a piece of rock (5cmx4cmx2cm; 112gr) from an approximate height of 2m impacting on the cervical region of the collaborator, causing the lesion described. At the time of the accident the crown was held and the collaborator used his safety glasses and gloves.",,,,,['Others'],[],[],[],[],[],I,III,,,,Male,Employee,at level 2995 access  6 a1 while the operator of the scissor  187 carried out the support of the right gable from the platform it is arranged to place the split set in the drill in the squat position to be introduced by the bolt moment in which the which between the cocada of the support mesh falls from the crown a piece of rock 5cmx4cmx2cm 112gr from an approximate height of 2m impacting on the cervical region of the collaborator causing the lesion described at the time of the accident the crown was held and the collaborator used his safety glasses and gloves,DUP_0043,1,False,3
industrial_safety_000307,industrial_safety_analytics_database,incident,2017-01-09T00:00:00,Country_01,Local_03,Mining,,,"At level 2995 access # 7, Scissor # 187 performed the sustaining activity, drilling the drill to install the Split when lifting the electrowelded mesh of 12 square meters (6m x 2m), weight 21 kg. Approximately to the team's platform, the assistant slips and feels a pain in the inner edge of the right knee.",,,,,['Others'],[],[],[],[],[],I,III,,,,Male,Employee,at level 2995 access  7 scissor  187 performed the sustaining activity drilling the drill to install the split when lifting the electrowelded mesh of 12 square meters 6m x 2m weight 21 kg approximately to the teams platform the assistant slips and feels a pain in the inner edge of the right knee,DUP_0044,1,False,3
industrial_safety_000207,industrial_safety_analytics_database,incident,2016-08-18T00:00:00,Country_01,Local_03,Mining,,,"At level 3450 access 4 A2, the operator of the Scissor # 200 performed the support of the crown, at which time a piece of rock (13cmx6cmx2cm; 54g) passes between the cocada of the support mesh, from a height of 1.60 meters, towards the platform of the team breaking into particles one of which reaches his right eye causing the injury.",,,,,['Others'],[],[],[],[],[],I,III,,,,Male,Employee,at level 3450 access 4 a2 the operator of the scissor  200 performed the support of the crown at which time a piece of rock 13cmx6cmx2cm 54g passes between the cocada of the support mesh from a height of 160 meters towards the platform of the team breaking into particles one of which reaches his right eye causing the injury,DUP_0046,1,False,3
industrial_safety_000311,industrial_safety_analytics_database,incident,2017-01-17T00:00:00,Country_01,Local_03,Mining,,,"At level 3450, Tajo area 2; after completing the drilling of drills for loading; the operator removes the bit from the jumbo arm and walks towards the crew cabin; from the crown of the work a fragment of rock that passes through the cocada of the mesh of 3 ""and impacts on its helmet and rebound hits the right shoulder of the operator, generating the described injury.",,,,,['remains of choco'],[],[],[],[],[],I,III,,,,Male,Employee,at level 3450 tajo area 2 after completing the drilling of drills for loading the operator removes the bit from the jumbo arm and walks towards the crew cabin from the crown of the work a fragment of rock that passes through the cocada of the mesh of 3 and impacts on its helmet and rebound hits the right shoulder of the operator generating the described injury,DUP_0047,1,False,3
industrial_safety_000294,industrial_safety_analytics_database,incident,2016-12-23T00:00:00,Country_01,Local_03,Mining,,,"At level 4150 Geology - Surface, master mine to temporarily repair water leakage from a 4-inch diameter metal distributor, makes a cut of a rim chamber strip of 4cm wide x 100cm long making Using a cutter, his partner stretches the camera when cutting with force the edge of the cutter makes contact with the index finger of the left hand causing a superficial cut. At the time of the event the worker was wearing boss gloves.",,,,,['Others'],[],[],[],[],[],I,III,,,,Male,Third Party,at level 4150 geology  surface master mine to temporarily repair water leakage from a 4inch diameter metal distributor makes a cut of a rim chamber strip of 4cm wide x 100cm long making using a cutter his partner stretches the camera when cutting with force the edge of the cutter makes contact with the index finger of the left hand causing a superficial cut at the time of the event the worker was wearing boss gloves,DUP_0053,1,False,3
industrial_safety_000027,industrial_safety_analytics_database,incident,2016-02-15T00:00:00,Country_01,Local_03,Mining,,,"At the end of the rock break at the intersection of the ramp -1055 and the opening of the access to the ventilation chimney, the master loader identifies rocks on the mesh proceeding to unload them, at the end he decides to verify if there are still remains by positioning himself under the line of fire, at which time a fragment of rock falls - 5x4x3cm .; 180 gr - between the cocada mesh impacting between the lens and the helmet causing the injury.",,,,,['Others'],[],[],[],[],[],I,III,,,,Male,Third Party,at the end of the rock break at the intersection of the ramp 1055 and the opening of the access to the ventilation chimney the master loader identifies rocks on the mesh proceeding to unload them at the end he decides to verify if there are still remains by positioning himself under the line of fire at which time a fragment of rock falls  5x4x3cm  180 gr  between the cocada mesh impacting between the lens and the helmet causing the injury,DUP_0061,1,False,3
industrial_safety_000324,industrial_safety_analytics_database,incident,2017-01-28T00:00:00,Country_01,Local_01,Mining,,,"At the moment of entering through the mouth of Tunel 3600, the employee moves on the left side of the locomotive LT-18 (locomotive of personnel transfer that was stationed at the entrance of the mouth) without noticing the protruding abutment of said locomotive at the bottom hitting his right knee with the metal stirrup. It should be noted that the operator continued his duties during the watch without reporting what happened. At 2:30 a.m. The extraction supervisor, upon noticing the discomfort of his partner in the knee, immediately evacuated him to Natclar after reporting to the control center.",,,,,['Vehicles and Mobile Equipment'],[],[],[],[],[],I,III,,,,Male,Employee,at the moment of entering through the mouth of tunel 3600 the employee moves on the left side of the locomotive lt18 locomotive of personnel transfer that was stationed at the entrance of the mouth without noticing the protruding abutment of said locomotive at the bottom hitting his right knee with the metal stirrup it should be noted that the operator continued his duties during the watch without reporting what happened at 230 am the extraction supervisor upon noticing the discomfort of his partner in the knee immediately evacuated him to natclar after reporting to the control center,DUP_0065,1,False,3
industrial_safety_000151,industrial_safety_analytics_database,incident,2016-06-08T00:00:00,Country_01,Local_04,Mining,,,"At times that the workers: Technician and Mr. Orlando of Boltec 2 of Cia. wanted to pass the hand stacker by a sardinel, the technician pulled the hydraulic arm, while Mr. was pushing from the nail of the equipment, when reaching the trench the rim is tied and the team turns forward falling on the technician.",,,,,['Others'],[],[],[],[],[],I,III,,,,Male,Third Party,at times that the workers technician and mr orlando of boltec 2 of cia wanted to pass the hand stacker by a sardinel the technician pulled the hydraulic arm while mr was pushing from the nail of the equipment when reaching the trench the rim is tied and the team turns forward falling on the technician,DUP_0068,1,False,3
industrial_safety_000279,industrial_safety_analytics_database,incident,2016-12-08T00:00:00,Country_01,Local_01,Mining,,,"At times when four employees lowered a metal sheet (1.5mx1.8m; m 80Kg) towards the floor from a height of 20 cm., The assembly assistant does not timely remove the hand, trapping his ring finger between the iron and loose earth causing a contusion on his ring finger. The collaborator at the time of the event to use their maneuver gloves.",,,,,['Others'],[],[],[],[],[],I,III,,,,Male,Third Party (Remote),at times when four employees lowered a metal sheet 15mx18m m 80kg towards the floor from a height of 20 cm the assembly assistant does not timely remove the hand trapping his ring finger between the iron and loose earth causing a contusion on his ring finger the collaborator at the time of the event to use their maneuver gloves,DUP_0069,1,False,3
industrial_safety_000199,industrial_safety_analytics_database,incident,2016-08-01T00:00:00,Country_01,Local_04,Mining,,,"At times when the worker was cleaning the long holes of the production mesh in negative, when removing the polyethylene pipe it suffers a clogging inside the drill, which product of compressed air pressure is released by ejecting detritus and fragments of rock inside the hole impacting the worker's forehead causing a cut.",,,,,['Others'],[],[],[],[],[],II,III,,,,Male,Third Party,at times when the worker was cleaning the long holes of the production mesh in negative when removing the polyethylene pipe it suffers a clogging inside the drill which product of compressed air pressure is released by ejecting detritus and fragments of rock inside the hole impacting the workers forehead causing a cut,DUP_0073,1,False,3
industrial_safety_000322,industrial_safety_analytics_database,incident,2017-01-27T00:00:00,Country_01,Local_04,Mining,,,"Being 00:10 am at times when the collaborator was passing a tubo ""PVC pipe to the loader to uncover the fifth hole that was obstructed by a piece of rock. The operator of the Jetanol accidentally activates the air valve, causing the loading pipe that was in the floor to rise suddenly throwing prils of anfo (excess in pipe) on the cheekbone and eyelid of the right eye of the victim.",,,,,['Others'],[],[],[],[],[],II,III,,,,Male,Third Party,being 0010 am at times when the collaborator was passing a tubo pvc pipe to the loader to uncover the fifth hole that was obstructed by a piece of rock the operator of the jetanol accidentally activates the air valve causing the loading pipe that was in the floor to rise suddenly throwing prils of anfo excess in pipe on the cheekbone and eyelid of the right eye of the victim,DUP_0075,1,False,3
industrial_safety_000241,industrial_safety_analytics_database,incident,2016-10-01T00:00:00,Country_01,Local_04,Mining,,,"Being 10:50 a.m. approximately, in the maintenance workshop of the E.E Unicon, in circumstances that two mechanical technicians placed the protective plate (30 kg.) of the Mixkret 111 fuel tank, At the moment of attempting to bolt this protective plate it slips from the hands of one of them falling directly on the instep of the left foot, causing the injury described.",,,,,['Others'],[],[],[],[],[],II,III,,,,Male,Third Party,being 1050 am approximately in the maintenance workshop of the ee unicon in circumstances that two mechanical technicians placed the protective plate 30 kg of the mixkret 111 fuel tank at the moment of attempting to bolt this protective plate it slips from the hands of one of them falling directly on the instep of the left foot causing the injury described,DUP_0081,1,False,3
industrial_safety_000138,industrial_safety_analytics_database,incident,2016-05-12T00:00:00,Country_01,Local_04,Mining,,,"Being 10:50 am. Approximately, in the workshop of mechanical maintenance (surface) Mr. Orlando of boltec) and his assistant Mr. Macedonio made the cut of the link to shorten the distance of the chain and hold the injection hose of resin, instant that the saw blade leaves its cutting position, affecting the second finger of the left hand causing the injury.",,,,,['Others'],[],[],[],[],[],I,III,,,,Male,Employee,being 1050 am approximately in the workshop of mechanical maintenance surface mr orlando of boltec and his assistant mr macedonio made the cut of the link to shorten the distance of the chain and hold the injection hose of resin instant that the saw blade leaves its cutting position affecting the second finger of the left hand causing the injury,DUP_0082,1,False,3
industrial_safety_000122,industrial_safety_analytics_database,incident,2016-05-04T00:00:00,Country_01,Local_04,Mining,,,"Being 11:30 am. approximately, in the Nv. 1940, CX-791. Mr. Francisco - Operator of the Scoop 18, observes a polyethylene pipe thrown on the road, proceeding to lower his equipment and when was found by lifting the pipe to the hook of the right gable, a piece of rock that was suspended in the lectro-welded mesh, impacting on the operator's right eyebrow, causing the injury.",,,,,['Others'],[],[],[],[],[],I,III,,,,Male,Employee,being 1130 am approximately in the nv 1940 cx791 mr francisco  operator of the scoop 18 observes a polyethylene pipe thrown on the road proceeding to lower his equipment and when was found by lifting the pipe to the hook of the right gable a piece of rock that was suspended in the lectrowelded mesh impacting on the operators right eyebrow causing the injury,DUP_0083,1,False,3
industrial_safety_000110,industrial_safety_analytics_database,incident,2016-04-23T00:00:00,Country_01,Local_04,Mining,,,"Being 12:20 pm. Approximately in NV 1680 OB5 CX 018, Mr. Cesar - Operator of mine services, in an instant that he was picking up the cat position one of the truck crane of plate ACL 804, when raising with the right hand the lower part of the cat is indexed the index finger of the left hand, between the body of the cylinder valve of the cat and the valve of the turntable that was in the upper part.",,,,,['Others'],[],[],[],[],[],I,III,,,,Male,Employee,being 1220 pm approximately in nv 1680 ob5 cx 018 mr cesar  operator of mine services in an instant that he was picking up the cat position one of the truck crane of plate acl 804 when raising with the right hand the lower part of the cat is indexed the index finger of the left hand between the body of the cylinder valve of the cat and the valve of the turntable that was in the upper part,DUP_0085,1,False,3
industrial_safety_000103,industrial_safety_analytics_database,incident,2016-04-16T00:00:00,Country_01,Local_04,Mining,,,"Being 2:40 am. Approximately, Luna - master loader of the company Incimet was carrying out the loading activity of the front in the Cruiser 771 of the 1970 level; in moments that was tying the pentacord of the crown and trying to reach the fanel on the left side, loses balance by a movement of the ladder and falls to the floor resulting in the accident.",,,,,['Others'],[],[],[],[],[],I,III,,,,Male,Third Party,being 240 am approximately luna  master loader of the company incimet was carrying out the loading activity of the front in the cruiser 771 of the 1970 level in moments that was tying the pentacord of the crown and trying to reach the fanel on the left side loses balance by a movement of the ladder and falls to the floor resulting in the accident,DUP_0086,1,False,3
industrial_safety_000362,industrial_safety_analytics_database,incident,2017-03-06T00:00:00,Country_01,Local_04,Mining,,,"Being 5:40 pm approx. when the collaborator Mr. Duval (sampler), was preparing to change and remove the buckets from the pulp samples of the plant courier, he slipped and fell to the ground supporting himself with the right hand generating the lesion described.",,,,,['Fall'],[],[],[],[],[],I,III,,,,Male,Third Party (Remote),being 540 pm approx when the collaborator mr duval sampler was preparing to change and remove the buckets from the pulp samples of the plant courier he slipped and fell to the ground supporting himself with the right hand generating the lesion described,DUP_0089,1,False,3
industrial_safety_000083,industrial_safety_analytics_database,incident,2016-03-31T00:00:00,Country_01,Local_06,Metals,,,Being approximately 14:25 h when supervising the line clamping of the POM D071 Roy Canario returning to the thickener D1304 hits his nose with the metal chute out of operation.,,,,,['Others'],[],[],[],[],[],I,III,,,,Male,Employee,being approximately 1425 h when supervising the line clamping of the pom d071 roy canario returning to the thickener d1304 hits his nose with the metal chute out of operation,DUP_0094,1,False,3
industrial_safety_000434,industrial_safety_analytics_database,incident,2017-07-04T00:00:00,Country_01,Local_04,Mining,,,"Being approximately 5:00 a.m. approximately, when lifting the Kelly HQ towards the pulley of the frame to align it, the assistant Marco that is in the later one is struck the hand against the frame generating the injury.",,,,,['Others'],[],[],[],[],[],I,III,,,,Male,Third Party,being approximately 500 am approximately when lifting the kelly hq towards the pulley of the frame to align it the assistant marco that is in the later one is struck the hand against the frame generating the injury,DUP_0096,1,False,3
industrial_safety_000014,industrial_safety_analytics_database,incident,2016-02-04T00:00:00,Country_02,Local_05,Metals,,,"Due to the accumulation of Waelz on the conveyor and trailer of the Filter 08FI0502, the employee performed the cleaning of the shutter using the air lance, when he was surprised by the fall of the product that was above the door, passing between the neck and the collar of the aramid jacket and causing burn in the neck and shoulder.",,,,,['Confined space'],[],[],[],[],[],I,III,,,,Male,Employee,due to the accumulation of waelz on the conveyor and trailer of the filter 08fi0502 the employee performed the cleaning of the shutter using the air lance when he was surprised by the fall of the product that was above the door passing between the neck and the collar of the aramid jacket and causing burn in the neck and shoulder,DUP_0107,1,False,3
industrial_safety_000325,industrial_safety_analytics_database,incident,2017-01-31T00:00:00,Country_02,Local_08,Metals,,,"During the assembly activity of polypropylene pipe with 4 ""diameter, the employee stepped on the pipe flange, it twisted his right foot.",,,,,['Others'],[],[],[],[],[],I,III,,,,Male,Employee,during the assembly activity of polypropylene pipe with 4 diameter the employee stepped on the pipe flange it twisted his right foot,DUP_0121,1,False,3
industrial_safety_000173,industrial_safety_analytics_database,incident,2016-06-24T00:00:00,Country_01,Local_01,Mining,,,"During the change of rim position 1 of the Jumbo ° 15, at moments that the mechanical technician with the support of the electrician disengaged the bolts, when loosening the fourth nut with the help of a lever (metal tube 1 ""diameter, 1.8m of length and a weight of 5.5 Kg), this bouncing effect returning to the initial position hitting in the palm of the left hand the electrician technician causing the injury. The employees at the time of the accident used their PPE's including leather gloves.",,,,,['Others'],[],[],[],[],[],I,III,,,,Male,Third Party,during the change of rim position 1 of the jumbo  15 at moments that the mechanical technician with the support of the electrician disengaged the bolts when loosening the fourth nut with the help of a lever metal tube 1 diameter 18m of length and a weight of 55 kg this bouncing effect returning to the initial position hitting in the palm of the left hand the electrician technician causing the injury the employees at the time of the accident used their ppes including leather gloves,DUP_0122,1,False,3
industrial_safety_000101,industrial_safety_analytics_database,incident,2016-04-14T00:00:00,Country_02,Local_08,Metals,,,"During the cleaning of the 16 ""vertical pipe using the hydrojet equipment (high pressure hose), the hose returned due to obstruction of the pipe with residue, reaching the operator who was actuating the equipment pedal .",,,,,['Pressurized Systems'],[],[],[],[],[],I,III,,,,Male,Employee,during the cleaning of the 16 vertical pipe using the hydrojet equipment high pressure hose the hose returned due to obstruction of the pipe with residue reaching the operator who was actuating the equipment pedal,DUP_0123,1,False,3
industrial_safety_000067,industrial_safety_analytics_database,incident,2016-03-14T00:00:00,Country_01,Local_06,Metals,,,"During the discharge of waste, the operator proceeds to remove a bag that was under the hose rolled, in this circumstance one of the ends of the hose moves in the direction of the face of the driver, projecting the liquid contained in it and impacting it on the ear and part of the face.",,,,,['Chemical substances'],[],[],[],[],[],II,III,,,,Male,Third Party (Remote),during the discharge of waste the operator proceeds to remove a bag that was under the hose rolled in this circumstance one of the ends of the hose moves in the direction of the face of the driver projecting the liquid contained in it and impacting it on the ear and part of the face,DUP_0125,1,False,3
industrial_safety_000273,industrial_safety_analytics_database,incident,2016-11-29T00:00:00,Country_02,Local_08,Metals,,,"During the exchange of the shock-bearing housing, the employee used a sledgehammer to hit the pipe. At this stage of the activity the hammer hit the stepladder that was very close, coming to (hand tool) to be projected onto the left hand thumb, which was holding the piece.",,,,,['Others'],[],[],[],[],[],II,III,,,,Male,Employee,during the exchange of the shockbearing housing the employee used a sledgehammer to hit the pipe at this stage of the activity the hammer hit the stepladder that was very close coming to hand tool to be projected onto the left hand thumb which was holding the piece,DUP_0127,1,False,3
industrial_safety_000234,industrial_safety_analytics_database,incident,2016-09-21T00:00:00,Country_01,Local_03,Mining,,,"During the maintenance of the access, at the moment the assistant places the mini split set in the adapter, the clamp - which was locked - returns to its initial position hitting the collaborator's hand causing the described injury. At the time of the accident the team was in a sustained area, the arm of the jumbo was at a height of 0.80m from the floor and the employee was wearing rubber gloves.",,,,,['Others'],[],[],[],[],[],I,III,,,,Male,Third Party,during the maintenance of the access at the moment the assistant places the mini split set in the adapter the clamp  which was locked  returns to its initial position hitting the collaborators hand causing the described injury at the time of the accident the team was in a sustained area the arm of the jumbo was at a height of 080m from the floor and the employee was wearing rubber gloves,DUP_0135,1,False,3
industrial_safety_000134,industrial_safety_analytics_database,incident,2016-05-22T00:00:00,Country_02,Local_08,Metals,,,"During the maintenance on the LX-P-205B pump, there was the projection of silicate pulp, reaching the right leg of the employee.",,,,,['Blocking and isolation of energies'],[],[],[],[],[],I,III,,,,Male,Employee,during the maintenance on the lxp205b pump there was the projection of silicate pulp reaching the right leg of the employee,DUP_0139,1,False,3
industrial_safety_000301,industrial_safety_analytics_database,incident,2017-01-05T00:00:00,Country_01,Local_03,Mining,,,"During the mechanized support activity in the level 3450 - Tajo when lifting the support mesh on the platform of the Scissor equipment, the employee with a stumble feels a pain in the heel of the left foot.",,,,,['Others'],[],[],[],[],[],I,III,,,,Male,Employee,during the mechanized support activity in the level 3450  tajo when lifting the support mesh on the platform of the scissor equipment the employee with a stumble feels a pain in the heel of the left foot,DUP_0142,1,False,3
industrial_safety_000074,industrial_safety_analytics_database,incident,2016-03-19T00:00:00,Country_01,Local_01,Mining,,,"During the placement of the last support mesh cloth of the work, in moments that from the ground the injured collaborator reached the electrowelded mesh to the operator of the scissor bolter positioned in the basket, when pressing on the mesh, one of the protruding ends of the mesh, crosses the leather glove causing an injury in his right hand.",,,,,['Others'],[],[],[],[],[],I,III,,,,Male,Employee,during the placement of the last support mesh cloth of the work in moments that from the ground the injured collaborator reached the electrowelded mesh to the operator of the scissor bolter positioned in the basket when pressing on the mesh one of the protruding ends of the mesh crosses the leather glove causing an injury in his right hand,DUP_0144,1,False,3
industrial_safety_000145,industrial_safety_analytics_database,incident,2016-06-02T00:00:00,Country_02,Local_05,Metals,,,"During the process of washing the material (Becker), the tip of the material was broken which caused a cut of the 5th finger of the right hand",,,,,['Cut'],[],[],[],[],[],I,III,,,,Male,Employee,during the process of washing the material becker the tip of the material was broken which caused a cut of the 5th finger of the right hand,DUP_0151,1,False,3
industrial_safety_000056,industrial_safety_analytics_database,incident,2016-03-02T00:00:00,Country_01,Local_06,Metals,,,"During the start of the neutral leaching process, the employee Jhonatan proceeds to open the air valve of the tank Airlift a circumstance in which the process solution returns through the chimney, the solution coming into contact with the arm and right foot.",,,,,['Blocking and isolation of energies'],[],[],[],[],[],I,III,,,,Male,Employee,during the start of the neutral leaching process the employee jhonatan proceeds to open the air valve of the tank airlift a circumstance in which the process solution returns through the chimney the solution coming into contact with the arm and right foot,DUP_0154,1,False,3
industrial_safety_000139,industrial_safety_analytics_database,incident,2016-05-25T00:00:00,Country_01,Local_04,Mining,,,"During the tests of the soft starter of the engine of belt 03 the collaborator Igor moves around the site and at approximately 19:45 pm falls into a trench for electric cables, (0.90m deep), the same as was found partially discovered.",,,,,['Others'],[],[],[],[],[],II,III,,,,Male,Employee,during the tests of the soft starter of the engine of belt 03 the collaborator igor moves around the site and at approximately 1945 pm falls into a trench for electric cables 090m deep the same as was found partially discovered,DUP_0155,1,False,3
industrial_safety_000349,industrial_safety_analytics_database,incident,2017-02-23T00:00:00,Country_02,Local_07,Mining,,,"During the transport of pieces of wood with the aid of a wheelbarrow, the employee felt a prick in the right leg, at that moment stopped the activity, removed the leggings and when shaking the pants noticed that it was a small scorpion.",,,,,['Venomous Animals'],[],[],[],[],[],I,III,,,,Male,Third Party (Remote),during the transport of pieces of wood with the aid of a wheelbarrow the employee felt a prick in the right leg at that moment stopped the activity removed the leggings and when shaking the pants noticed that it was a small scorpion,DUP_0157,1,False,3
industrial_safety_000005,industrial_safety_analytics_database,incident,2016-01-12T00:00:00,Country_02,Local_05,Metals,,,"During the unloading operation of the ustulado Bag there was a need to unclog the discharge mouth of the silo truck. In performing this procedure, there was a maneuver of unhooking the hose without the total depressurisation of the mouth, projecting ustulado powder in the collaborator caused irritation in the eyes.",,,,,['Pressurized Systems'],[],[],[],[],[],I,III,,,,Male,Third Party (Remote),during the unloading operation of the ustulado bag there was a need to unclog the discharge mouth of the silo truck in performing this procedure there was a maneuver of unhooking the hose without the total depressurisation of the mouth projecting ustulado powder in the collaborator caused irritation in the eyes,DUP_0159,1,False,3
industrial_safety_000280,industrial_safety_analytics_database,incident,2016-12-09T00:00:00,Country_02,Local_02,Mining,,,"During the withdrawal of the metal form support screw in the Inside of well 2, when the bolt of the chain holder was loosened, the employee and a helper exerted force on the combination wrench, when the bolt came to loosen immediately, pressing the ring finger of the employee's right hand against the support.",,,,,['Others'],[],[],[],[],[],II,III,,,,Male,Third Party (Remote),during the withdrawal of the metal form support screw in the inside of well 2 when the bolt of the chain holder was loosened the employee and a helper exerted force on the combination wrench when the bolt came to loosen immediately pressing the ring finger of the employees right hand against the support,DUP_0162,1,False,3
industrial_safety_000378,industrial_safety_analytics_database,incident,2017-04-07T00:00:00,Country_02,Local_02,Mining,,,"Employee moved toward the structure of post 10, when it came to step in false, suffering twisting in the left ankle.",,,,,['Others'],[],[],[],[],[],I,III,,,,Male,Third Party (Remote),employee moved toward the structure of post 10 when it came to step in false suffering twisting in the left ankle,DUP_0166,1,False,3
industrial_safety_000376,industrial_safety_analytics_database,incident,2017-04-04T00:00:00,Country_02,Local_05,Metals,,,"Employee reports that he was supervising an activity in the Ustulation, near the Ball when a projection of hot humped dust from the upper floor reached his cervical (""neck"" region), causing a first degree burn.",,,,,['Chemical substances'],[],[],[],[],[],I,III,,,,Male,Employee,employee reports that he was supervising an activity in the ustulation near the ball when a projection of hot humped dust from the upper floor reached his cervical neck region causing a first degree burn,DUP_0174,1,False,3
industrial_safety_000096,industrial_safety_analytics_database,incident,2016-04-05T00:00:00,Country_02,Local_05,Metals,,,Employee reports that when handling the air conditioning pressed the 2nd right chirodactilo causing a contusion.,,,,,['Pressed'],[],[],[],[],[],I,III,,,,Male,Third Party,employee reports that when handling the air conditioning pressed the 2nd right chirodactilo causing a contusion,DUP_0177,1,False,3
industrial_safety_000287,industrial_safety_analytics_database,incident,2016-12-15T00:00:00,Country_02,Local_05,Metals,,,"Employee reports that when returning the anode to the easel the even bumped into the side of the easel coming to swing and hit his right shoulder, causing bruise.",,,,,['Others'],[],[],[],[],[],I,III,,,,Male,Employee,employee reports that when returning the anode to the easel the even bumped into the side of the easel coming to swing and hit his right shoulder causing bruise,DUP_0178,1,False,3
industrial_safety_000250,industrial_safety_analytics_database,incident,2016-10-11T00:00:00,Country_02,Local_05,Metals,,,Employee was doing cleaning near the area of ​​the pneumatic conveyor when he was hit by a drop of sulfuric acid on his upper lip.,,,,,['Chemical substances'],[],[],[],[],[],I,III,,,,Male,Employee,employee was doing cleaning near the area of the pneumatic conveyor when he was hit by a drop of sulfuric acid on his upper lip,DUP_0182,1,False,3
industrial_safety_000328,industrial_safety_analytics_database,incident,2017-02-04T00:00:00,Country_02,Local_02,Mining,,,Employee was performing drilling activity with the LM17 probe at level 585 GPS and when positioning the needle stem came to hit the left hand ring finger against the retraction box causing superficial injury.,,,,,['Manual Tools'],[],[],[],[],[],I,III,,,,Male,Employee,employee was performing drilling activity with the lm17 probe at level 585 gps and when positioning the needle stem came to hit the left hand ring finger against the retraction box causing superficial injury,DUP_0184,1,False,3
industrial_safety_000366,industrial_safety_analytics_database,incident,2017-03-09T00:00:00,Country_02,Local_05,Metals,,,"Employee was performing maintenance on filter press, in the Filtration area (GRS). When he dismantled the hose clamp in a turning motion, he had contact with the burr of the tip of one of the screws that was exposed, causing him a cut in his glove and wound in the 3rd quirodactilo of the left hand.",,,,,['Machine Protection'],[],[],[],[],[],I,III,,,,Male,Third Party,employee was performing maintenance on filter press in the filtration area grs when he dismantled the hose clamp in a turning motion he had contact with the burr of the tip of one of the screws that was exposed causing him a cut in his glove and wound in the 3rd quirodactilo of the left hand,DUP_0185,1,False,3
industrial_safety_000235,industrial_safety_analytics_database,incident,2016-09-21T00:00:00,Country_02,Local_05,Metals,,,"Employee was preparing rice using a utensil type skimmer to stir inside the pressure cooker when part of the cable broke, reaching its hand causing a blunt cut.",,,,,['Manual Tools'],[],[],[],[],[],II,III,,,,Male,Third Party,employee was preparing rice using a utensil type skimmer to stir inside the pressure cooker when part of the cable broke reaching its hand causing a blunt cut,DUP_0186,1,False,3
industrial_safety_000319,industrial_safety_analytics_database,incident,2017-01-24T00:00:00,Country_02,Local_05,Metals,,,"Employee was transiting the GRS area when he came to slip, suffering a twist in his left knee.",,,,,['Fall'],[],[],[],[],[],I,III,,,,Male,Third Party (Remote),employee was transiting the grs area when he came to slip suffering a twist in his left knee,DUP_0189,1,False,3
industrial_safety_000068,industrial_safety_analytics_database,incident,2016-03-13T00:00:00,Country_01,Local_03,Mining,,,"In circumstances that the Operator 176 was going from level 620 to level 640, he noticed that the hydraulic pump's inspection cover (18 ""x32"" x3 / 8 "", 15 Kg approx.) Was about to fall, so he stopped the equipment, activates the cats and climbs up the upper part of the equipment and in moments that accommodated the cover it slides on its middle finger causing the injury.",,,,,['Others'],[],[],[],[],[],I,III,,,,Male,Employee,in circumstances that the operator 176 was going from level 620 to level 640 he noticed that the hydraulic pumps inspection cover 18 x32 x3  8  15 kg approx was about to fall so he stopped the equipment activates the cats and climbs up the upper part of the equipment and in moments that accommodated the cover it slides on its middle finger causing the injury,DUP_0206,1,False,3
industrial_safety_000290,industrial_safety_analytics_database,incident,2016-12-19T00:00:00,Country_01,Local_04,Mining,,,"In circumstances that the operator performed the lifting of an 8-inch vitaulic pipe, this is imprisoned in the structure of the railing of the truck, instants that pushes the pipe with the right hand this returns to its initial position hitting the middle finger of the employee causing a bruise",,,,,['Others'],[],[],[],[],[],I,III,,,,Male,Employee,in circumstances that the operator performed the lifting of an 8inch vitaulic pipe this is imprisoned in the structure of the railing of the truck instants that pushes the pipe with the right hand this returns to its initial position hitting the middle finger of the employee causing a bruise,DUP_0207,1,False,3
industrial_safety_000323,industrial_safety_analytics_database,incident,2017-01-29T00:00:00,Country_01,Local_01,Mining,,,"In circumstances that the tipper MV-01 of the EE Mceisa, moved of the Nv. 3120 to Nv. 3300, the operator sees a congestion of equipment in front of his unit in the Ramp 990 - at a distance of 80 meters. of access to the Nv. 3300, which is why he decides to get off the cab by turning off his vehicle, when suddenly he slides off the second rung that is 0.70 m from the ground, hitting the right forearm region against the fender and the same rung.",,,,,['Vehicles and Mobile Equipment'],[],[],[],[],[],I,III,,,,Male,Third Party,in circumstances that the tipper mv01 of the ee mceisa moved of the nv 3120 to nv 3300 the operator sees a congestion of equipment in front of his unit in the ramp 990  at a distance of 80 meters of access to the nv 3300 which is why he decides to get off the cab by turning off his vehicle when suddenly he slides off the second rung that is 070 m from the ground hitting the right forearm region against the fender and the same rung,DUP_0209,1,False,3
industrial_safety_000306,industrial_safety_analytics_database,incident,2017-01-09T00:00:00,Country_01,Local_01,Mining,,,"In circumstances where the worker hit the support of the drill beam advance cylinder to align the base of the beam with the holes of the beam and place the bolt, mechanical hammer slips and by inertia the mechanic's hand hits the edge of the beam causing the injury. At the time of the accident the employee had all the PPE for this activity.",,,,,['Others'],[],[],[],[],[],I,III,,,,Male,Third Party,in circumstances where the worker hit the support of the drill beam advance cylinder to align the base of the beam with the holes of the beam and place the bolt mechanical hammer slips and by inertia the mechanics hand hits the edge of the beam causing the injury at the time of the accident the employee had all the ppe for this activity,DUP_0218,1,False,3
industrial_safety_000171,industrial_safety_analytics_database,incident,2016-06-22T00:00:00,Country_01,Local_03,Mining,,,"In level 2930 access Siemag camera roof, at times when the piquero civil operator looked for a stilson key of 12 ""inside its metal tool box, open the metal lid (1m x 0.6m x 0.7m; 5 Kg of weight) with both hands, then push the lid backwards positioning your right hand near the base of the lid causing an incentration of your fifth finger between the lid and the structure of the box at the height of the hinge. At the time of the accident, the employee wore pad gloves, which reduced the consequence of the injury.",,,,,['Others'],[],[],[],[],[],I,III,,,,Male,Third Party (Remote),in level 2930 access siemag camera roof at times when the piquero civil operator looked for a stilson key of 12 inside its metal tool box open the metal lid 1m x 06m x 07m 5 kg of weight with both hands then push the lid backwards positioning your right hand near the base of the lid causing an incentration of your fifth finger between the lid and the structure of the box at the height of the hinge at the time of the accident the employee wore pad gloves which reduced the consequence of the injury,DUP_0222,1,False,3
industrial_safety_000389,industrial_safety_analytics_database,incident,2017-04-23T00:00:00,Country_01,Local_04,Mining,,,"In moments that Mr. William carried out the inspection of the cut of the Block 781 Level 1850 OB6A, so that the loading platform could be realized, in instants that observed the drills positive radial ones that were covered and shotcreteados, he hears a noise from the upper part of the pit (detachments of banks at the center of the pit), to which Mr. William goes back to leave work, but his metatarsal boots makes contact with a rock that was on the floor which causes it to lose balance and stumble on the gable.",,,,,['Others'],[],[],[],[],[],I,III,,,,Male,Third Party,in moments that mr william carried out the inspection of the cut of the block 781 level 1850 ob6a so that the loading platform could be realized in instants that observed the drills positive radial ones that were covered and shotcreteados he hears a noise from the upper part of the pit detachments of banks at the center of the pit to which mr william goes back to leave work but his metatarsal boots makes contact with a rock that was on the floor which causes it to lose balance and stumble on the gable,DUP_0223,1,False,3
industrial_safety_000104,industrial_safety_analytics_database,incident,2016-04-16T00:00:00,Country_01,Local_03,Mining,,,"In moments that the worker-mechanic was the workshop of maintenance, the wire of his mining lamp is hooked with a drill hole (4.0 Kg) that was on the work table of the workshop, which fell 1.m and impacted his left foot causing a minor bruise. At the time of the accident the collaborator used his safety boots with steel toecap.",,,,,['Others'],[],[],[],[],[],I,III,,,,Male,Third Party,in moments that the workermechanic was the workshop of maintenance the wire of his mining lamp is hooked with a drill hole 40 kg that was on the work table of the workshop which fell 1m and impacted his left foot causing a minor bruise at the time of the accident the collaborator used his safety boots with steel toecap,DUP_0226,1,False,3
industrial_safety_000353,industrial_safety_analytics_database,incident,2017-02-26T00:00:00,Country_01,Local_01,Mining,,,"In moments when the staff of the IMPROMEC company was heading towards the 447 pique to support shotcrete casting jobs; One of the electricians does not identify a lane and water in the road, so his right leg enters the gutter of 0.8 m depth causing the injury. The service of the litorina was paralyzed for the entrance of this personnel.",,,,,['Fall'],[],[],[],[],[],I,III,,,,Male,Third Party,in moments when the staff of the impromec company was heading towards the 447 pique to support shotcrete casting jobs one of the electricians does not identify a lane and water in the road so his right leg enters the gutter of 08 m depth causing the injury the service of the litorina was paralyzed for the entrance of this personnel,DUP_0228,1,False,3
industrial_safety_000153,industrial_safety_analytics_database,incident,2016-06-07T00:00:00,Country_01,Local_03,Mining,,,"In phase III of the concentrator plant, the maintenance personnel carried out the removal of transmission belt from the flotation cell of Pb cleaning; at the moment the mechanic removed the belt he leans on his left leg which slides towards the grating floor, leaving his foot between the two pipes generating the lesion described. The work was carried out at the floor level and at the time of the accident, the staff had put on their safety equipment.",,,,,['Others'],[],[],[],[],[],I,III,,,,Male,Third Party,in phase iii of the concentrator plant the maintenance personnel carried out the removal of transmission belt from the flotation cell of pb cleaning at the moment the mechanic removed the belt he leans on his left leg which slides towards the grating floor leaving his foot between the two pipes generating the lesion described the work was carried out at the floor level and at the time of the accident the staff had put on their safety equipment,DUP_0230,1,False,3
industrial_safety_000246,industrial_safety_analytics_database,incident,2016-10-04T00:00:00,Country_03,Local_10,Others,,,"In the probe 5068 bore BAPDD00146, around 15:00 hours, the polling assistant Luciano da Silva performing the maneuver of descending rods, led the rod to the gutter, but this when not leaning suitably came to escape the gutter returning toward the easel. His hand had slipped and his little finger was between the rod and the easel. Realizing that the shaft had returned, he released it. immediately, but his little finger was partially hit by the rim of the rod against the easel resulting in a cut. The auxiliary was taken to hospital and attended to, the wound resulted in 5 points and the was released for administrative activities.",,,,,['Others'],[],[],[],[],[],III,III,,,,Male,Employee,in the probe 5068 bore bapdd00146 around 1500 hours the polling assistant luciano da silva performing the maneuver of descending rods led the rod to the gutter but this when not leaning suitably came to escape the gutter returning toward the easel his hand had slipped and his little finger was between the rod and the easel realizing that the shaft had returned he released it immediately but his little finger was partially hit by the rim of the rod against the easel resulting in a cut the auxiliary was taken to hospital and attended to the wound resulted in 5 points and the was released for administrative activities,DUP_0244,1,False,3
industrial_safety_000002,industrial_safety_analytics_database,incident,2016-01-06T00:00:00,Country_01,Local_03,Mining,,,"In the sub-station MILPO located at level +170 when the collaborator was doing the excavation work with a pick (hand tool), hitting a rock with the flat part of the beak, it bounces off hitting the steel tip of the safety shoe and then the metatarsal area of ​​the left foot of the collaborator causing the injury.",,,,,['Manual Tools'],[],[],[],[],[],I,III,,,,Male,Third Party (Remote),in the substation milpo located at level 170 when the collaborator was doing the excavation work with a pick hand tool hitting a rock with the flat part of the beak it bounces off hitting the steel tip of the safety shoe and then the metatarsal area of the left foot of the collaborator causing the injury,DUP_0247,1,False,3
industrial_safety_000351,industrial_safety_analytics_database,incident,2017-02-25T00:00:00,Country_01,Local_01,Mining,,,"In the support process, in circumstances that the assistant performs the Last cut in the transverse length of the mesh; The mesh generates a movement towards the operator and hits the face causing the described injury.",,,,,['Projection'],[],[],[],[],[],I,III,,,,Male,Employee,in the support process in circumstances that the assistant performs the last cut in the transverse length of the mesh the mesh generates a movement towards the operator and hits the face causing the described injury,DUP_0248,1,False,3
industrial_safety_000127,industrial_safety_analytics_database,incident,2016-05-11T00:00:00,Country_01,Local_03,Mining,,,"In the welding workshop of level 3620 (Ex -450 tunnel quinoa), in moments that the assistant raised a wooden strut - 3m long x 4 ""diameter - 20 Kg of weight, to place it on the work table at 1.30 m of height, treads another wooden strut placed on the floor losing the balance falling at the same level lying laterally on a concrete wall causing a bruise on the left shoulder.",,,,,['Others'],[],[],[],[],[],I,III,,,,Male,Third Party,in the welding workshop of level 3620 ex 450 tunnel quinoa in moments that the assistant raised a wooden strut  3m long x 4 diameter  20 kg of weight to place it on the work table at 130 m of height treads another wooden strut placed on the floor losing the balance falling at the same level lying laterally on a concrete wall causing a bruise on the left shoulder,DUP_0251,1,False,3
industrial_safety_000416,industrial_safety_analytics_database,incident,2017-06-09T00:00:00,Country_01,Local_06,Metals,,,"Mr. Emerson was moving trays; when climbing the staircase that gives access to the former dining room and finding himself on the last step, he slips and falls to the floor; supporting the body forward, suffering blows to the right knee with the floor, as well as in the nose with the metal trays it was carrying, causing a cut in the nose and ematoma in the knee.",,,,,['Fall'],[],[],[],[],[],I,III,,,,Male,Third Party,mr emerson was moving trays when climbing the staircase that gives access to the former dining room and finding himself on the last step he slips and falls to the floor supporting the body forward suffering blows to the right knee with the floor as well as in the nose with the metal trays it was carrying causing a cut in the nose and ematoma in the knee,DUP_0255,1,False,3
industrial_safety_000060,industrial_safety_analytics_database,incident,2016-03-06T00:00:00,Country_01,Local_04,Mining,,,"On pit 831 of level 1910 when radial drilling was performed of negative holes with the simba M4C ITH No. 5 equipment, when the assistant of the equipment operator made the change of the drill bit, the metal bar (hammer) is released from the coupling of the rotation unit and when abruptly withdrawing his hands hit the back of his right hand against the team's structure. At the time of the accident the team was Paid.",,,,,['Others'],[],[],[],[],[],I,III,,,,Male,Employee,on pit 831 of level 1910 when radial drilling was performed of negative holes with the simba m4c ith no 5 equipment when the assistant of the equipment operator made the change of the drill bit the metal bar hammer is released from the coupling of the rotation unit and when abruptly withdrawing his hands hit the back of his right hand against the teams structure at the time of the accident the team was paid,DUP_0271,1,False,3
industrial_safety_000219,industrial_safety_analytics_database,incident,2016-09-04T00:00:00,Country_01,Local_03,Mining,,,"On the surface, in the dining room of employees of the unit, while the collaborator performed the chicken habilitation for lunch using a kitchen knife, it comes into contact with the distal part of the second finger of the left hand causing the injury described . During the accident the employee did not use his specific height gloves for this type of work.",,,,,['Others'],[],[],[],[],[],I,III,,,,Male,Third Party,on the surface in the dining room of employees of the unit while the collaborator performed the chicken habilitation for lunch using a kitchen knife it comes into contact with the distal part of the second finger of the left hand causing the injury described  during the accident the employee did not use his specific height gloves for this type of work,DUP_0275,1,False,3
industrial_safety_000346,industrial_safety_analytics_database,incident,2017-02-17T00:00:00,Country_01,Local_01,Mining,,,"Once the painting of the pumping pipe has been completed, the person involved involuntarily touches his face, with his hand (with gloves) full of paint, and to clean himself he makes use of a dry industrial cloth and begins to rub his face, for a period of time from 30 to 40 seconds continuously, until finally the paint on the face is cleaned, this friction generates the described injury.",,,,,['Chemical substances'],[],[],[],[],[],I,III,,,,Male,Employee,once the painting of the pumping pipe has been completed the person involved involuntarily touches his face with his hand with gloves full of paint and to clean himself he makes use of a dry industrial cloth and begins to rub his face for a period of time from 30 to 40 seconds continuously until finally the paint on the face is cleaned this friction generates the described injury,DUP_0278,1,False,3
industrial_safety_000087,industrial_safety_analytics_database,incident,2016-04-02T00:00:00,Country_01,Local_01,Mining,,,"Parking the equipment Dumper ° 18 in the maintenance workshop, the mechanic asks the operator to back off the equipment for washing, then the operator starts the reverse gear with the cab door fully open, upon reaching the washing area (8 meters behind), brakes and the cabin door closes untimely and hits your face, causing a minor injury. In the area was the mechanic at floor level in a safe place.",,,,,['Others'],[],[],[],[],[],I,III,,,,Male,Employee,parking the equipment dumper  18 in the maintenance workshop the mechanic asks the operator to back off the equipment for washing then the operator starts the reverse gear with the cab door fully open upon reaching the washing area 8 meters behind brakes and the cabin door closes untimely and hits your face causing a minor injury in the area was the mechanic at floor level in a safe place,DUP_0281,1,False,3
industrial_safety_000144,industrial_safety_analytics_database,incident,2016-06-01T00:00:00,Country_02,Local_05,Metals,,,The clerk was peeling and pulling a sheet came another one that struck in his 5th chirodactile of the left hand tearing his PVC sleeve caused a cut.,,,,,['Cut'],[],[],[],[],[],I,III,,,,Male,Employee,the clerk was peeling and pulling a sheet came another one that struck in his 5th chirodactile of the left hand tearing his pvc sleeve caused a cut,DUP_0290,1,False,3
industrial_safety_000006,industrial_safety_analytics_database,incident,2016-01-16T00:00:00,Country_02,Local_05,Metals,,,"The collaborator reports that he was on street 09 holding in his left hand the volumetric balloon, when he slipped and when placing his hand on the ground the volumetric balloon ended up breaking caused a small wound in his left hand.",,,,,['Fall prevention (same level)'],[],[],[],[],[],I,III,,,,Male,Employee,the collaborator reports that he was on street 09 holding in his left hand the volumetric balloon when he slipped and when placing his hand on the ground the volumetric balloon ended up breaking caused a small wound in his left hand,DUP_0293,1,False,3
industrial_safety_000205,industrial_safety_analytics_database,incident,2016-08-14T00:00:00,Country_02,Local_08,Metals,,,"The employee Mr. Nilton made the opening of the visit to unclog, at this moment occurred projection of hot material, occurring the accident.",,,,,['Projection'],[],[],[],[],[],I,III,,,,Male,Employee,the employee mr nilton made the opening of the visit to unclog at this moment occurred projection of hot material occurring the accident,DUP_0298,1,False,3
industrial_safety_000197,industrial_safety_analytics_database,incident,2016-08-01T00:00:00,Country_02,Local_05,Metals,,,The employee of partner company GR reports that she was cutting watermelon when she injured her 2nd chirodactilo of the left hand with the knife.,,,,,['Manual Tools'],[],[],[],[],[],II,III,,,,Female,Third Party,the employee of partner company gr reports that she was cutting watermelon when she injured her 2nd chirodactilo of the left hand with the knife,DUP_0299,1,False,3
industrial_safety_000084,industrial_safety_analytics_database,incident,2016-03-31T00:00:00,Country_02,Local_08,Metals,,,"The employee, performing the truck's unloading operation, an iron bundle pressed his right finger and injured his left arm.",,,,,['Pressed'],[],[],[],[],[],I,III,,,,Male,Third Party (Remote),the employee performing the trucks unloading operation an iron bundle pressed his right finger and injured his left arm,DUP_0303,1,False,3
industrial_safety_000190,industrial_safety_analytics_database,incident,2016-07-20T00:00:00,Country_02,Local_05,Metals,,,"The employee reports that he was draining ammonia, used as a refrigerant, into a container of water when splashes of the solution drained onto his face.",,,,,['Chemical substances'],[],[],[],[],[],I,III,,,,Male,Employee,the employee reports that he was draining ammonia used as a refrigerant into a container of water when splashes of the solution drained onto his face,DUP_0309,1,False,3
industrial_safety_000157,industrial_safety_analytics_database,incident,2016-06-10T00:00:00,Country_02,Local_05,Metals,,,"The employee reports that he was working with brushcutters near the Stone when the blade of the equipment collided with a piece of metal that was projected toward his leg, causing injury to his left leg.",,,,,['Manual Tools'],[],[],[],[],[],I,III,,,,Male,Third Party (Remote),the employee reports that he was working with brushcutters near the stone when the blade of the equipment collided with a piece of metal that was projected toward his leg causing injury to his left leg,DUP_0310,1,False,3
industrial_safety_000397,industrial_safety_analytics_database,incident,2017-04-29T00:00:00,Country_02,Local_02,Mining,,,The employee used a lever to remove the sealing ring from the front tire of the wheel loader (LHD 05) when the lever came to release from the fulcrum in the ring and press the left ring finger against the loader shell causing traumatism at the tip of the said finger.,,,,,['Manual Tools'],[],[],[],[],[],II,III,,,,Male,Employee,the employee used a lever to remove the sealing ring from the front tire of the wheel loader lhd 05 when the lever came to release from the fulcrum in the ring and press the left ring finger against the loader shell causing traumatism at the tip of the said finger,DUP_0314,1,False,3
industrial_safety_000133,industrial_safety_analytics_database,incident,2016-05-18T00:00:00,Country_02,Local_05,Metals,,,"The employee was performing carbon steel pipe marking activity when his helmet was struck by a tube, causing a scalp wound due to the impact of the helmet's sheepskin.",,,,,['Others'],[],[],[],[],[],I,III,,,,Male,Employee,the employee was performing carbon steel pipe marking activity when his helmet was struck by a tube causing a scalp wound due to the impact of the helmets sheepskin,DUP_0318,1,False,3
industrial_safety_000209,industrial_safety_analytics_database,incident,2016-08-22T00:00:00,Country_02,Local_05,Metals,,,"The employee was performing cutting activity on a carbon steel pipe attached to the band saw machine. Due to uneven weight distribution, the tube moved downward and the other end was projected upwards, pressing the thumb.",,,,,['Pressed'],[],[],[],[],[],I,III,,,,Male,Employee,the employee was performing cutting activity on a carbon steel pipe attached to the band saw machine due to uneven weight distribution the tube moved downward and the other end was projected upwards pressing the thumb,DUP_0319,1,False,3
industrial_safety_000125,industrial_safety_analytics_database,incident,2016-05-05T00:00:00,Country_02,Local_05,Metals,,,"The employee was sanding a piece in the Electrolysis at the end of the operation, when the protective cap of the disk spun to the back of the left hand.",,,,,['Manual Tools'],[],[],[],[],[],I,III,,,,Male,Third Party,the employee was sanding a piece in the electrolysis at the end of the operation when the protective cap of the disk spun to the back of the left hand,DUP_0321,1,False,3
industrial_safety_000425,industrial_safety_analytics_database,incident,2017-06-24T00:00:00,Country_01,Local_01,Mining,,,"The injured and his collaborators at the time of making the 4 ""HDPE pipe, which was to be used for hydraulic filling, is released, causing one of the ends of the pipe to impact on the lip, causing an injury . Apparently the support 1 deconcentrates and releases a little the pipe, this action generates that the pipe presented with the rubber of the victaúlica copla, is released generating the impact previously described. The pipe was empty without hydraulic load.",,,,,['Others'],[],[],[],[],[],II,III,,,,Male,Employee,the injured and his collaborators at the time of making the 4 hdpe pipe which was to be used for hydraulic filling is released causing one of the ends of the pipe to impact on the lip causing an injury  apparently the support 1 deconcentrates and releases a little the pipe this action generates that the pipe presented with the rubber of the victaúlica copla is released generating the impact previously described the pipe was empty without hydraulic load,DUP_0331,1,False,3
industrial_safety_000335,industrial_safety_analytics_database,incident,2017-02-08T00:00:00,Country_01,Local_04,Mining,,,The injured collaborator and one of his colleagues wanted to move a rim of a scoop tire for which using their own strength they threw the rim to the floor to make it roll and in that instant the eyelash hits the fifth finger of the right hand against the ring producing the injury.,,,,,['Cut'],[],[],[],[],[],II,III,,,,Male,Third Party,the injured collaborator and one of his colleagues wanted to move a rim of a scoop tire for which using their own strength they threw the rim to the floor to make it roll and in that instant the eyelash hits the fifth finger of the right hand against the ring producing the injury,DUP_0332,1,False,3
industrial_safety_000404,industrial_safety_analytics_database,incident,2017-05-16T00:00:00,Country_02,Local_05,Metals,,,"The maid was handling a pipette for sample preparation for chemical analysis, while trying to place it on the three-way pear, the pipette came to break causing a superficial cut in her right hand.",,,,,['Cut'],[],[],[],[],[],I,III,,,,Female,Third Party (Remote),the maid was handling a pipette for sample preparation for chemical analysis while trying to place it on the threeway pear the pipette came to break causing a superficial cut in her right hand,DUP_0337,1,False,3
industrial_safety_000345,industrial_safety_analytics_database,incident,2017-02-17T00:00:00,Country_01,Local_04,Mining,,,"the moment of extracting the bolts of the CHUCK of rotation unit VSD 01; in the instant that is made hits with the rope of 6Lbs. the base of the support bolts, a fragment of the metal structure is projected, impacting the face of the mechanic Freddy the described injury.",,,,,['Projection/Manual Tools'],[],[],[],[],[],I,III,,,,Male,Third Party,the moment of extracting the bolts of the chuck of rotation unit vsd 01 in the instant that is made hits with the rope of 6lbs the base of the support bolts a fragment of the metal structure is projected impacting the face of the mechanic freddy the described injury,DUP_0341,1,False,3
industrial_safety_000058,industrial_safety_analytics_database,incident,2016-03-04T00:00:00,Country_01,Local_06,Metals,,,"The operator cleaned with spatula spear through one of the windows of the boiler, at that time by force action hit the window frame, causing injury to the little finger of the left hand, the operator had all EPP for boiler cleaning.",,,,,['Manual Tools'],[],[],[],[],[],I,III,,,,Male,Employee,the operator cleaned with spatula spear through one of the windows of the boiler at that time by force action hit the window frame causing injury to the little finger of the left hand the operator had all epp for boiler cleaning,DUP_0342,1,False,3
industrial_safety_000055,industrial_safety_analytics_database,incident,2016-03-02T00:00:00,Country_02,Local_08,Metals,,,"The operator was in the center (Demag IV), performing maintenance. When transporting the hydraulic cylinder with the help of another operator the official was unbalanced coming the cylinder that carried to press his finger (Left thumb) against the pillar of support of the oven specified below (figure).",,,,,['Pressed'],[],[],[],[],[],I,III,,,,Male,Employee,the operator was in the center demag iv performing maintenance when transporting the hydraulic cylinder with the help of another operator the official was unbalanced coming the cylinder that carried to press his finger left thumb against the pillar of support of the oven specified below figure,DUP_0346,1,False,3
industrial_safety_000237,industrial_safety_analytics_database,incident,2016-09-22T00:00:00,Country_01,Local_06,Metals,,,"The technician Operator when heading towards the zone of lifting containers of dust of zinc in the Section 50, uses a space between base of tranquera and sardinel, slipping in the edge and raspándose left side of thorax. He was treated at the medical center with local treatment, returning to his work area.",,,,,['Others'],[],[],[],[],[],I,III,,,,Male,Employee,the technician operator when heading towards the zone of lifting containers of dust of zinc in the section 50 uses a space between base of tranquera and sardinel slipping in the edge and raspándose left side of thorax he was treated at the medical center with local treatment returning to his work area,DUP_0352,1,False,3
industrial_safety_000095,industrial_safety_analytics_database,incident,2016-04-05T00:00:00,Country_01,Local_06,Metals,,,"The worker carried out the disassembly of 03 scaffolding bodies in the pulpomatic of the thickener D2251. the dismantling of the base of the scaffold, located approximately one meter high from the floor of the sump, the rivets of the anchor support of the platform were broken, causing the fall of the worker and impacting the right knee with the support that I am anchored in one of the horizontals of the scaffolding structure.",,,,,['Fall prevention (same level)'],[],[],[],[],[],I,III,,,,Male,Third Party,the worker carried out the disassembly of 03 scaffolding bodies in the pulpomatic of the thickener d2251 the dismantling of the base of the scaffold located approximately one meter high from the floor of the sump the rivets of the anchor support of the platform were broken causing the fall of the worker and impacting the right knee with the support that i am anchored in one of the horizontals of the scaffolding structure,DUP_0356,1,False,3
industrial_safety_000019,industrial_safety_analytics_database,incident,2016-02-21T00:00:00,Country_01,Local_06,Metals,,,"The worker Manuel was making the disconnection of the power cables of the gate that is at the intersection of Manco streets with Cajamarquilla in order to remove it. In circumstances that Mr. José worker of the company ITS, was removing the rope tied in the body of the gate, this yields and falls pulling the warning post which hits the helmet of Mr. who He was standing at his side.",,,,,['Others'],[],[],[],[],[],I,III,,,,Male,Employee,the worker manuel was making the disconnection of the power cables of the gate that is at the intersection of manco streets with cajamarquilla in order to remove it in circumstances that mr josé worker of the company its was removing the rope tied in the body of the gate this yields and falls pulling the warning post which hits the helmet of mr who he was standing at his side,DUP_0357,1,False,3
industrial_safety_000336,industrial_safety_analytics_database,incident,2017-02-08T00:00:00,Country_01,Local_06,Metals,,,"When averaging 04:30 am, the operator Daniel removed cleaning accessories under the mobile channel of line 01, for which he supported his left hand on the rail that was in motion. At that moment the crushing of the 2nd finger of the left hand occurs; the injury occurs. The collaborator is referred to the Medical for care.",,,,,['Machine Protection'],[],[],[],[],[],I,III,,,,Male,Employee,when averaging 0430 am the operator daniel removed cleaning accessories under the mobile channel of line 01 for which he supported his left hand on the rail that was in motion at that moment the crushing of the 2nd finger of the left hand occurs the injury occurs the collaborator is referred to the medical for care,DUP_0366,1,False,3
industrial_safety_000123,industrial_safety_analytics_database,incident,2016-05-04T00:00:00,Country_02,Local_05,Metals,,,"When conducting inspection to evaluate activity to be carried out in the pump house of the Ustulation steam station, it was hit by sulfuric acid spills from a line located above the pump house of the thermal recovery boiler.",,,,,['Chemical substances'],[],[],[],[],[],I,III,,,,Female,Third Party (Remote),when conducting inspection to evaluate activity to be carried out in the pump house of the ustulation steam station it was hit by sulfuric acid spills from a line located above the pump house of the thermal recovery boiler,DUP_0371,1,False,3
industrial_safety_000124,industrial_safety_analytics_database,incident,2016-05-04T00:00:00,Country_02,Local_05,Metals,,,"When conducting inspection to evaluate activity to be carried out in the pump house of the Ustulation steam station, it was struck by sulfuric acid spills from a line located above the house of thermal recovery boiler pumps.",,,,,['Chemical substances'],[],[],[],[],[],I,III,,,,Male,Third Party (Remote),when conducting inspection to evaluate activity to be carried out in the pump house of the ustulation steam station it was struck by sulfuric acid spills from a line located above the house of thermal recovery boiler pumps,DUP_0372,1,False,3
industrial_safety_000315,industrial_safety_analytics_database,incident,2017-01-20T00:00:00,Country_01,Local_04,Mining,,,"When manipulating materials on the master drill truck, the operators decide to make space by moving a radiator, at that moment the driver of the truck is imprisoned the little finger of the left hand against the bar.",,,,,['Manual Tools'],[],[],[],[],[],I,III,,,,Male,Third Party,when manipulating materials on the master drill truck the operators decide to make space by moving a radiator at that moment the driver of the truck is imprisoned the little finger of the left hand against the bar,DUP_0381,1,False,3
industrial_safety_000107,industrial_safety_analytics_database,incident,2016-04-18T00:00:00,Country_01,Local_03,Mining,,,"When moving a roll of electro-welded mesh of 95 kg of weight to place on the hopper of the truck, two operators pull the roll of mesh to bring it to the hopper of the truck at which time the imprisonment of the left hand of one of the operators between the mesh and the body of the hopper generating the described injury. At the time of the accident, both operators were wearing PVC-type safety gloves.",,,,,['Others'],[],[],[],[],[],I,III,,,,Male,Third Party,when moving a roll of electrowelded mesh of 95 kg of weight to place on the hopper of the truck two operators pull the roll of mesh to bring it to the hopper of the truck at which time the imprisonment of the left hand of one of the operators between the mesh and the body of the hopper generating the described injury at the time of the accident both operators were wearing pvctype safety gloves,DUP_0382,1,False,3
industrial_safety_000196,industrial_safety_analytics_database,incident,2016-08-02T00:00:00,Country_02,Local_02,Mining,,,"When opened the access ladder of the people carrying Truck the employee had his right hand pressed into the support bracket of the same, suffering a superficial injury.",,,,,['Others'],[],[],[],[],[],I,III,,,,Male,Third Party (Remote),when opened the access ladder of the people carrying truck the employee had his right hand pressed into the support bracket of the same suffering a superficial injury,DUP_0385,1,False,3
industrial_safety_000284,industrial_safety_analytics_database,incident,2016-12-12T00:00:00,Country_01,Local_04,Mining,,,"When performing the Doosan RB-10 equipment hammer repair, the employee tries to remove the suspenders with the support of a 25-pound rope; At the moment of receiving the blow the brace or bolt causes a splinter to be released, expelling and impacting on the lower left limb causing metal embedding in it. The collaborator did not notice immediately.",,,,,['Others'],[],[],[],[],[],III,III,,,,Male,Employee,when performing the doosan rb10 equipment hammer repair the employee tries to remove the suspenders with the support of a 25pound rope at the moment of receiving the blow the brace or bolt causes a splinter to be released expelling and impacting on the lower left limb causing metal embedding in it the collaborator did not notice immediately,DUP_0390,1,False,3
industrial_safety_000035,industrial_safety_analytics_database,incident,2016-02-18T00:00:00,Country_02,Local_05,Metals,,,"When replacing the telescopic expansion joint of the HDPE pipe of the storm drainage pumping system, it reports that the piece involuntarily moved when it was positioned in the holder, pressing its finger against the holder, causing a wound 1 right chemo.",,,,,['Pressed'],[],[],[],[],[],I,III,,,,Male,Third Party (Remote),when replacing the telescopic expansion joint of the hdpe pipe of the storm drainage pumping system it reports that the piece involuntarily moved when it was positioned in the holder pressing its finger against the holder causing a wound 1 right chemo,DUP_0395,1,False,3
industrial_safety_000170,industrial_safety_analytics_database,incident,2016-06-21T00:00:00,Country_01,Local_01,Mining,,,"When the mechanical technician proceeded to perform the maintenance of motor supports of a tipper, he decided to bring a wooden block, for which he moved to the temporary storage of materials - located at 10 m. of the tipper - in circumstances in which he sought the cue; the camera of a tire burst suddenly (it was on the right and 2 m. of the involved); the thunderous sound affected the right ear of the worker. The tire that exploded has 110 psi of pressure approximately, at the time of the event they were stacked 3 pneumatic, the second was the one that exploded (presented cut - place where the energy was released). The tire that was in the upper part was not projected. The tires were left by the previous guard (night shift), the storage area does not have a roof. In the place of the event only the affected mechanic was located (at 2m.) And at a distance of 70m. there were other workers. In the area 5 trucks were parked, none of them suffered damage to the glass.",,,,,['Others'],[],[],[],[],[],I,III,,,,Male,Third Party,when the mechanical technician proceeded to perform the maintenance of motor supports of a tipper he decided to bring a wooden block for which he moved to the temporary storage of materials  located at 10 m of the tipper  in circumstances in which he sought the cue the camera of a tire burst suddenly it was on the right and 2 m of the involved the thunderous sound affected the right ear of the worker the tire that exploded has 110 psi of pressure approximately at the time of the event they were stacked 3 pneumatic the second was the one that exploded presented cut  place where the energy was released the tire that was in the upper part was not projected the tires were left by the previous guard night shift the storage area does not have a roof in the place of the event only the affected mechanic was located at 2m and at a distance of 70m there were other workers in the area 5 trucks were parked none of them suffered damage to the glass,DUP_0398,1,False,3
industrial_safety_000029,industrial_safety_analytics_database,incident,2016-02-16T00:00:00,Country_02,Local_07,Mining,,,When using the griff wrench to unscrew the rod from the probe the key came to move by pressing the employee's finger against the probe.,,,,,['Others'],[],[],[],[],[],II,III,,,,Male,Employee,when using the griff wrench to unscrew the rod from the probe the key came to move by pressing the employees finger against the probe,DUP_0403,1,False,3
industrial_safety_000010,industrial_safety_analytics_database,incident,2016-01-28T00:00:00,Country_01,Local_03,Mining,,,"While installing a segment of the polyurethane pulley protective lyner - 60x4x5cm weighing 1.2 kg - on the head pulley of the ore winch, when the pulley is rotated to compress the lyner inside the channel, it falls from its housing 1.50 m rubbing the right side of the worker's hip, generating the injury described.",,,,,['Others'],[],[],[],[],[],I,III,,,,Male,Employee,while installing a segment of the polyurethane pulley protective lyner  60x4x5cm weighing 12 kg  on the head pulley of the ore winch when the pulley is rotated to compress the lyner inside the channel it falls from its housing 150 m rubbing the right side of the workers hip generating the injury described,DUP_0405,1,False,3
industrial_safety_000054,industrial_safety_analytics_database,incident,2016-02-27T00:00:00,Country_01,Local_01,Mining,,,"While performing the cutting of the meshes protruding in the gables of the work, the assistant loader is positioned at 1.40mt. on the floor using a portable ladder which was held at the base by the master loader, at which time the loader assistant loses balance and when falling is held by the mesh with the hand hanging at 0.80mt. of the floor causing the injury.",,,,,['Others'],[],[],[],[],[],I,III,,,,Male,Third Party,while performing the cutting of the meshes protruding in the gables of the work the assistant loader is positioned at 140mt on the floor using a portable ladder which was held at the base by the master loader at which time the loader assistant loses balance and when falling is held by the mesh with the hand hanging at 080mt of the floor causing the injury,DUP_0407,1,False,3
industrial_safety_000339,industrial_safety_analytics_database,incident,2017-02-13T00:00:00,Country_02,Local_08,Metals,,,"While preparing to mount polypropylene tubing, the employee pulled the pickup from the truck and positioned it in place, pressing the finger between the tube and the concrete wall.",,,,,['Pressed'],[],[],[],[],[],II,III,,,,Male,Employee,while preparing to mount polypropylene tubing the employee pulled the pickup from the truck and positioned it in place pressing the finger between the tube and the concrete wall,DUP_0409,1,False,3
industrial_safety_000097,industrial_safety_analytics_database,incident,2016-04-07T00:00:00,Country_01,Local_03,Mining,,,"After parking a van next to a cluster of wooden sleepers and boards, the driver, on descending, stepped on a board in which an iron nail protruded 11/2 ""long, which he did not identify as the board was submerged in a puddle of water. This accident caused a minor wound on the sole of the left foot. At the time of the accident the worker was wearing safety boots.",,,,,['Others'],[],[],[],[],[],I,II,,,,Male,Third Party,after parking a van next to a cluster of wooden sleepers and boards the driver on descending stepped on a board in which an iron nail protruded 112 long which he did not identify as the board was submerged in a puddle of water this accident caused a minor wound on the sole of the left foot at the time of the accident the worker was wearing safety boots,DUP_0009,1,False,2
industrial_safety_000274,industrial_safety_analytics_database,incident,2016-11-30T00:00:00,Country_01,Local_03,Mining,,,"After the welder completed the welding work to reinforce the forms in the deepening, he walked towards the distant truck at about 40 mt, at which point the welder stepped on a fragment of rock of 5 cm x 10cm x 5cm approx. which generates that the foot flexes and generates the injury in the worker.",,,,,['Others'],[],[],[],[],[],I,II,,,,Male,Third Party,after the welder completed the welding work to reinforce the forms in the deepening he walked towards the distant truck at about 40 mt at which point the welder stepped on a fragment of rock of 5 cm x 10cm x 5cm approx which generates that the foot flexes and generates the injury in the worker,DUP_0010,1,False,2
industrial_safety_000018,industrial_safety_analytics_database,incident,2016-02-08T00:00:00,Country_01,Local_06,Metals,,,"An auxiliary wheel of the cathode crane G2133 was changed in area 75, when when a bearing was heated and hit with a hammer and chisel at one end of the bearing track, a detachment of a bearing piece occurred, impacting it in the thigh of the right leg producing a cut. The ambulance is called and you are transferred to the clinic.",,,,,['Others'],[],[],[],[],[],I,II,,,,Male,Employee,an auxiliary wheel of the cathode crane g2133 was changed in area 75 when when a bearing was heated and hit with a hammer and chisel at one end of the bearing track a detachment of a bearing piece occurred impacting it in the thigh of the right leg producing a cut the ambulance is called and you are transferred to the clinic,DUP_0011,1,False,2
industrial_safety_000024,industrial_safety_analytics_database,incident,2016-02-14T00:00:00,Country_01,Local_06,Metals,,,"An operator of the G-2142 deslaminadora in section 75 was unlocking a sheet of zinc stuck so that it can enter the slide of the stacking table, for this requires the support of Mr. Mollares and this helps to hold the sheet to place it in the entry chute to the slide. At the moment of releasing the blade, it tilted and brushed Mr. Mollares's left leg. The collaborator went to the nearby eyewash for cleaning and immediately to the medical center.",,,,,['Others'],[],[],[],[],[],I,II,,,,Male,Third Party,an operator of the g2142 deslaminadora in section 75 was unlocking a sheet of zinc stuck so that it can enter the slide of the stacking table for this requires the support of mr mollares and this helps to hold the sheet to place it in the entry chute to the slide at the moment of releasing the blade it tilted and brushed mr mollaress left leg the collaborator went to the nearby eyewash for cleaning and immediately to the medical center,DUP_0012,1,False,2
industrial_safety_000391,industrial_safety_analytics_database,incident,2017-04-23T00:00:00,Country_01,Local_06,Metals,,,"Approx. 10:00 pm. Mr. Victor at the time he made a visual inspection of scaffolding, suffered a slight blow to the level of the right ear with the metallic extension of the chute of the conveyor chain.",,,,,['Projection'],[],[],[],[],[],I,II,,,,Male,Third Party,approx 1000 pm mr victor at the time he made a visual inspection of scaffolding suffered a slight blow to the level of the right ear with the metallic extension of the chute of the conveyor chain,DUP_0013,1,False,2
industrial_safety_000419,industrial_safety_analytics_database,incident,2017-06-11T00:00:00,Country_01,Local_06,Metals,,,"Approx. 18:40 hours, Mr. Luis maintenance team of mobile equipment, adjusted a bolt of the front loader J005A, at which time his face is impacted by the key used for this activity, producing a slight cut in the surface of the face. He is transferred to the medical service, attended and registered.",,,,,['Cut'],[],[],[],[],[],I,II,,,,Male,Third Party,approx 1840 hours mr luis maintenance team of mobile equipment adjusted a bolt of the front loader j005a at which time his face is impacted by the key used for this activity producing a slight cut in the surface of the face he is transferred to the medical service attended and registered,DUP_0014,1,False,2
industrial_safety_000409,industrial_safety_analytics_database,incident,2017-05-19T00:00:00,Country_01,Local_06,Metals,,,"At 04:00 h on 05/19/17, the mechanic on duty of section 40 Antonio is observed in the activity of withdrawal check out of POM D071, at this moment he is impacted by a pulp of the line of discharge stuck, causing irritation in the right part of the neck and ear. The mechanic is referred to the medical center for evaluation.",,,,,['Projection'],[],[],[],[],[],I,II,,,,Male,Employee,at 0400 h on 051917 the mechanic on duty of section 40 antonio is observed in the activity of withdrawal check out of pom d071 at this moment he is impacted by a pulp of the line of discharge stuck causing irritation in the right part of the neck and ear the mechanic is referred to the medical center for evaluation,DUP_0021,1,False,2
industrial_safety_000438,industrial_safety_analytics_database,incident,2017-07-09T00:00:00,Country_01,Local_04,Mining,,,"At 10:00 a.m., when the assistant cleaned the floor of module ""E"" in the central camp, she slipped back and immediately grabbed the laundry table to avoid falling to the floor; suffering the described injury.",,,,,['Fall prevention (same level)'],[],[],[],[],[],I,II,,,,Female,Third Party,at 1000 am when the assistant cleaned the floor of module e in the central camp she slipped back and immediately grabbed the laundry table to avoid falling to the floor suffering the described injury,DUP_0022,1,False,2
industrial_safety_000299,industrial_safety_analytics_database,incident,2017-01-02T00:00:00,Country_01,Local_06,Metals,,,"At 13:40 hours, Mr. Jose performed the erasing of the earthenware of section 30, when turning on the machine of alizado (ironing) of concrete, this tour abruptly imprisoning his left hand between the command of the equipment and the metal structure, causing an atriction in the back of the left hand.",,,,,['Pressed'],[],[],[],[],[],I,II,,,,Male,Third Party (Remote),at 1340 hours mr jose performed the erasing of the earthenware of section 30 when turning on the machine of alizado ironing of concrete this tour abruptly imprisoning his left hand between the command of the equipment and the metal structure causing an atriction in the back of the left hand,DUP_0026,1,False,2
industrial_safety_000238,industrial_safety_analytics_database,incident,2016-09-27T00:00:00,Country_01,Local_06,Metals,,,"At 14: 55h on 27 September, a worker from Confipetrol carried out industrial cleaning of the outside of the acid reduction tank D2055, to check the progress of the helmet mask; moment that hose pipe was released that was secured with pressure clamp (for water and air), impacting lips",,,,,['Pressurized Systems'],[],[],[],[],[],I,II,,,,Female,Third Party,at 14 55h on 27 september a worker from confipetrol carried out industrial cleaning of the outside of the acid reduction tank d2055 to check the progress of the helmet mask moment that hose pipe was released that was secured with pressure clamp for water and air impacting lips,DUP_0027,1,False,2
industrial_safety_000020,industrial_safety_analytics_database,incident,2016-02-25T00:00:00,Country_01,Local_06,Metals,,,"At 14:16, the operator Samuel was about to open the container for its subsequent loading with silver concentrate, and opened the first gate. Afterwards, he tries to open the second door and it is when product of the opening of the latter, the first one opens and impacts with the handle the safety lens and generates the injury in the left cheekbone of the face of the operator.",,,,,['Others'],[],[],[],[],[],I,II,,,,Male,Third Party,at 1416 the operator samuel was about to open the container for its subsequent loading with silver concentrate and opened the first gate afterwards he tries to open the second door and it is when product of the opening of the latter the first one opens and impacts with the handle the safety lens and generates the injury in the left cheekbone of the face of the operator,DUP_0028,1,False,2
industrial_safety_000281,industrial_safety_analytics_database,incident,2016-12-10T00:00:00,Country_01,Local_04,Mining,,,"At 18:40 hours, in moments when Mr. Claudio tipper operator readjusted the nuts of the rear tire on the right side of his vehicle, using a wheel wrench and a tube as an extension to generate greater force of torque; which was Mr. Wilber held him in his back; suffers a contusion in the palm of the right hand as the extension to his partner slips from his hands.",,,,,['Others'],[],[],[],[],[],I,II,,,,Male,Third Party,at 1840 hours in moments when mr claudio tipper operator readjusted the nuts of the rear tire on the right side of his vehicle using a wheel wrench and a tube as an extension to generate greater force of torque which was mr wilber held him in his back suffers a contusion in the palm of the right hand as the extension to his partner slips from his hands,DUP_0030,1,False,2
industrial_safety_000214,industrial_safety_analytics_database,incident,2016-08-27T00:00:00,Country_01,Local_06,Metals,,,"At 22:50 hours in row 12 when the cell suction partner removes the suction hose, untimely splashes of electrolyte solution in the left eye. Immediately he was referred to the medical service.",,,,,['Pressurized Systems / Chemical Substances'],[],[],[],[],[],I,II,,,,Male,Employee,at 2250 hours in row 12 when the cell suction partner removes the suction hose untimely splashes of electrolyte solution in the left eye immediately he was referred to the medical service,DUP_0032,1,False,2
industrial_safety_000031,industrial_safety_analytics_database,incident,2016-02-19T00:00:00,Country_01,Local_03,Mining,,,"At level -1095 - Access 6 A2 - at times when the engineer trainee planamieto entered to verify the amount of split set placed by the Scissor 184 in the support - holding his notebook and pen in his left hand - while inspecting the roof of the work, he lost the balance when stepping on a rock holding the right hand on a rock on the floor causing the injury. The worker at the time of the accident wore gloves but did not use them because it made it difficult to take notes.",,,,,['Others'],[],[],[],[],[],I,II,,,,Male,Employee,at level 1095  access 6 a2  at times when the engineer trainee planamieto entered to verify the amount of split set placed by the scissor 184 in the support  holding his notebook and pen in his left hand  while inspecting the roof of the work he lost the balance when stepping on a rock holding the right hand on a rock on the floor causing the injury the worker at the time of the accident wore gloves but did not use them because it made it difficult to take notes,DUP_0039,1,False,2
industrial_safety_000186,industrial_safety_analytics_database,incident,2016-07-14T00:00:00,Country_01,Local_03,Mining,,,"At level 2900 at the entrance of the locomotive workshop, the welder proceeds to inspect the mining cars and identifies that the No. 24 car has bearing problems, informs his partner about this finding and decides to enter the car to the workshop, so it operates the swing arm type mona of 15 KG. of weight to move the direction of the railway towards the central OP, is at this moment that pushes the rocker with the weight of his body until his right hand comes in contact with the rock producing the injury described. At the time of the accident the worker was wearing the safety gloves of pad.",,,,,['Others'],[],[],[],[],[],I,II,,,,Male,Employee,at level 2900 at the entrance of the locomotive workshop the welder proceeds to inspect the mining cars and identifies that the no 24 car has bearing problems informs his partner about this finding and decides to enter the car to the workshop so it operates the swing arm type mona of 15 kg of weight to move the direction of the railway towards the central op is at this moment that pushes the rocker with the weight of his body until his right hand comes in contact with the rock producing the injury described at the time of the accident the worker was wearing the safety gloves of pad,DUP_0040,1,False,2
industrial_safety_000178,industrial_safety_analytics_database,incident,2016-06-24T00:00:00,Country_01,Local_03,Mining,,,"At level 3490 gallery 447, after performing the manual unlocking on load, the worker prepares to cut the sacrificial mesh that was exposed after the previous turn shot, placing himself under it with a 12-inch shear, when cutting the fifth suddenly strained wire of the mesh returns to his face casionándole the injury described. During the activity the worker used his safety glasses.",,,,,['Others'],[],[],[],[],[],I,II,,,,Male,Third Party,at level 3490 gallery 447 after performing the manual unlocking on load the worker prepares to cut the sacrificial mesh that was exposed after the previous turn shot placing himself under it with a 12inch shear when cutting the fifth suddenly strained wire of the mesh returns to his face casionándole the injury described during the activity the worker used his safety glasses,DUP_0049,1,False,2
industrial_safety_000386,industrial_safety_analytics_database,incident,2017-04-11T00:00:00,Country_02,Local_07,Mining,,,"At the end of the concreting activity, the employee turned off the concrete, and when rolling the handle to make the return of the equipment warehouse the same bumped the tip of the mangote in the inferior lip causing hematoma.",,,,,['Others'],[],[],[],[],[],I,II,,,,Male,Third Party (Remote),at the end of the concreting activity the employee turned off the concrete and when rolling the handle to make the return of the equipment warehouse the same bumped the tip of the mangote in the inferior lip causing hematoma,DUP_0059,1,False,2
industrial_safety_000071,industrial_safety_analytics_database,incident,2016-03-17T00:00:00,Country_01,Local_01,Mining,,,"At the end of the loading of explosives on the work front, the master loader enters to verify the mooring of the blasting accessories, when retiring from the top (1.5 m), he hears the sound of fragments of rock rolling through the support mesh, directs its gaze towards the crown in a vertical form, at which point a small fragment of rock (2x3x2cm; 36gr) passes through the openings of the mesh. sustaining impact on the forehead. At the time of the event the collaborator used his helmet and safety lens and the front was with support to the top and sacrifice mesh. The opening of the support mesh is 3 ""x 3"".",,,,,['Others'],[],[],[],[],[],I,II,,,,Male,Third Party,at the end of the loading of explosives on the work front the master loader enters to verify the mooring of the blasting accessories when retiring from the top 15 m he hears the sound of fragments of rock rolling through the support mesh directs its gaze towards the crown in a vertical form at which point a small fragment of rock 2x3x2cm 36gr passes through the openings of the mesh sustaining impact on the forehead at the time of the event the collaborator used his helmet and safety lens and the front was with support to the top and sacrifice mesh the opening of the support mesh is 3 x 3,DUP_0060,1,False,2
industrial_safety_000191,industrial_safety_analytics_database,incident,2016-07-21T00:00:00,Country_02,Local_12,Others,,,"At the Eusébio bridge, there was a sudden braking in which several cars had to brake quickly. The collaborator's car failed to stop in time and collided with the rear of the car ahead. They were about 40km / hour.",,,,,['Traffic'],[],[],[],[],[],I,II,,,,Female,Employee,at the eusébio bridge there was a sudden braking in which several cars had to brake quickly the collaborators car failed to stop in time and collided with the rear of the car ahead they were about 40km  hour,DUP_0063,1,False,2
industrial_safety_000009,industrial_safety_analytics_database,incident,2016-01-26T00:00:00,Country_01,Local_06,Metals,,,"At the moment the forklift operator went to manipulate big bag of bioxide in section 70 and just in front of the ladder that leads to the area of ​​manual displacement, he splashed spent at the height of his forehead from a fissure in pipe G -069, subsequently spilling to his left eye. The collaborator went to the nearby eyewash for cleaning and immediately to the medical center.",,,,,['Chemical substances'],[],[],[],[],[],I,II,,,,Male,Third Party,at the moment the forklift operator went to manipulate big bag of bioxide in section 70 and just in front of the ladder that leads to the area of manual displacement he splashed spent at the height of his forehead from a fissure in pipe g 069 subsequently spilling to his left eye the collaborator went to the nearby eyewash for cleaning and immediately to the medical center,DUP_0066,1,False,2
industrial_safety_000247,industrial_safety_analytics_database,incident,2016-10-08T00:00:00,Country_01,Local_04,Mining,,,"At the offices of Incimmet, in circumstances that an environment was being set up to place cleaning materials, a wooden strip was placed between the staircase structure and the container, this strip was not cut to size, so the accident victim He coordinated with his partner to put it under pressure using a hammer while holding with his right hand the frame, this pressure placed strip pushed to that side of the container creating an opening between the corrugated iron and the wall, at that time, continuing to hit the ribbon, This falls causing the wall of the container to return to its initial position, pressing the tip of the little finger of the right hand against the corrugated iron causing the accident.",,,,,['Others'],[],[],[],[],[],II,II,,,,Male,Third Party,at the offices of incimmet in circumstances that an environment was being set up to place cleaning materials a wooden strip was placed between the staircase structure and the container this strip was not cut to size so the accident victim he coordinated with his partner to put it under pressure using a hammer while holding with his right hand the frame this pressure placed strip pushed to that side of the container creating an opening between the corrugated iron and the wall at that time continuing to hit the ribbon this falls causing the wall of the container to return to its initial position pressing the tip of the little finger of the right hand against the corrugated iron causing the accident,DUP_0067,1,False,2
industrial_safety_000239,industrial_safety_analytics_database,incident,2016-09-29T00:00:00,Country_01,Local_04,Mining,,,"Being 05:30 am. Approximately Marco and Isidro TORRES they were performing the pipe standardization of the CX 771 / CX-983 Nv. 1940; in moments that Marco lifts the air pipe over the spike, this seat and the pipe impacts on the worker's safety guard.",,,,,['Others'],[],[],[],[],[],I,II,,,,Male,Third Party,being 0530 am approximately marco and isidro torres they were performing the pipe standardization of the cx 771  cx983 nv 1940 in moments that marco lifts the air pipe over the spike this seat and the pipe impacts on the workers safety guard,DUP_0078,1,False,2
industrial_safety_000242,industrial_safety_analytics_database,incident,2016-10-03T00:00:00,Country_01,Local_04,Mining,,,"Being 5:15 a.m. in the N. in the NV 1710 CX 018, the mixkret operator was washing the mixkret 116 with a hose with water under pressure, it is necessary to change the location; from the right side to the left and He proceeds to pull the hose then slips and feels that the left foot bends.",,,,,['Others'],[],[],[],[],[],I,II,,,,Male,Third Party,being 515 am in the n in the nv 1710 cx 018 the mixkret operator was washing the mixkret 116 with a hose with water under pressure it is necessary to change the location from the right side to the left and he proceeds to pull the hose then slips and feels that the left foot bends,DUP_0088,1,False,2
industrial_safety_000270,industrial_safety_analytics_database,incident,2016-11-23T00:00:00,Country_01,Local_04,Mining,,,"Being approx. 3:10 a.m. Mr. Denis made the mesh placed in a ventilation plug up a ladder, while trying to do a wire tie, suddenly had an imbalance due to the manipulation of tools falling from the third step, propiciándose a blow in the right knee and a wound of the wrist of the right hand. Later he was evacuated to the post where he received first aid.",,,,,['Others'],[],[],[],[],[],I,II,,,,Male,Employee,being approx 310 am mr denis made the mesh placed in a ventilation plug up a ladder while trying to do a wire tie suddenly had an imbalance due to the manipulation of tools falling from the third step propiciándose a blow in the right knee and a wound of the wrist of the right hand later he was evacuated to the post where he received first aid,DUP_0093,1,False,2
industrial_safety_000266,industrial_safety_analytics_database,incident,2016-11-13T00:00:00,Country_01,Local_06,Metals,,,"Being the 01:30 hrs, After the cathode goes through the pre estriping, the sheets are detached and bend to the cathode of its position, the operator with the assistant lift the cathode by the head to position it in the tranfer at that moment the detached sheet exerts pressure on the cathode hitting the palm of the left hand of the operator with the head and the transfe, activity is paralyzed and the collaborator is referred to the medical post by the head of the guard.",,,,,['Plates'],[],[],[],[],[],I,II,,,,Male,Employee,being the 0130 hrs after the cathode goes through the pre estriping the sheets are detached and bend to the cathode of its position the operator with the assistant lift the cathode by the head to position it in the tranfer at that moment the detached sheet exerts pressure on the cathode hitting the palm of the left hand of the operator with the head and the transfe activity is paralyzed and the collaborator is referred to the medical post by the head of the guard,DUP_0100,1,False,2
industrial_safety_000344,industrial_safety_analytics_database,incident,2017-02-16T00:00:00,Country_01,Local_03,Mining,,,"By averaging 8:23 am at the offices of Ajani, Liliana prepares to store folders in the warehouse, to go to the place it comes out of the iglu, when going down the two steps it does so diagonally so it sits the left foot on the edge of the second step causing the foot to bend Left inward, it stabilizes quickly avoiding falling to the ground.",,,,,['Fall'],[],[],[],[],[],I,II,,,,Female,Third Party (Remote),by averaging 823 am at the offices of ajani liliana prepares to store folders in the warehouse to go to the place it comes out of the iglu when going down the two steps it does so diagonally so it sits the left foot on the edge of the second step causing the foot to bend left inward it stabilizes quickly avoiding falling to the ground,DUP_0101,1,False,2
industrial_safety_000023,industrial_safety_analytics_database,incident,2016-02-15T00:00:00,Country_02,Local_02,Mining,,,"By loosening the A30-29 truck's steering cylinder bolt using power cable and socket, with the force exerted in favor of the equipment, the bolt suddenly retired and the employee hit his hand against the structure of the equipment, causing injury.",,,,,['Others'],[],[],[],[],[],II,II,,,,Male,Third Party (Remote),by loosening the a3029 trucks steering cylinder bolt using power cable and socket with the force exerted in favor of the equipment the bolt suddenly retired and the employee hit his hand against the structure of the equipment causing injury,DUP_0102,1,False,2
industrial_safety_000223,industrial_safety_analytics_database,incident,2016-09-05T00:00:00,Country_02,Local_05,Metals,,,By participating in the general DDS held in the outside area of ​​the central locker room the employee was bitten by a bee.,,,,,['Venomous Animals'],[],[],[],[],[],I,II,,,,Female,Employee,by participating in the general dds held in the outside area of the central locker room the employee was bitten by a bee,DUP_0104,1,False,2
industrial_safety_000216,industrial_safety_analytics_database,incident,2016-08-30T00:00:00,Country_01,Local_06,Metals,,,"Collaborator was cleaning the sink of the Copper repulping area, at the moment of filling the truck with the shovel, he projects sludge towards the lenses; soiling them and obstructing vision. The worker indicates that when removing the lenses to clean them, some mud particles enter the left eye causing discomfort. It is referred to the medical center for the corresponding attention.",,,,,['Others'],[],[],[],[],[],I,II,,,,Male,Third Party,collaborator was cleaning the sink of the copper repulping area at the moment of filling the truck with the shovel he projects sludge towards the lenses soiling them and obstructing vision the worker indicates that when removing the lenses to clean them some mud particles enter the left eye causing discomfort it is referred to the medical center for the corresponding attention,DUP_0106,1,False,2
industrial_safety_000017,industrial_safety_analytics_database,incident,2016-02-07T00:00:00,Country_01,Local_06,Metals,,,"Due to the overheating of 2 bars in row 5 of cell 7 a spark is produced, which is projected and manages to reach the Chief of guard who was in the corridor, producing a first degree burn in the neck.",,,,,['Others'],[],[],[],[],[],I,II,,,,Female,Third Party,due to the overheating of 2 bars in row 5 of cell 7 a spark is produced which is projected and manages to reach the chief of guard who was in the corridor producing a first degree burn in the neck,DUP_0108,1,False,2
industrial_safety_000283,industrial_safety_analytics_database,incident,2016-12-13T00:00:00,Country_02,Local_02,Mining,,,"During the activities of revegetation of the slopes of the pit pit II, the employee hitting the sledgehammer on the rods for installation of the lifeline, it hit his right leg, causing a slight excoriation.",,,,,['Others'],[],[],[],[],[],I,II,,,,Male,Third Party (Remote),during the activities of revegetation of the slopes of the pit pit ii the employee hitting the sledgehammer on the rods for installation of the lifeline it hit his right leg causing a slight excoriation,DUP_0115,1,False,2
industrial_safety_000126,industrial_safety_analytics_database,incident,2016-05-05T00:00:00,Country_02,Local_08,Metals,,,"During the die cutting of the feeder (PEAD geomembrane blanket weld seam) to store the extruder, the stylet blade came in the direction of its left forearm, resulting in blunt short injury.",,,,,['Manual Tools'],[],[],[],[],[],I,II,,,,Male,Third Party (Remote),during the die cutting of the feeder pead geomembrane blanket weld seam to store the extruder the stylet blade came in the direction of its left forearm resulting in blunt short injury,DUP_0124,1,False,2
industrial_safety_000436,industrial_safety_analytics_database,incident,2017-07-05T00:00:00,Country_02,Local_09,Metals,,,"During the environmental monitoring activity in the area, the employee was surprised by a swarming swarm of weevils. During the exit of the place, endured suffering two stings, being one in the face and the other in the middle finger of the left hand.",,,,,['Venomous Animals'],[],[],[],[],[],I,II,,,,Male,Employee,during the environmental monitoring activity in the area the employee was surprised by a swarming swarm of weevils during the exit of the place endured suffering two stings being one in the face and the other in the middle finger of the left hand,DUP_0126,1,False,2
industrial_safety_000215,industrial_safety_analytics_database,incident,2016-08-30T00:00:00,Country_02,Local_08,Metals,,,"During the execution of the area cleaning activity using a hoe, the employee hit against a fixed metal structure in the area, coming to reach the abdomen on the left.",,,,,['Others'],[],[],[],[],[],II,II,,,,Female,Third Party (Remote),during the execution of the area cleaning activity using a hoe the employee hit against a fixed metal structure in the area coming to reach the abdomen on the left,DUP_0128,1,False,2
industrial_safety_000148,industrial_safety_analytics_database,incident,2016-06-03T00:00:00,Country_03,Local_10,Others,,,"During the field trip, on LT 01 of the Lajes target, Junior da Costa official stepped on a wooden stump that was on the ground, approximately 5 cm, which pierced his boot wounding the sole of the right foot. At the time of the accident, the employee was using all the PPE required for the activity and had his hands free. The employee was taken to the hospital, where he went through medical care, and was released to return to his activities the next day of work.",,,,,['Others'],[],[],[],[],[],II,II,,,,Male,Third Party,during the field trip on lt 01 of the lajes target junior da costa official stepped on a wooden stump that was on the ground approximately 5 cm which pierced his boot wounding the sole of the right foot at the time of the accident the employee was using all the ppe required for the activity and had his hands free the employee was taken to the hospital where he went through medical care and was released to return to his activities the next day of work,DUP_0134,1,False,2
industrial_safety_000387,industrial_safety_analytics_database,incident,2017-04-13T00:00:00,Country_01,Local_01,Mining,,,"During the marking of the management points, the supervision and the breeders enter the work to carry out the ventilation inspection, for which the surveying work stops to turn on the fan and proceed with the air flow measurements. When the fan is turned on due to pressure, it breaks the fastening points of the toe and the sleeve falls to the floor generating a chicoteo from gable to gable, product of the chicoteo a fragment of the aggregate of the shocrete is projected on the face of the injured person producing the injury.",,,,,['Others'],[],[],[],[],[],I,II,,,,Male,Employee,during the marking of the management points the supervision and the breeders enter the work to carry out the ventilation inspection for which the surveying work stops to turn on the fan and proceed with the air flow measurements when the fan is turned on due to pressure it breaks the fastening points of the toe and the sleeve falls to the floor generating a chicoteo from gable to gable product of the chicoteo a fragment of the aggregate of the shocrete is projected on the face of the injured person producing the injury,DUP_0141,1,False,2
industrial_safety_000333,industrial_safety_analytics_database,incident,2017-02-08T00:00:00,Country_02,Local_08,Metals,,,"During the preparation for the office cleaning activity, the employee made use of the stair railing, it had contact with the clamp used to lock the signaling board.",,,,,['Others'],[],[],[],[],[],I,II,,,,Female,Third Party,during the preparation for the office cleaning activity the employee made use of the stair railing it had contact with the clamp used to lock the signaling board,DUP_0146,1,False,2
industrial_safety_000309,industrial_safety_analytics_database,incident,2017-01-12T00:00:00,Country_02,Local_08,Metals,,,"During the reduction activity in the tube, the employee attached the tube to the walrus, and when he hit the tube with the hammer, he untied the walrus by reaching his finger.",,,,,['Manual Tools'],[],[],[],[],[],I,II,,,,Male,Third Party (Remote),during the reduction activity in the tube the employee attached the tube to the walrus and when he hit the tube with the hammer he untied the walrus by reaching his finger,DUP_0152,1,False,2
industrial_safety_000244,industrial_safety_analytics_database,incident,2016-10-03T00:00:00,Country_02,Local_08,Metals,,,During the withdrawal of cathode sample the employee came to press the finger with the tool that cuts the sample.,,,,,['Pressed'],[],[],[],[],[],I,II,,,,Male,Employee,during the withdrawal of cathode sample the employee came to press the finger with the tool that cuts the sample,DUP_0160,1,False,2
industrial_safety_000192,industrial_safety_analytics_database,incident,2016-07-23T00:00:00,Country_02,Local_08,Metals,,,"During torch cutting activity of the new evaporator treatment fixings, there was a rupture of the hose near the torch pen, causing the injury.",,,,,['Pressurized Systems'],[],[],[],[],[],I,II,,,,Male,Third Party (Remote),during torch cutting activity of the new evaporator treatment fixings there was a rupture of the hose near the torch pen causing the injury,DUP_0164,1,False,2
industrial_safety_000251,industrial_safety_analytics_database,incident,2016-10-13T00:00:00,Country_02,Local_02,Mining,,,"Employee assisted in the support of the gate, while the other the tying of the canvas in the frame, and by pressing the rope so that the canvas stretched, the metal structure moved, coming out of the wooden support, falling and striking against the employee's face, causing a cut in the right superciliary.",,,,,['Others'],[],[],[],[],[],II,II,,,,Male,Third Party (Remote),employee assisted in the support of the gate while the other the tying of the canvas in the frame and by pressing the rope so that the canvas stretched the metal structure moved coming out of the wooden support falling and striking against the employees face causing a cut in the right superciliary,DUP_0165,1,False,2
industrial_safety_000429,industrial_safety_analytics_database,incident,2017-06-23T00:00:00,Country_02,Local_05,Metals,,,"Employee reports that by removing the zinc sheet from the cathode to take it to the easel, it slipped from his hand, fell and hit his left foot.",,,,,['Others'],[],[],[],[],[],I,II,,,,Male,Employee,employee reports that by removing the zinc sheet from the cathode to take it to the easel it slipped from his hand fell and hit his left foot,DUP_0169,1,False,2
industrial_safety_000285,industrial_safety_analytics_database,incident,2016-12-12T00:00:00,Country_02,Local_05,Metals,,,"Employee reports that he performed an activity in the area of ​​the Ustulación, under the coordination of Maintenance when he was hit by dust from the ustulado, causing irritation in the eye region.",,,,,['Others'],[],[],[],[],[],I,II,,,,Male,Third Party (Remote),employee reports that he performed an activity in the area of the ustulación under the coordination of maintenance when he was hit by dust from the ustulado causing irritation in the eye region,DUP_0171,1,False,2
industrial_safety_000292,industrial_safety_analytics_database,incident,2016-12-22T00:00:00,Country_02,Local_05,Metals,,,"Employee reports that he performed soldering activity when he was hit in the eye region by dust that was found in the thermal insulation, causing irritation.",,,,,['Others'],[],[],[],[],[],I,II,,,,Male,Third Party,employee reports that he performed soldering activity when he was hit in the eye region by dust that was found in the thermal insulation causing irritation,DUP_0172,1,False,2
industrial_safety_000195,industrial_safety_analytics_database,incident,2016-07-30T00:00:00,Country_02,Local_07,Mining,,,"employee reports that upon initiating 615RLC front loading activity, during the elevation of the aerial work platform, a rock fragment from the roof of the gallery was dropped, reaching its face, causing the lesion.",,,,,['Others'],[],[],[],[],[],I,II,,,,Male,Employee,employee reports that upon initiating 615rlc front loading activity during the elevation of the aerial work platform a rock fragment from the roof of the gallery was dropped reaching its face causing the lesion,DUP_0175,1,False,2
industrial_safety_000382,industrial_safety_analytics_database,incident,2017-04-10T00:00:00,Country_02,Local_02,Mining,,,"Employee to perform painting of the floor of the fuel tank area, he needed cleaning, and by pouring water-thinner on the floor, the bucket slipped out of his hand and the mixture projected onto his left shoulder and lower lip, causing redness and burning.",,,,,['Chemical substances'],[],[],[],[],[],I,II,,,,Male,Third Party,employee to perform painting of the floor of the fuel tank area he needed cleaning and by pouring waterthinner on the floor the bucket slipped out of his hand and the mixture projected onto his left shoulder and lower lip causing redness and burning,DUP_0181,1,False,2
industrial_safety_000399,industrial_safety_analytics_database,incident,2017-05-05T00:00:00,Country_02,Local_02,Mining,,,"Employee was engaged in adjusting metallic shapes using a tether, and striking the shape, the tether cable hit the lifeline, projecting its hand into the metal structure of the shape, causing a superficial injury to the ring finger of the right hand.",,,,,['Others'],[],[],[],[],[],I,II,,,,Male,Third Party (Remote),employee was engaged in adjusting metallic shapes using a tether and striking the shape the tether cable hit the lifeline projecting its hand into the metal structure of the shape causing a superficial injury to the ring finger of the right hand,DUP_0183,1,False,2
industrial_safety_000227,industrial_safety_analytics_database,incident,2016-09-13T00:00:00,Country_02,Local_05,Metals,,,"employee was removing the strap from a chemical container as it projected toward him reaching his lower lip and anterior chest, the strap was contaminated with caustic soda and caused a 1st degree burn.",,,,,['Suspended Loads'],[],[],[],[],[],I,II,,,,Male,Employee,employee was removing the strap from a chemical container as it projected toward him reaching his lower lip and anterior chest the strap was contaminated with caustic soda and caused a 1st degree burn,DUP_0187,1,False,2
industrial_safety_000102,industrial_safety_analytics_database,incident,2016-04-14T00:00:00,Country_01,Local_04,Mining,,,"In bypass 100 of level 1970 when the workers of the company Incimet Raul (operator of Bolter bolting team) and Rolando (assistant) retired after installing the support with helical bolt, the pink team with a mesh overhanging the gable, so the teacher tells his assistant to cut the mesh and the instant the assistant finished cutting the mesh, it suddenly rises hitting his face causing the injury described.",,,,,['Others'],[],[],[],[],[],I,II,,,,Male,Third Party,in bypass 100 of level 1970 when the workers of the company incimet raul operator of bolter bolting team and rolando assistant retired after installing the support with helical bolt the pink team with a mesh overhanging the gable so the teacher tells his assistant to cut the mesh and the instant the assistant finished cutting the mesh it suddenly rises hitting his face causing the injury described,DUP_0194,1,False,2
industrial_safety_000179,industrial_safety_analytics_database,incident,2016-07-08T00:00:00,Country_01,Local_01,Mining,,,"In circumstances in which the adjutant of the scissor bolter came down by the team's ladder - last step - it slides from an approximate height of 0.9 m. and falls sitting on the floor. At the time of the accident, the person involved in the use of the helmet; there were no rocks or materials in the crash site.",,,,,['Others'],[],[],[],[],[],I,II,,,,Male,Employee,in circumstances in which the adjutant of the scissor bolter came down by the teams ladder  last step  it slides from an approximate height of 09 m and falls sitting on the floor at the time of the accident the person involved in the use of the helmet there were no rocks or materials in the crash site,DUP_0196,1,False,2
industrial_safety_000146,industrial_safety_analytics_database,incident,2016-06-03T00:00:00,Country_01,Local_01,Mining,,,"In circumstances that the collaborator performed the cleaning of the ditch 3570, 0.50 cm deep, removing the pipe of 2 ""HDPE material with an estimated weight of 30 Kg. Together with two collaborators, when pushing the tube to drain the dune, the collaborator is hit on the lower right side lip producing a slight blow to the lip. At the time of the event, the collaborator had a safety helmet, glasses and gloves.",,,,,['Others'],[],[],[],[],[],I,II,,,,Male,Third Party,in circumstances that the collaborator performed the cleaning of the ditch 3570 050 cm deep removing the pipe of 2 hdpe material with an estimated weight of 30 kg together with two collaborators when pushing the tube to drain the dune the collaborator is hit on the lower right side lip producing a slight blow to the lip at the time of the event the collaborator had a safety helmet glasses and gloves,DUP_0203,1,False,2
industrial_safety_000417,industrial_safety_analytics_database,incident,2017-06-11T00:00:00,Country_01,Local_04,Mining,,,"In circumstances that the worker prepared food in the electric pot, by not ensuring the lid falls on his head causing the injury described.",,,,,['Others'],[],[],[],[],[],I,II,,,,Male,Third Party,in circumstances that the worker prepared food in the electric pot by not ensuring the lid falls on his head causing the injury described,DUP_0210,1,False,2
industrial_safety_000418,industrial_safety_analytics_database,incident,2017-06-11T00:00:00,Country_01,Local_04,Mining,,,"In circumstances where the worker and two partners were placing a killer bomb in the basket of a Manitou team, the bomb hits the index finger of the right hand against the basket.",,,,,['Pressed'],[],[],[],[],[],I,II,,,,Male,Employee,in circumstances where the worker and two partners were placing a killer bomb in the basket of a manitou team the bomb hits the index finger of the right hand against the basket,DUP_0217,1,False,2
industrial_safety_000105,industrial_safety_analytics_database,incident,2016-04-15T00:00:00,Country_01,Local_03,Mining,,,"In general store, while two store attendants removed the compartment a rubber mesh for material classification - 1.8 m.x1.2 m.x0.02 m .; 60 kg of weight - when lifted approx. 40 cm to position it against the edge of another mesh placed on the floor on a litter, this slightly imprisons the index finger of the right hand of one of the assistants causing a minor cutting wound. At the time of the accident the injured worker used leather gloves.",,,,,['Others'],[],[],[],[],[],I,II,,,,Male,Employee,in general store while two store attendants removed the compartment a rubber mesh for material classification  18 mx12 mx002 m  60 kg of weight  when lifted approx 40 cm to position it against the edge of another mesh placed on the floor on a litter this slightly imprisons the index finger of the right hand of one of the assistants causing a minor cutting wound at the time of the accident the injured worker used leather gloves,DUP_0219,1,False,2
industrial_safety_000093,industrial_safety_analytics_database,incident,2016-03-31T00:00:00,Country_01,Local_03,Mining,,,"In the workshop level -970 in Box # 1, while TWO the mechanics manipulated a steel plate - 60cm x40cm x 2.5cm; 50 Kg - to place it in the gutter of the workshop and be able to remove the Scaler # 142, the plate slides and restricts the right ring finger between the gable and the plate causing the injury. The collaborator used gloves at the time of the accident",,,,,['Others'],[],[],[],[],[],I,II,,,,Male,Third Party,in the workshop level 970 in box  1 while two the mechanics manipulated a steel plate  60cm x40cm x 25cm 50 kg  to place it in the gutter of the workshop and be able to remove the scaler  142 the plate slides and restricts the right ring finger between the gable and the plate causing the injury the collaborator used gloves at the time of the accident,DUP_0252,1,False,2
industrial_safety_000295,industrial_safety_analytics_database,incident,2016-12-26T00:00:00,Country_01,Local_06,Metals,,,"Mr. Marcelo withdrew foam from the ajax oven, using the metal spoon to empty it into the foam waste container. At that moment splash of slag residues, impacting the face and generating a surface burn. The worker was wearing a face mask.",,,,,['Others'],[],[],[],[],[],I,II,,,,Male,Employee,mr marcelo withdrew foam from the ajax oven using the metal spoon to empty it into the foam waste container at that moment splash of slag residues impacting the face and generating a surface burn the worker was wearing a face mask,DUP_0258,1,False,2
industrial_safety_000327,industrial_safety_analytics_database,incident,2017-02-01T00:00:00,Country_03,Local_10,Others,,,"On 01/02/2017, at 10:15 a.m., when performing the Soil activity, the collaborator Alex used a pickaxe to assist in the opening of the collection hole. As he struck the ferranta on the ground, he had a fragment of rock projected on his forehead causing a small cut. The activity was paralyzed for a few moments and it was not necessary to go to the doctor, the employee continued the activities normally.",,,,,['Projection/Choco'],[],[],[],[],[],I,II,,,,Male,Third Party,on 01022017 at 1015 am when performing the soil activity the collaborator alex used a pickaxe to assist in the opening of the collection hole as he struck the ferranta on the ground he had a fragment of rock projected on his forehead causing a small cut the activity was paralyzed for a few moments and it was not necessary to go to the doctor the employee continued the activities normally,DUP_0260,1,False,2
industrial_safety_000329,industrial_safety_analytics_database,incident,2017-02-05T00:00:00,Country_03,Local_10,Others,,,"On 05/02/2017, at 10:40 p.m., when performing geological mapping activity, the geologist Manoel da Silva accompanied by the geologists Luciano dos Santos and Dayme had to make the crossing to the other side of a fence barbed wire, known in the region as a goat. It is a fence that from the base up to about 60cm in height is made by rods interlaced horizontally and upwards made with little barbed wire barbed, around 15 to 20cm. I jumped on the fence, and still on the fence I managed to ""sweep"" the vegetation with the left foot but even so while supporting the foot on the ground a stump of approximately 10cm x 1cm came to break the sole of the boot and cause the perforation in the left foot at the height of the fingers.",,,,,['Others'],[],[],[],[],[],I,II,,,,Male,Employee,on 05022017 at 1040 pm when performing geological mapping activity the geologist manoel da silva accompanied by the geologists luciano dos santos and dayme had to make the crossing to the other side of a fence barbed wire known in the region as a goat it is a fence that from the base up to about 60cm in height is made by rods interlaced horizontally and upwards made with little barbed wire barbed around 15 to 20cm i jumped on the fence and still on the fence i managed to sweep the vegetation with the left foot but even so while supporting the foot on the ground a stump of approximately 10cm x 1cm came to break the sole of the boot and cause the perforation in the left foot at the height of the fingers,DUP_0267,1,False,2
industrial_safety_000286,industrial_safety_analytics_database,incident,2016-12-13T00:00:00,Country_01,Local_06,Metals,,,"On December 13, the accessories coupling (gun - hose) of the high pressure pump (BAP) was made to clean the demister of the cooling tower G2172. carrying out the complete coupling, they turn on the BAP to start with the start test, at that moment the hose comes off the gun and hits Mr. Emerson who was holding the gun.",,,,,['Others'],[],[],[],[],[],I,II,,,,Male,Third Party,on december 13 the accessories coupling gun  hose of the high pressure pump bap was made to clean the demister of the cooling tower g2172 carrying out the complete coupling they turn on the bap to start with the start test at that moment the hose comes off the gun and hits mr emerson who was holding the gun,DUP_0269,1,False,2
industrial_safety_000229,industrial_safety_analytics_database,incident,2016-09-17T00:00:00,Country_01,Local_06,Metals,,,"On September 17, 2016 at approximately 8:35 pm, during the preventive maintenance of the G2142 debarking machine, the bearing assembly is made on the anode cleaning roller; When fitting the bearing in its final position, the staff used a chisel and a 4-pound rope to position the bearing. The worker places his left hand near the head of the chisel and warps, in these circumstances a splinter is embedded in the proximal part of the thumb of the left hand, immediately the collaborator communicates to the supervisor and is evacuated to the Medical for review.",,,,,['Pressed'],[],[],[],[],[],I,II,,,,Male,Third Party,on september 17 2016 at approximately 835 pm during the preventive maintenance of the g2142 debarking machine the bearing assembly is made on the anode cleaning roller when fitting the bearing in its final position the staff used a chisel and a 4pound rope to position the bearing the worker places his left hand near the head of the chisel and warps in these circumstances a splinter is embedded in the proximal part of the thumb of the left hand immediately the collaborator communicates to the supervisor and is evacuated to the medical for review,DUP_0272,1,False,2
industrial_safety_000128,industrial_safety_analytics_database,incident,2016-05-12T00:00:00,Country_01,Local_06,Metals,,,"On Sunday, 15, the collaborator goes to the medical center saying that he had an accident 3 days ago when he performed internal maintenance work on the heat exchangers, defined as a confined space and at risk of burning with acid. When leaving the confined space, the employee removes the protective gloves without having passed through the emergency shower; At that moment, skin contact occurs with sulfates, generating the lesion.",,,,,['Chemical substances'],[],[],[],[],[],I,II,,,,Male,Third Party (Remote),on sunday 15 the collaborator goes to the medical center saying that he had an accident 3 days ago when he performed internal maintenance work on the heat exchangers defined as a confined space and at risk of burning with acid when leaving the confined space the employee removes the protective gloves without having passed through the emergency shower at that moment skin contact occurs with sulfates generating the lesion,DUP_0273,1,False,2
industrial_safety_000428,industrial_safety_analytics_database,incident,2017-06-24T00:00:00,Country_01,Local_03,Mining,,,"On the surface, Comedor the worker of the company C & C made the cut of lemon at that time imprisoned the knife generating a movement and impacting on the first finger of the left hand causing a slight cut.",,,,,['Cut'],[],[],[],[],[],I,II,,,,Female,Third Party,on the surface comedor the worker of the company c  c made the cut of lemon at that time imprisoned the knife generating a movement and impacting on the first finger of the left hand causing a slight cut,DUP_0274,1,False,2
industrial_safety_000212,industrial_safety_analytics_database,incident,2016-08-24T00:00:00,Country_01,Local_01,Mining,,,"Once the topographic survey in the Stp. 440 (East zone), the victim and his co-worker, decide to continue with their work in the Stp. 440 (West), for this the injured person walks behind his co-worker (10 to 15 meters), when arriving at the loading zone (intersection Rpa 175 and St 440) the injured person asks the sccop operator to stop to pass, once the equipment is stopped, the victim passes behind his partner stuck to the gable, trying to avoid the accumulation of water, when he takes the third step into the puddle, the injured person steps on the false and falls to the floor, causing the injury .",,,,,['Others'],[],[],[],[],[],I,II,,,,Male,Employee,once the topographic survey in the stp 440 east zone the victim and his coworker decide to continue with their work in the stp 440 west for this the injured person walks behind his coworker 10 to 15 meters when arriving at the loading zone intersection rpa 175 and st 440 the injured person asks the sccop operator to stop to pass once the equipment is stopped the victim passes behind his partner stuck to the gable trying to avoid the accumulation of water when he takes the third step into the puddle the injured person steps on the false and falls to the floor causing the injury,DUP_0280,1,False,2
industrial_safety_000222,industrial_safety_analytics_database,incident,2016-09-06T00:00:00,Country_02,Local_02,Mining,,,the check list of the area of ​​the survey the operator slipped in the foliage of the leucenas and fell.,,,,,['Others'],[],[],[],[],[],I,II,,,,Male,Employee,the check list of the area of the survey the operator slipped in the foliage of the leucenas and fell,DUP_0288,1,False,2
industrial_safety_000330,industrial_safety_analytics_database,incident,2017-02-07T00:00:00,Country_01,Local_04,Mining,,,"The collaborator completed the misalignment of the nut on the left side of the chute scraper of strip No. 9-2, when he gets up he turns and hits the head guard with the railing, hitting the lenses generating the injury.",,,,,['Others'],[],[],[],[],[],I,II,,,,Male,Third Party,the collaborator completed the misalignment of the nut on the left side of the chute scraper of strip no 92 when he gets up he turns and hits the head guard with the railing hitting the lenses generating the injury,DUP_0291,1,False,2
industrial_safety_000435,industrial_safety_analytics_database,incident,2017-07-04T00:00:00,Country_01,Local_03,Mining,,,"The collaborator moved from the infrastructure office (Julio to the toilets, when the pin of the right shoe is hooked on the bra of the left shoe causing not to take the step and fall untimely, causing injury described.",,,,,['Others'],[],[],[],[],[],I,II,,,,Female,Employee,the collaborator moved from the infrastructure office julio to the toilets when the pin of the right shoe is hooked on the bra of the left shoe causing not to take the step and fall untimely causing injury described,DUP_0292,1,False,2
industrial_safety_000437,industrial_safety_analytics_database,incident,2017-07-06T00:00:00,Country_02,Local_05,Metals,,,"The Employee performed the activity of stripping cathodes, when pulling the cathode sheet his hand hit the side of another cathode, causing a blunt cut on his 2nd finger of the left hand.",,,,,['Cut'],[],[],[],[],[],I,II,,,,Male,Employee,the employee performed the activity of stripping cathodes when pulling the cathode sheet his hand hit the side of another cathode causing a blunt cut on his 2nd finger of the left hand,DUP_0301,1,False,2
industrial_safety_000213,industrial_safety_analytics_database,incident,2016-08-29T00:00:00,Country_02,Local_05,Metals,,,"The employee reports that after carrying out activity in the area of ​​the Expedition was to remove the overalls and had contact with material that contaminated the sleeve, which caused 1st degree burn in the right forearm.",,,,,['Chemical substances'],[],[],[],[],[],I,II,,,,Male,Employee,the employee reports that after carrying out activity in the area of the expedition was to remove the overalls and had contact with material that contaminated the sleeve which caused 1st degree burn in the right forearm,DUP_0304,1,False,2
industrial_safety_000398,industrial_safety_analytics_database,incident,2017-04-30T00:00:00,Country_02,Local_05,Metals,,,"The employee reports that he performed his routine activities in the area of ​​Electrolysis when, when trying to position one of the cathode sheets on the easel, it hit his sleeve and caused a cut in the same and superficially in the left hand.",,,,,['Others'],[],[],[],[],[],I,II,,,,Male,Employee,the employee reports that he performed his routine activities in the area of electrolysis when when trying to position one of the cathode sheets on the easel it hit his sleeve and caused a cut in the same and superficially in the left hand,DUP_0306,1,False,2
industrial_safety_000396,industrial_safety_analytics_database,incident,2017-04-28T00:00:00,Country_02,Local_05,Metals,,,"The employee reports that he performed his routine activities in the Foundry area when it was necessary to fit the last ZAMAC ingots of one of the packages. At this point, the ingot slipped and hit the back of his right foot, causing pain. The safety footwear worn by the employee has a steel toe and a metatarsal protector.",,,,,['Others'],[],[],[],[],[],I,II,,,,Male,Employee,the employee reports that he performed his routine activities in the foundry area when it was necessary to fit the last zamac ingots of one of the packages at this point the ingot slipped and hit the back of his right foot causing pain the safety footwear worn by the employee has a steel toe and a metatarsal protector,DUP_0307,1,False,2
industrial_safety_000271,industrial_safety_analytics_database,incident,2016-11-25T00:00:00,Country_02,Local_07,Mining,,,The employee reports that upon initiating 615 RLC front loading activity while performing the emulsion preparation for use there was a displacement of a small rock fragment from the ceiling reaching his left forearm,,,,,['Others'],[],[],[],[],[],I,II,,,,Male,Employee,the employee reports that upon initiating 615 rlc front loading activity while performing the emulsion preparation for use there was a displacement of a small rock fragment from the ceiling reaching his left forearm,DUP_0311,1,False,2
industrial_safety_000070,industrial_safety_analytics_database,incident,2016-03-10T00:00:00,Country_02,Local_05,Metals,,,"The employee reports that when he lowered the cloths in the purification, he arranged the cart so that it would not grab the pipe, pressing his left hand between the cloths and the cart.",,,,,['Pressed'],[],[],[],[],[],I,II,,,,Male,Employee,the employee reports that when he lowered the cloths in the purification he arranged the cart so that it would not grab the pipe pressing his left hand between the cloths and the cart,DUP_0312,1,False,2
industrial_safety_000224,industrial_safety_analytics_database,incident,2016-09-06T00:00:00,Country_02,Local_07,Mining,,,"The employee reports that when performing the maintenance activity of pump on the tunnel of the TC-020, as he was pulling out the rotor, struck the piece with the mallet that slipped from his hand. Reaching the lower part of your left leg, causing the injury.",,,,,['Others'],[],[],[],[],[],I,II,,,,Male,Employee,the employee reports that when performing the maintenance activity of pump on the tunnel of the tc020 as he was pulling out the rotor struck the piece with the mallet that slipped from his hand reaching the lower part of your left leg causing the injury,DUP_0313,1,False,2
industrial_safety_000034,industrial_safety_analytics_database,incident,2016-02-15T00:00:00,Country_02,Local_05,Metals,,,The employee was clearing the pipe when he tapped his right thumb against the flange causing little trauma.,,,,,['Others'],[],[],[],[],[],I,II,,,,Male,Employee,the employee was clearing the pipe when he tapped his right thumb against the flange causing little trauma,DUP_0316,1,False,2
industrial_safety_000232,industrial_safety_analytics_database,incident,2016-09-20T00:00:00,Country_02,Local_05,Metals,,,"The employee was performing maintenance of the blower, when the residual water projection occurred on his face. In an attempt to remove PPE, the injured person has had contact with contaminated gloves with the right eye causing irritation.",,,,,['Blocking and isolation of energies'],[],[],[],[],[],I,II,,,,Male,Third Party (Remote),the employee was performing maintenance of the blower when the residual water projection occurred on his face in an attempt to remove ppe the injured person has had contact with contaminated gloves with the right eye causing irritation,DUP_0320,1,False,2
industrial_safety_000072,industrial_safety_analytics_database,incident,2016-03-16T00:00:00,Country_02,Local_08,Metals,,,"The employee, when performing the adjustment / tightening operation of the cutter blade with which he worked, was neglected, the key to slip, causing the blade of the equipment to hit him, causing a blunt cut on his right forearm.",,,,,['Manual Tools'],[],[],[],[],[],II,II,,,,Male,Employee,the employee when performing the adjustment  tightening operation of the cutter blade with which he worked was neglected the key to slip causing the blade of the equipment to hit him causing a blunt cut on his right forearm,DUP_0324,1,False,2
industrial_safety_000380,industrial_safety_analytics_database,incident,2017-04-06T00:00:00,Country_01,Local_06,Metals,,,"The industrial cleaning worker Cristian was performing the cleaning activity of the gutter, striking with a walls of the same, to remove the solid solution that is formed. In that At the moment the operator's hands slide and impact on the edge of the gutter, causing a blow on the little finger of the left hand.",,,,,['Others'],[],[],[],[],[],I,II,,,,Male,Third Party,the industrial cleaning worker cristian was performing the cleaning activity of the gutter striking with a walls of the same to remove the solid solution that is formed in that at the moment the operators hands slide and impact on the edge of the gutter causing a blow on the little finger of the left hand,DUP_0330,1,False,2
industrial_safety_000112,industrial_safety_analytics_database,incident,2016-04-26T00:00:00,Country_02,Local_05,Metals,,,The injured woman performed cleaning and when cleaning the sink of the collection room pierced the finger with a fragment of glass.,,,,,['Cut'],[],[],[],[],[],I,II,,,,Female,Third Party,the injured woman performed cleaning and when cleaning the sink of the collection room pierced the finger with a fragment of glass,DUP_0333,1,False,2
industrial_safety_000116,industrial_safety_analytics_database,incident,2016-04-30T00:00:00,Country_01,Local_01,Mining,,,"The injured worker begins the work of presenting the support mesh cloth on the floor, making an initial cut in the mesh of a section of 0.3 m x 2.0 m for the ponchos, originating in the remaining mesh wicks (tips with prongs) protruding. When trying to make a second mesh cut, it is positioned at the edge of the remaining mesh with wicks to prevent them from curling, at which point it tries take your shear and remove the right foot of the mesh causing the mesh to roll up and embed a wick (tip with poles) through the left boot causing the injury. At the time of the accident the worker was wearing safety boots.",,,,,['Others'],[],[],[],[],[],I,II,,,,Male,Employee,the injured worker begins the work of presenting the support mesh cloth on the floor making an initial cut in the mesh of a section of 03 m x 20 m for the ponchos originating in the remaining mesh wicks tips with prongs protruding when trying to make a second mesh cut it is positioned at the edge of the remaining mesh with wicks to prevent them from curling at which point it tries take your shear and remove the right foot of the mesh causing the mesh to roll up and embed a wick tip with poles through the left boot causing the injury at the time of the accident the worker was wearing safety boots,DUP_0334,1,False,2
industrial_safety_000233,industrial_safety_analytics_database,incident,2016-09-20T00:00:00,Country_01,Local_06,Metals,,,"The lubricating technician Alfredo made the oil filling to the reducer D-100, in which, he notices an oil leak (tearing) between the connection of the hose and the reducer, correcting the leak. Once the work is finished, he goes to the lubricants workshop where he removes the gloves and observes that both hands are affected by contact with the hot surface and goes to the medical center where he was treated.",,,,,['Others'],[],[],[],[],[],I,II,,,,Male,Third Party,the lubricating technician alfredo made the oil filling to the reducer d100 in which he notices an oil leak tearing between the connection of the hose and the reducer correcting the leak once the work is finished he goes to the lubricants workshop where he removes the gloves and observes that both hands are affected by contact with the hot surface and goes to the medical center where he was treated,DUP_0336,1,False,2
industrial_safety_000289,industrial_safety_analytics_database,incident,2016-12-16T00:00:00,Country_02,Local_08,Metals,,,"The maid while walking in the electrolysis area, stumbled and fell next to the bathroom in room B.",,,,,['Others'],[],[],[],[],[],I,II,,,,Female,Third Party,the maid while walking in the electrolysis area stumbled and fell next to the bathroom in room b,DUP_0338,1,False,2
industrial_safety_000025,industrial_safety_analytics_database,incident,2016-02-15T00:00:00,Country_01,Local_06,Metals,,,"The operator was willing to manually displace the zinc sheet adhered to the aluminum cathode. At the moment when the blade was detached, the blade was released from the cathode, bending and grazing the collaborator's right hand, producing 2 small cuts at the knuckles of the fingers, the worker made use of his gloves. leather. The worker is transferred to the medical unit for first aid.",,,,,['Manual Tools'],[],[],[],[],[],I,II,,,,Male,Employee,the operator was willing to manually displace the zinc sheet adhered to the aluminum cathode at the moment when the blade was detached the blade was released from the cathode bending and grazing the collaborators right hand producing 2 small cuts at the knuckles of the fingers the worker made use of his gloves leather the worker is transferred to the medical unit for first aid,DUP_0347,1,False,2
industrial_safety_000210,industrial_safety_analytics_database,incident,2016-08-24T00:00:00,Country_02,Local_05,Metals,,,"The servant would remove the dishes from the bowl of the sink and when picking up a set of plates, there was one of them with the broken / broken edge, causing injury to his 3rd chiropactyl from his right hand.",,,,,['Cut'],[],[],[],[],[],I,II,,,,Male,Employee,the servant would remove the dishes from the bowl of the sink and when picking up a set of plates there was one of them with the broken  broken edge causing injury to his 3rd chiropactyl from his right hand,DUP_0350,1,False,2
industrial_safety_000109,industrial_safety_analytics_database,incident,2016-04-22T00:00:00,Country_01,Local_01,Mining,,,"the workshop at the end of the welding work in the small bolter equipment, the welder proceeds to clean the inside of a metal stool, impregnated with thinner (flammable liquid) and with the help of a hammer and screwdriver proceeds to remove the oxides, when hitting The screwdriver with the hammer produces a flash in the internal base of the stool, which produces a slight burn in the right hand of the welder. - At the time of the accident, the welder only uses a glove on the left hand ..",,,,,['Others'],[],[],[],[],[],I,II,,,,Male,Third Party,the workshop at the end of the welding work in the small bolter equipment the welder proceeds to clean the inside of a metal stool impregnated with thinner flammable liquid and with the help of a hammer and screwdriver proceeds to remove the oxides when hitting the screwdriver with the hammer produces a flash in the internal base of the stool which produces a slight burn in the right hand of the welder  at the time of the accident the welder only uses a glove on the left hand,DUP_0360,1,False,2
industrial_safety_000413,industrial_safety_analytics_database,incident,2017-05-30T00:00:00,Country_02,Local_12,Others,,,"Upon entering the building, the maid slipped and fell just behind the automatic door, in front of the entry mat. The floor was wet and slippery.",,,,,['Others'],[],[],[],[],[],I,II,,,,Female,Employee,upon entering the building the maid slipped and fell just behind the automatic door in front of the entry mat the floor was wet and slippery,DUP_0362,1,False,2
industrial_safety_000090,industrial_safety_analytics_database,incident,2016-03-10T00:00:00,Country_03,Local_10,Others,,,"When accessing the Santa do Novo area, in order to open the chop, General was moving ahead of the team in order to open access for Manetometer, when he came across an area with a steep slope and gravel presence. In a certain place of access the employee slipped, coming with this to become unbalanced. At that moment the machete that was in his left hand came to slip the right leg above the knee, causing a cut 3cm.",,,,,['Others'],[],[],[],[],[],II,II,,,,Male,Third Party,when accessing the santa do novo area in order to open the chop general was moving ahead of the team in order to open access for manetometer when he came across an area with a steep slope and gravel presence in a certain place of access the employee slipped coming with this to become unbalanced at that moment the machete that was in his left hand came to slip the right leg above the knee causing a cut 3cm,DUP_0364,1,False,2
industrial_safety_000131,industrial_safety_analytics_database,incident,2016-05-17T00:00:00,Country_01,Local_11,Others,,,"When an employee of MILPO Lima visited the facilities, when he was at level 2900, waiting for the personnel cage to go up to level 4070, drops of water fall from the ceiling from a height of 2.20 meters approximately, product of a slight filtration in the crown (sustained with shotcrete), a drop enters the right eye causing discomfort in the right eye. According to the employee, at the time of the accident the lenses had been removed to clean them, this happened after the visit to the interior of the mine.",,,,,['Others'],[],[],[],[],[],I,II,,,,Male,Employee,when an employee of milpo lima visited the facilities when he was at level 2900 waiting for the personnel cage to go up to level 4070 drops of water fall from the ceiling from a height of 220 meters approximately product of a slight filtration in the crown sustained with shotcrete a drop enters the right eye causing discomfort in the right eye according to the employee at the time of the accident the lenses had been removed to clean them this happened after the visit to the interior of the mine,DUP_0365,1,False,2
industrial_safety_000078,industrial_safety_analytics_database,incident,2016-03-22T00:00:00,Country_01,Local_03,Mining,,,"When carrying out the activity of cutting electrowelded mesh on the work front, the assistant positions his feet on one end of the mesh leaving the other end free, at the moment that the assistant bends down to make the cut with the shear, the end free of the mesh returns by inertia hitting the partner above his safety lens.",,,,,['Others'],[],[],[],[],[],I,II,,,,Male,Employee,when carrying out the activity of cutting electrowelded mesh on the work front the assistant positions his feet on one end of the mesh leaving the other end free at the moment that the assistant bends down to make the cut with the shear the end free of the mesh returns by inertia hitting the partner above his safety lens,DUP_0368,1,False,2
industrial_safety_000282,industrial_safety_analytics_database,incident,2016-12-12T00:00:00,Country_02,Local_08,Metals,,,"When entering the caustic soda containment basin to place the hose to make the suction, at this stage there was steam formation, striking the employee in the right and left calf.",,,,,['Others'],[],[],[],[],[],I,II,,,,Male,Employee,when entering the caustic soda containment basin to place the hose to make the suction at this stage there was steam formation striking the employee in the right and left calf,DUP_0374,1,False,2
industrial_safety_000172,industrial_safety_analytics_database,incident,2016-06-23T00:00:00,Country_02,Local_08,Metals,,,"When handling a lever to move the sludge, the employee moved it by making a pendulum movement and striking his chin.",,,,,['Manual Tools'],[],[],[],[],[],I,II,,,,Male,Employee,when handling a lever to move the sludge the employee moved it by making a pendulum movement and striking his chin,DUP_0375,1,False,2
industrial_safety_000187,industrial_safety_analytics_database,incident,2016-07-15T00:00:00,Country_02,Local_05,Metals,,,"when handling a sample in the laboratory, the sleeve of the employee's coat had contact with nitric acid, absorbing a small amount that came to reach the left forearm, causing a 1st degree burn.",,,,,['Chemical substances'],[],[],[],[],[],I,II,,,,Female,Employee,when handling a sample in the laboratory the sleeve of the employees coat had contact with nitric acid absorbing a small amount that came to reach the left forearm causing a 1st degree burn,DUP_0376,1,False,2
industrial_safety_000264,industrial_safety_analytics_database,incident,2016-11-08T00:00:00,Country_02,Local_08,Metals,,,"When igniting the furnace 07 of the battery I, there was reflux of hot gas, reaching the face of the employee.",,,,,['Others'],[],[],[],[],[],I,II,,,,Male,Employee,when igniting the furnace 07 of the battery i there was reflux of hot gas reaching the face of the employee,DUP_0377,1,False,2
industrial_safety_000069,industrial_safety_analytics_database,incident,2016-03-16T00:00:00,Country_01,Local_04,Mining,,,"When installing the ripper pin of the tractor D6T-N1, the ripper support arm slides by pressing the second and third fingers of the right hand against the base of the ripper causing the injury described.",,,,,['Others'],[],[],[],[],[],I,II,,,,Male,Third Party,when installing the ripper pin of the tractor d6tn1 the ripper support arm slides by pressing the second and third fingers of the right hand against the base of the ripper causing the injury described,DUP_0378,1,False,2
industrial_safety_000200,industrial_safety_analytics_database,incident,2016-08-04T00:00:00,Country_02,Local_08,Metals,,,"When removing the cap from the wear plate of the Warman LX-BB-01 pump, the left hand of the employee who was with the glove slipped came to have contact with the cutting part of the board.",,,,,['Cut'],[],[],[],[],[],I,II,,,,Male,Employee,when removing the cap from the wear plate of the warman lxbb01 pump the left hand of the employee who was with the glove slipped came to have contact with the cutting part of the board,DUP_0394,1,False,2
industrial_safety_000030,industrial_safety_analytics_database,incident,2016-02-17T00:00:00,Country_01,Local_03,Mining,,,"When the plant operator was semi-kneeling when lifting the lid or gate (15 kg) of the distributor box of the secondary mill No. 4 and No. 5, his right knee slips due to the presence of debris spilled on the platform or floor (Grating) - which gave him an extra effort in his left leg, generating a muscle contracture.",,,,,['Others'],[],[],[],[],[],I,II,,,,Male,Employee,when the plant operator was semikneeling when lifting the lid or gate 15 kg of the distributor box of the secondary mill no 4 and no 5 his right knee slips due to the presence of debris spilled on the platform or floor grating  which gave him an extra effort in his left leg generating a muscle contracture,DUP_0400,1,False,2
industrial_safety_000407,industrial_safety_analytics_database,incident,2017-05-17T00:00:00,Country_02,Local_07,Mining,,,"ACTIVITY: maintenance on scaller 07 - breaker arm extension cylinder LOCAL: underground mine (level 316) During the removal of the cylinder from the scaller arm, when releasing the fixing pin the cylinder ""came down"" and bumped into the tool used to press his hand between the tool and the structure of the equipment.",,,,,['Cut'],[],[],[],[],[],I,I,,,,Male,Employee,activity maintenance on scaller 07  breaker arm extension cylinder local underground mine level 316 during the removal of the cylinder from the scaller arm when releasing the fixing pin the cylinder came down and bumped into the tool used to press his hand between the tool and the structure of the equipment,DUP_0002,1,False,1
industrial_safety_000218,industrial_safety_analytics_database,incident,2016-09-02T00:00:00,Country_01,Local_03,Mining,,,"At level 4150 (+80) Unicon plant the collaborator was doing shuttering work in the concrete water sedimentation basin, at the moment of nailing a wood as it supplies on another 4 x 4 inch strip, he feels that the metallic hammer loosen the wooden handle and to fix it, he grabs the hammer by the head and hits the handle vertically on a wood, generating the injury. At the time of the accident the employee did not use his safety gloves.",,,,,['Others'],[],[],[],[],[],I,I,,,,Male,Third Party,at level 4150 80 unicon plant the collaborator was doing shuttering work in the concrete water sedimentation basin at the moment of nailing a wood as it supplies on another 4 x 4 inch strip he feels that the metallic hammer loosen the wooden handle and to fix it he grabs the hammer by the head and hits the handle vertically on a wood generating the injury at the time of the accident the employee did not use his safety gloves,DUP_0052,1,False,1
industrial_safety_000026,industrial_safety_analytics_database,incident,2016-02-13T00:00:00,Country_01,Local_01,Mining,,,"At the end of lunch in an enabled place on the side of the winche control room. He gets up and after a short walk he slips and sits with the floor and making contact with the left knee and not taking importance in the rest of the guard, when the guard is finished, he goes to safety and communicates the fact, for which reason it is derived Natclar, for your attention.",,,,,['Others'],[],[],[],[],[],I,I,,,,Male,Employee,at the end of lunch in an enabled place on the side of the winche control room he gets up and after a short walk he slips and sits with the floor and making contact with the left knee and not taking importance in the rest of the guard when the guard is finished he goes to safety and communicates the fact for which reason it is derived natclar for your attention,DUP_0058,1,False,1
industrial_safety_000163,industrial_safety_analytics_database,incident,2016-06-16T00:00:00,Country_03,Local_10,Others,,,"Auxiliary and Geologist traveled to the field to evaluate geological points following the GPS near some drainage. Following the state highway that gives access to Aripuanã area, stopped and got out of the vehicle to see the point identified in the GPS, Ademir, distancing himself about five meters from the vehicle, accompanied by the geologist Mario, was surprised by two bites of blows on his neck. Quickly he hurried back to the vehicle, moving away from the place. The clerk was wearing a girdle and goggles, he still was not wearing gloves, as he would not enter the forest area. There was no allergic reaction.",,,,,['Bees'],[],[],[],[],[],I,I,,,,Male,Third Party,auxiliary and geologist traveled to the field to evaluate geological points following the gps near some drainage following the state highway that gives access to aripuanã area stopped and got out of the vehicle to see the point identified in the gps ademir distancing himself about five meters from the vehicle accompanied by the geologist mario was surprised by two bites of blows on his neck quickly he hurried back to the vehicle moving away from the place the clerk was wearing a girdle and goggles he still was not wearing gloves as he would not enter the forest area there was no allergic reaction,DUP_0074,1,False,1
industrial_safety_000003,industrial_safety_analytics_database,incident,2016-01-08T00:00:00,Country_01,Local_04,Mining,,,"Being 9:45 am. approximately in the Nv. 1880 CX-695 OB7, the personnel begins the task of unlocking the Soquet bolts of the BHB machine, when they were in the penultimate bolt they identified that the hexagonal head was worn, proceeding Mr. Cristóbal - Auxiliary assistant to climb to the platform to exert pressure with your hand on the ""DADO"" key, to prevent it from coming out of the bolt; in those moments two collaborators rotate with the lever in anti-clockwise direction, leaving the key of the bolt, hitting the palm of the left hand, causing the injury.",,,,,['Others'],[],[],[],[],[],I,I,,,,Male,Third Party,being 945 am approximately in the nv 1880 cx695 ob7 the personnel begins the task of unlocking the soquet bolts of the bhb machine when they were in the penultimate bolt they identified that the hexagonal head was worn proceeding mr cristóbal  auxiliary assistant to climb to the platform to exert pressure with your hand on the dado key to prevent it from coming out of the bolt in those moments two collaborators rotate with the lever in anticlockwise direction leaving the key of the bolt hitting the palm of the left hand causing the injury,DUP_0091,1,False,1
industrial_safety_000240,industrial_safety_analytics_database,incident,2016-09-30T00:00:00,Country_01,Local_04,Mining,,,"Being at 11:00 a.m. approximately the mechanic was removing the last bolt of the 6 ""nipple in the pump 4115 (lime feeder), reactive area, the mechanic is positioned slightly flexing the legs and performs upward force with both hands, in that moment feels a pain and a spume in the right thigh. The mechanic is evacuated with the help of his colleagues to the medical post.",,,,,['Others'],[],[],[],[],[],I,I,,,,Male,Employee,being at 1100 am approximately the mechanic was removing the last bolt of the 6 nipple in the pump 4115 lime feeder reactive area the mechanic is positioned slightly flexing the legs and performs upward force with both hands in that moment feels a pain and a spume in the right thigh the mechanic is evacuated with the help of his colleagues to the medical post,DUP_0099,1,False,1
industrial_safety_000231,industrial_safety_analytics_database,incident,2016-09-20T00:00:00,Country_03,Local_10,Others,,,"Collaborator around 9:00 AM, cleaning the leaves of the return well of the 5021 borehole BRAPDD 0183 slipped on the canvas that was on the edge of the well, hitting the right side of the back against the metal structure of the mud-swathed box causing a slight excoriation. The employee was referred to the local hospital, medicated and released for the activities.",,,,,['Fall'],[],[],[],[],[],I,I,,,,Male,Third Party,collaborator around 900 am cleaning the leaves of the return well of the 5021 borehole brapdd 0183 slipped on the canvas that was on the edge of the well hitting the right side of the back against the metal structure of the mudswathed box causing a slight excoriation the employee was referred to the local hospital medicated and released for the activities,DUP_0105,1,False,1
industrial_safety_000334,industrial_safety_analytics_database,incident,2017-02-08T00:00:00,Country_02,Local_08,Metals,,,"During the activity for packaging the cylindrical piece on the easel, the employee carried the pieces to the designated place where he had his finger pressed between the metal pieces that were being moved.",,,,,['Pressed'],[],[],[],[],[],I,I,,,,Male,Third Party (Remote),during the activity for packaging the cylindrical piece on the easel the employee carried the pieces to the designated place where he had his finger pressed between the metal pieces that were being moved,DUP_0116,1,False,1
industrial_safety_000388,industrial_safety_analytics_database,incident,2017-04-12T00:00:00,Country_03,Local_10,Others,,,"During the execution of the service of opening of pricked for the future works of IP, around 15:30, the employee Pedro second in the line of the equipment, was stung by a wasp in the right portion of the neck. The beetle, being of small size, was not seen by the employees in the bite, causing the employee's shock against the insects that were manifested. The employee used all the PPE's required for the activity to be developed. The bite occurred over the collar of the shirt and over the face shield. The technician responsible for performing the work evaluated the sting and, together with the injured employee, found that because it was a localized swelling and that there was no allergy, there would be no need to paralyze the activity, which it followed normally.",,,,,['Venomous Animals'],[],[],[],[],[],I,I,,,,Male,Third Party,during the execution of the service of opening of pricked for the future works of ip around 1530 the employee pedro second in the line of the equipment was stung by a wasp in the right portion of the neck the beetle being of small size was not seen by the employees in the bite causing the employees shock against the insects that were manifested the employee used all the ppes required for the activity to be developed the bite occurred over the collar of the shirt and over the face shield the technician responsible for performing the work evaluated the sting and together with the injured employee found that because it was a localized swelling and that there was no allergy there would be no need to paralyze the activity which it followed normally,DUP_0129,1,False,1
industrial_safety_000383,industrial_safety_analytics_database,incident,2017-04-08T00:00:00,Country_03,Local_10,Others,,,"During the execution of the soil sampling task at the Potions area, around 1:15 pm, Luis - WCA, was opening with a machete and was bitten by a wasp on the back of his right hand, the same was using at the time of the incident all the EPIs needed for activity. The employee was evaluated by the technician who found it to be a mild and localized swelling wound. The employee reported that he did not feel any pain and that he could continue the activity.",,,,,['Venomous Animals'],[],[],[],[],[],I,I,,,,Male,Third Party,during the execution of the soil sampling task at the potions area around 115 pm luis  wca was opening with a machete and was bitten by a wasp on the back of his right hand the same was using at the time of the incident all the epis needed for activity the employee was evaluated by the technician who found it to be a mild and localized swelling wound the employee reported that he did not feel any pain and that he could continue the activity,DUP_0130,1,False,1
industrial_safety_000392,industrial_safety_analytics_database,incident,2017-04-25T00:00:00,Country_03,Local_10,Others,,,"During the execution of the soil sampling task, in the Potions area, around 3:00 pm Pablo was moving on the bite and was bitten by a right elbow wasp over the sleeve uniform. He was using at the time of the incident all the PPE needed for the activity. The employee was evaluated by the team who found it to be a mild injury with localized swelling. The employee reported that he did not feel any pain and that he could continue the activity.",,,,,['Venomous Animals'],[],[],[],[],[],I,I,,,,Male,Third Party,during the execution of the soil sampling task in the potions area around 300 pm pablo was moving on the bite and was bitten by a right elbow wasp over the sleeve uniform he was using at the time of the incident all the ppe needed for the activity the employee was evaluated by the team who found it to be a mild injury with localized swelling the employee reported that he did not feel any pain and that he could continue the activity,DUP_0131,1,False,1
industrial_safety_000432,industrial_safety_analytics_database,incident,2017-06-22T00:00:00,Country_03,Local_10,Others,,,"During the field activity in the AMG project, target São Luiz, the reconnaissance team was boarding the car, which was parked with the windows closed. When they entered the Mr. Paulo putting the seat belt inside the vehicle, pressed a wasp between the shoulder and the neck, causing a sting. It is believed that, possibly, the bee was nailed to the clothes because the car was properly closed.",,,,,['Venomous Animals'],[],[],[],[],[],I,I,,,,Male,Employee,during the field activity in the amg project target são luiz the reconnaissance team was boarding the car which was parked with the windows closed when they entered the mr paulo putting the seat belt inside the vehicle pressed a wasp between the shoulder and the neck causing a sting it is believed that possibly the bee was nailed to the clothes because the car was properly closed,DUP_0133,1,False,1
industrial_safety_000302,industrial_safety_analytics_database,incident,2017-01-06T00:00:00,Country_02,Local_08,Metals,,,"During the preparation for the scaffolding activity, the employee was loading the pieces to the designated place where he had his finger pressed between the metal pieces that were being moved.",,,,,['Pressed'],[],[],[],[],[],I,I,,,,Male,Employee,during the preparation for the scaffolding activity the employee was loading the pieces to the designated place where he had his finger pressed between the metal pieces that were being moved,DUP_0147,1,False,1
industrial_safety_000092,industrial_safety_analytics_database,incident,2016-03-22T00:00:00,Country_03,Local_10,Others,,,"During the trip to the vehicle, at the end of the work, the collaborator Rhainer stepped on an object that he could not identify, thus coming to pierce the sole of the boot and causing a small hole in the sole of the left foot of the collaborator. The perforation was possibly due to a stump of wood, since the area covered by the collaborator, was a pasture grazed recently and near a residence.",,,,,['Others'],[],[],[],[],[],I,I,,,,Male,Third Party,during the trip to the vehicle at the end of the work the collaborator rhainer stepped on an object that he could not identify thus coming to pierce the sole of the boot and causing a small hole in the sole of the left foot of the collaborator the perforation was possibly due to a stump of wood since the area covered by the collaborator was a pasture grazed recently and near a residence,DUP_0158,1,False,1
industrial_safety_000316,industrial_safety_analytics_database,incident,2017-01-21T00:00:00,Country_02,Local_02,Mining,,,"Employees engaged in the removal of material from the excavation of the well 2 of level 265, using shovel and placing it in the bucket. During the day some of this material fell into the pipes of the employees' boots and the friction between the boot and the calf caused a superficial injury to the legs.",,,,,['Others'],[],[],[],[],[],I,I,,,,Male,Third Party (Remote),employees engaged in the removal of material from the excavation of the well 2 of level 265 using shovel and placing it in the bucket during the day some of this material fell into the pipes of the employees boots and the friction between the boot and the calf caused a superficial injury to the legs,DUP_0190,2,True,1
industrial_safety_000161,industrial_safety_analytics_database,incident,2016-06-16T00:00:00,Country_03,Local_10,Others,,,"Geologist and auxiliary Ademir traveled to the field to evaluate geological points following the GPS near some drainage. Following the state highway that gives access to Aripuanã area, stopped and got out of the vehicle to see the point identified in the GPS, Mário, when distancing himself about five meters from the vehicle following the road, was surprised by two bites of thorns on his face. Quickly he hurried back to the vehicle, moving away from the place. The clerk was wearing a girdle and goggles, he still was not wearing gloves, as he would not enter the forest area. There was no allergic reaction.",,,,,['Bees'],[],[],[],[],[],I,I,,,,Male,Third Party,geologist and auxiliary ademir traveled to the field to evaluate geological points following the gps near some drainage following the state highway that gives access to aripuanã area stopped and got out of the vehicle to see the point identified in the gps mário when distancing himself about five meters from the vehicle following the road was surprised by two bites of thorns on his face quickly he hurried back to the vehicle moving away from the place the clerk was wearing a girdle and goggles he still was not wearing gloves as he would not enter the forest area there was no allergic reaction,DUP_0191,1,False,1
industrial_safety_000135,industrial_safety_analytics_database,incident,2016-05-20T00:00:00,Country_01,Local_06,Metals,,,"In circumstances that the collaborator Juveni performed the washing of the tabolas in the pot washing area, she suffers a feeling of dizziness and faintness causing the fall the same level and producing a slight concussion in the head.",,,,,['Fall prevention (same level)'],[],[],[],[],[],I,I,,,,Male,Third Party,in circumstances that the collaborator juveni performed the washing of the tabolas in the pot washing area she suffers a feeling of dizziness and faintness causing the fall the same level and producing a slight concussion in the head,DUP_0202,1,False,1
industrial_safety_000152,industrial_safety_analytics_database,incident,2016-06-07T00:00:00,Country_01,Local_01,Mining,,,"In circumstances where the employee made the connection of the electric cable of the No. 08 jumbo, the operator feels discomfort in the face cleaning with the hand while using the rubber glove, generating a superficial laceration (small wound) on the left cheekbone.",,,,,['Others'],[],[],[],[],[],I,I,,,,Male,Employee,in circumstances where the employee made the connection of the electric cable of the no 08 jumbo the operator feels discomfort in the face cleaning with the hand while using the rubber glove generating a superficial laceration small wound on the left cheekbone,DUP_0216,1,False,1
industrial_safety_000272,industrial_safety_analytics_database,incident,2016-11-28T00:00:00,Country_01,Local_03,Mining,,,"in Level 2900 dining room, the collaborator finished washing tabolas (food containers) of dimensions 52 cm x 30 cm x 20 cm, proceed to order them by pinking the thumb of the right hand in the corner of the aluminum tabola, generating the lesion. The employee at the time of the accident did not have safety gloves.",,,,,['Others'],[],[],[],[],[],I,I,,,,Male,Third Party,in level 2900 dining room the collaborator finished washing tabolas food containers of dimensions 52 cm x 30 cm x 20 cm proceed to order them by pinking the thumb of the right hand in the corner of the aluminum tabola generating the lesion the employee at the time of the accident did not have safety gloves,DUP_0221,1,False,1
industrial_safety_000142,industrial_safety_analytics_database,incident,2016-05-26T00:00:00,Country_03,Local_10,Others,,,"In the geological reconnaissance activity, in the farm of Mr. Lázaro, the team composed by Felipe and Divino de Morais, in normal activity encountered a ciliary forest, as they needed to enter the forest to verify a rock outcrop which was the front, the Divine realized the opening of the access with machete. At that moment, took a bite from his neck. There were no more attacks, no allergic reaction, and continued work normally. With the work completed, leaving the forest for the same access, the Divine assistant was attacked by a snake and suffered a sting in the forehead. At that moment they moved away from the area. It was verified that there was no type of allergic reaction and returned with normal activities.",,,,,['Bees'],[],[],[],[],[],I,I,,,,Male,Third Party,in the geological reconnaissance activity in the farm of mr lázaro the team composed by felipe and divino de morais in normal activity encountered a ciliary forest as they needed to enter the forest to verify a rock outcrop which was the front the divine realized the opening of the access with machete at that moment took a bite from his neck there were no more attacks no allergic reaction and continued work normally with the work completed leaving the forest for the same access the divine assistant was attacked by a snake and suffered a sting in the forehead at that moment they moved away from the area it was verified that there was no type of allergic reaction and returned with normal activities,DUP_0241,2,True,1
industrial_safety_000268,industrial_safety_analytics_database,incident,2016-11-21T00:00:00,Country_03,Local_10,Others,,,"In the region of Povoado Vista - Martinópole - CE, the employee Fábio de Vieira performed soil collection activities in the field, together with the auxiliaries Manoel da Silva and Diassis do Nascimento, when around 10:00 am, when crossing a fence his glove was attached to the wire and his body projected forward causing a slight twist of the left wrist. The team traveled to the city of Granja and the employee was referred to the hospital for consultation. The doctor did not diagnose a fracture, prescribing remedy for local pain and ice packs. By medical evaluation the employee can carry out his activities normally.",,,,,['Others'],[],[],[],[],[],I,I,,,,Male,Third Party,in the region of povoado vista  martinópole  ce the employee fábio de vieira performed soil collection activities in the field together with the auxiliaries manoel da silva and diassis do nascimento when around 1000 am when crossing a fence his glove was attached to the wire and his body projected forward causing a slight twist of the left wrist the team traveled to the city of granja and the employee was referred to the hospital for consultation the doctor did not diagnose a fracture prescribing remedy for local pain and ice packs by medical evaluation the employee can carry out his activities normally,DUP_0246,1,False,1
industrial_safety_000320,industrial_safety_analytics_database,incident,2017-01-24T00:00:00,Country_03,Local_10,Others,,,"On 01/24/2017, at 12:25 a.m., during the activity of collecting soil, the collaborator Milton ran into a branch and was attacked by maribondos. He was bitten twice in the head. No pain, swelling and no allergic symptoms continued with their activities.",,,,,['Venomous Animals'],[],[],[],[],[],I,I,,,,Male,Third Party,on 01242017 at 1225 am during the activity of collecting soil the collaborator milton ran into a branch and was attacked by maribondos he was bitten twice in the head no pain swelling and no allergic symptoms continued with their activities,DUP_0261,1,False,1
industrial_safety_000358,industrial_safety_analytics_database,incident,2017-03-02T00:00:00,Country_03,Local_10,Others,,,"On 02/03/17 during the soil sampling in the region of Sta. the employees Rafael and Danillo da Silva were attacked by a bee test. They rushed away from the place, but the employee Rafael took 4 bites, one on the chin, one on the chest, one on the neck and one on the hand over the glove. The employee took 4 bites, one in his hand over his glove and the other in the head, and the employee Danillo took 2 bites in the left arm over his uniform. At first no one sketched allergy, just swelling at the sting site. The activity was stopped to evaluate the site, after verifying that the test had remained in the line, they left the site.",,,,,['Venomous Animals'],[],[],[],[],[],I,I,,,,Male,Third Party,on 020317 during the soil sampling in the region of sta the employees rafael and danillo da silva were attacked by a bee test they rushed away from the place but the employee rafael took 4 bites one on the chin one on the chest one on the neck and one on the hand over the glove the employee took 4 bites one in his hand over his glove and the other in the head and the employee danillo took 2 bites in the left arm over his uniform at first no one sketched allergy just swelling at the sting site the activity was stopped to evaluate the site after verifying that the test had remained in the line they left the site,DUP_0262,3,True,1
industrial_safety_000343,industrial_safety_analytics_database,incident,2017-02-15T00:00:00,Country_03,Local_10,Others,,,"On 02/15/2017 at 3:27 pm, when performing the Magnetometric using GPS, the collaborator Antônio bumped the top of the field hat on a branch and was attacked by maribondos. He was bitten behind the ear and another on the shoulder, but he continued his activity because he felt no pain or swelling.",,,,,['Venomous Animals'],[],[],[],[],[],I,I,,,,Male,Third Party,on 02152017 at 327 pm when performing the magnetometric using gps the collaborator antônio bumped the top of the field hat on a branch and was attacked by maribondos he was bitten behind the ear and another on the shoulder but he continued his activity because he felt no pain or swelling,DUP_0263,1,False,1
industrial_safety_000352,industrial_safety_analytics_database,incident,2017-02-25T00:00:00,Country_03,Local_10,Others,,,"On 02/25/2017 at 13:05 p.m., when assisting with GPS in the Magnetometric collaborator Gilvânio bumped the top of the field hat on a branch and was attacked by maribondos. The moths went towards his eyes, but due to the use of sunglasses, the attack in that region was prevented. The insects moved to the side of the face, getting caught between the ear and the back of the field hat, making the helper get two bites behind the ear. Gilvânio is allergic to Marimbondos bites, soon the activity was immediately paralyzed, we drove to the car, where the accident took his medicine (antiallergic already used in other situations out of work, indicated by another doctor) to avoid further swelling. Marcelo responsible for the project was also on the field in the mapping activity, was called on the radio immediately. The assistant felt good, but was taken to the emergency of the Hospital of Lavras do Sul, where he consulted the doctor, took antiallergic and was released around 15:20.",,,,,['Venomous Animals'],[],[],[],[],[],I,I,,,,Male,Third Party,on 02252017 at 1305 pm when assisting with gps in the magnetometric collaborator gilvânio bumped the top of the field hat on a branch and was attacked by maribondos the moths went towards his eyes but due to the use of sunglasses the attack in that region was prevented the insects moved to the side of the face getting caught between the ear and the back of the field hat making the helper get two bites behind the ear gilvânio is allergic to marimbondos bites soon the activity was immediately paralyzed we drove to the car where the accident took his medicine antiallergic already used in other situations out of work indicated by another doctor to avoid further swelling marcelo responsible for the project was also on the field in the mapping activity was called on the radio immediately the assistant felt good but was taken to the emergency of the hospital of lavras do sul where he consulted the doctor took antiallergic and was released around 1520,DUP_0264,1,False,1
industrial_safety_000379,industrial_safety_analytics_database,incident,2017-04-04T00:00:00,Country_03,Local_10,Others,,,"On 04/04/2017, around 13: 30hs, during the current sediment activity the collaborator Warley took a bee sting in the neck, the same was using the screen, but the bee entered the bottom of the screen . After the sting the team decided to leave the workplace due to the presence of other bees. The collaborator had no reaction and continued to work normally.",,,,,['Venomous Animals'],[],[],[],[],[],I,I,,,,Male,Third Party,on 04042017 around 13 30hs during the current sediment activity the collaborator warley took a bee sting in the neck the same was using the screen but the bee entered the bottom of the screen  after the sting the team decided to leave the workplace due to the presence of other bees the collaborator had no reaction and continued to work normally,DUP_0265,1,False,1
industrial_safety_000363,industrial_safety_analytics_database,incident,2017-03-08T00:00:00,Country_03,Local_10,Others,,,"On 08/03/2017 at 3:30 PM, when performing MAG activity, the employee Murilo da Silva, when moving in the acquisition line, came across a small drainage (approximately 40cm wide), with small gap. As he traversed the drainage, the employee rested his right foot on the ravine that came to rest, causing the right ankle to twist. Soon after the twisting, the activities were paralyzed and the employee was taken to the local hospital, where an x-ray was taken and an examination made by the physician. No serious injury was found, only a small swelling, then released to normal activities.",,,,,['Others'],[],[],[],[],[],I,I,,,,Male,Third Party,on 08032017 at 330 pm when performing mag activity the employee murilo da silva when moving in the acquisition line came across a small drainage approximately 40cm wide with small gap as he traversed the drainage the employee rested his right foot on the ravine that came to rest causing the right ankle to twist soon after the twisting the activities were paralyzed and the employee was taken to the local hospital where an xray was taken and an examination made by the physician no serious injury was found only a small swelling then released to normal activities,DUP_0268,1,False,1
industrial_safety_000338,industrial_safety_analytics_database,incident,2017-02-08T00:00:00,Country_01,Local_06,Metals,,,"Performing carpentry work, the collaborator hit the second finger of the left hand with the hammer, which he held with his right hand, causing a bruise at the height of the nail. The evaluation was carried out at the medical center of the unit, the final diagnosis being contusion on the finger.",,,,,['Manual Tools'],[],[],[],[],[],I,I,,,,Male,Third Party (Remote),performing carpentry work the collaborator hit the second finger of the left hand with the hammer which he held with his right hand causing a bruise at the height of the nail the evaluation was carried out at the medical center of the unit the final diagnosis being contusion on the finger,DUP_0282,1,False,1
industrial_safety_000155,industrial_safety_analytics_database,incident,2016-06-08T00:00:00,Country_03,Local_10,Others,,,"Project of Vazante that carried out sediment collection of current in the South of Mata target, in the drainage of Serra do Garrote. team that was composed of 04 members of the WCA company, being the S.r.s Leandro, and Jehovânio. they were moving from one collection point to another, inside a shallow drainage, they saw the bee carton, the reaction was to move away from the box as quickly as possible to avoid the stings, they ran about 50 meters, looking for a safe area, to exit the radius of attack of the bees, but the S.S. and Breno), were attacked and consequently they suffered 02 stings, in the belly and Jehovah in the hand, verified that there was no type of allergic reaction, returned with the normal activities.",,,,,['Bees'],[],[],[],[],[],I,I,,,,Male,Third Party,project of vazante that carried out sediment collection of current in the south of mata target in the drainage of serra do garrote team that was composed of 04 members of the wca company being the srs leandro and jehovânio they were moving from one collection point to another inside a shallow drainage they saw the bee carton the reaction was to move away from the box as quickly as possible to avoid the stings they ran about 50 meters looking for a safe area to exit the radius of attack of the bees but the ss and breno were attacked and consequently they suffered 02 stings in the belly and jehovah in the hand verified that there was no type of allergic reaction returned with the normal activities,DUP_0284,2,True,1
industrial_safety_000368,industrial_safety_analytics_database,incident,2017-03-15T00:00:00,Country_03,Local_10,Others,,,"Team of the VMS Project performed soil collection on the Xixás target with 3 members. When the teams were moving from one collection point to another, Mr. Fabio was ahead of the team, stinging behind Robson and Manoel da Silva. near the collection point were surprised by a swarm of bees that was inside a I play near the ground, with no visibility in the woods and no hissing noise. Fabio passed by the stump, but Robson and Manoel da Silva were attacked by the bees. Robson had a sting in his left arm over his uniform and Manoel da Silva had a prick in his lip as his screen ripped as he tangled in the branches during the escape.",,,,,['Venomous Animals'],[],[],[],[],[],I,I,,,,Male,Third Party,team of the vms project performed soil collection on the xixás target with 3 members when the teams were moving from one collection point to another mr fabio was ahead of the team stinging behind robson and manoel da silva near the collection point were surprised by a swarm of bees that was inside a i play near the ground with no visibility in the woods and no hissing noise fabio passed by the stump but robson and manoel da silva were attacked by the bees robson had a sting in his left arm over his uniform and manoel da silva had a prick in his lip as his screen ripped as he tangled in the branches during the escape,DUP_0285,2,True,1
industrial_safety_000012,industrial_safety_analytics_database,incident,2016-02-01T00:00:00,Country_02,Local_05,Metals,,,The collaborator reports that he was working in the Ustulación and realized that the cyclone duct was obstructed and opened the door to try to unclog the same and the material detached and projected towards the employee causing small burn in the right heel.,,,,,['Liquid Metal'],[],[],[],[],[],I,I,,,,Male,Employee,the collaborator reports that he was working in the ustulación and realized that the cyclone duct was obstructed and opened the door to try to unclog the same and the material detached and projected towards the employee causing small burn in the right heel,DUP_0294,1,False,1
industrial_safety_000406,industrial_safety_analytics_database,incident,2017-05-16T00:00:00,Country_02,Local_12,Others,,,"The employee, as he passed the corner of the front door for not seeing the virdro, had a slight swelling in the frontal region due to the closing of the glass door.",,,,,['Others'],[],[],[],[],[],I,I,,,,Male,Employee,the employee as he passed the corner of the front door for not seeing the virdro had a slight swelling in the frontal region due to the closing of the glass door,DUP_0296,1,False,1
industrial_safety_000150,industrial_safety_analytics_database,incident,2016-06-05T00:00:00,Country_01,Local_06,Metals,,,"The employee who works as an electrician in the management of electrometallurgy, suffers contusion in the right leg when suffering a slip at the height of step 3 of the staircase with code ELE-81-040 (ABB furnace cat ladder), immediately He is referred to a collaborator to the medical service to be treated.",,,,,['Fall prevention'],[],[],[],[],[],I,I,,,,Male,Employee,the employee who works as an electrician in the management of electrometallurgy suffers contusion in the right leg when suffering a slip at the height of step 3 of the staircase with code ele81040 abb furnace cat ladder immediately he is referred to a collaborator to the medical service to be treated,DUP_0326,1,False,1
industrial_safety_000160,industrial_safety_analytics_database,incident,2016-06-16T00:00:00,Country_03,Local_10,Others,,,"The Geologo and the auxiliary Elismar traveled to evaluate geological points following the GPS near some drainage. Following the state highway that gives access to the Aripuanã area, they stopped and got out of the vehicle to see the point identified in the GPS, Renato, when distancing himself about seven meters from the vehicle following the road, was surprised by four bites of thorns on his face and neck. Quickly he hurried back to the vehicle, moving away from the place. The clerk was wearing a girdle and goggles, he still was not wearing gloves, as he would not enter the forest area. There was no allergic reaction.",,,,,['Bees'],[],[],[],[],[],I,I,,,,Male,Third Party,the geologo and the auxiliary elismar traveled to evaluate geological points following the gps near some drainage following the state highway that gives access to the aripuanã area they stopped and got out of the vehicle to see the point identified in the gps renato when distancing himself about seven meters from the vehicle following the road was surprised by four bites of thorns on his face and neck quickly he hurried back to the vehicle moving away from the place the clerk was wearing a girdle and goggles he still was not wearing gloves as he would not enter the forest area there was no allergic reaction,DUP_0328,1,False,1
industrial_safety_000141,industrial_safety_analytics_database,incident,2016-05-25T00:00:00,Country_03,Local_10,Others,,,"The ground team coordinated by Prospector with his assistants: da Silva and Wila 14:45 p.m., in a prong opening to access and collect soil samples, Auxiliar came across some he tried to divert about 10 meters to the right of the place, but at the moment of the diversion he came across the marimbondo house in front of him, not giving time for any other action since the thugs were already agitated, da Silva 5 times: a sting in the head, another behind the neck and other 3 stings in the face. Since all have allergy tests, it was verified that there was no allergic reaction, washed the affected part and returned to normal activities.",,,,,['Bees'],[],[],[],[],[],I,I,,,,Male,Third Party,the ground team coordinated by prospector with his assistants da silva and wila 1445 pm in a prong opening to access and collect soil samples auxiliar came across some he tried to divert about 10 meters to the right of the place but at the moment of the diversion he came across the marimbondo house in front of him not giving time for any other action since the thugs were already agitated da silva 5 times a sting in the head another behind the neck and other 3 stings in the face since all have allergy tests it was verified that there was no allergic reaction washed the affected part and returned to normal activities,DUP_0329,1,False,1
industrial_safety_000198,industrial_safety_analytics_database,incident,2016-08-02T00:00:00,Country_03,Local_10,Others,,,"The mincing team was carrying out activities in the city of Juína and was coordinated by mining technician Felipe a time when the mining technician was last in line and more away from the team, was bitten by a blackjack on the left side of his face. There was no allergic manifestation and the team continued the work. In the afternoon, after lunch, the employee sought medical care, was medicated and released to continue activities the next day.",,,,,['Bees'],[],[],[],[],[],I,I,,,,Male,Third Party,the mincing team was carrying out activities in the city of juína and was coordinated by mining technician felipe a time when the mining technician was last in line and more away from the team was bitten by a blackjack on the left side of his face there was no allergic manifestation and the team continued the work in the afternoon after lunch the employee sought medical care was medicated and released to continue activities the next day,DUP_0340,1,False,1
industrial_safety_000162,industrial_safety_analytics_database,incident,2016-06-16T00:00:00,Country_03,Local_10,Others,,,"The Safety and Technical moved to the field for inspection activity, on the way to the field, paused together with the other two teams in order to know the drainage points to be checked, the Safety at getting out of the vehicle, was struck by a sting of a weed in his neck, quickly returned to the vehicle and made radio communication with the other two teams which distanced themselves from the place. The clerk was wearing leggings and glasses. There was no allergic reaction.",,,,,['Bees'],[],[],[],[],[],I,I,,,,Male,Third Party,the safety and technical moved to the field for inspection activity on the way to the field paused together with the other two teams in order to know the drainage points to be checked the safety at getting out of the vehicle was struck by a sting of a weed in his neck quickly returned to the vehicle and made radio communication with the other two teams which distanced themselves from the place the clerk was wearing leggings and glasses there was no allergic reaction,DUP_0349,1,False,1
industrial_safety_000374,industrial_safety_analytics_database,incident,2017-03-25T00:00:00,Country_03,Local_10,Others,,,"The technician was doing the magnetometric survey when he stepped on a thorn. His reaction was to immediately retreat, losing his balance and so the magnetometer's antenna broke.",,,,,['Others'],[],[],[],[],[],I,I,,,,Male,Employee,the technician was doing the magnetometric survey when he stepped on a thorn his reaction was to immediately retreat losing his balance and so the magnetometers antenna broke,DUP_0353,1,False,1
industrial_safety_000357,industrial_safety_analytics_database,incident,2017-03-01T00:00:00,Country_01,Local_06,Metals,,,"When carrying out refractory brick chopping activities, in order to place the support of the bus bar in section 70, a particle is detached, hitting the assistant's right arm that was one meter away from the work area, provoking him a wound in the arm, was treated at the medical center and returned to his usual duties.",,,,,['Others'],[],[],[],[],[],I,I,,,,Male,Third Party (Remote),when carrying out refractory brick chopping activities in order to place the support of the bus bar in section 70 a particle is detached hitting the assistants right arm that was one meter away from the work area provoking him a wound in the arm was treated at the medical center and returned to his usual duties,DUP_0367,1,False,1
industrial_safety_000228,industrial_safety_analytics_database,incident,2016-09-15T00:00:00,Country_03,Local_10,Others,,,"When cutting the vegetation to open the bite, using a sickle, the assistant struck the vine twice. When the liana ruptured, the top of the branch projected against the face of the auxiliary causing the cut in the upper lip.",,,,,['Others'],[],[],[],[],[],I,I,,,,Male,Third Party,when cutting the vegetation to open the bite using a sickle the assistant struck the vine twice when the liana ruptured the top of the branch projected against the face of the auxiliary causing the cut in the upper lip,DUP_0373,1,False,1
industrial_safety_000165,industrial_safety_analytics_database,incident,2016-06-18T00:00:00,Country_03,Local_10,Others,,,"When moving in the field to make geological mapping, the prospector Marcos who was accompanied by the geologist Manoel stooped to deviate from the vegetation, at that moment, received a whistling sting in the ring finger of his right hand. There was no allergic reaction and activities followed normally after the event.",,,,,['Bees'],[],[],[],[],[],I,I,,,,Male,Third Party,when moving in the field to make geological mapping the prospector marcos who was accompanied by the geologist manoel stooped to deviate from the vegetation at that moment received a whistling sting in the ring finger of his right hand there was no allergic reaction and activities followed normally after the event,DUP_0383,1,False,1
industrial_safety_000120,industrial_safety_analytics_database,incident,2016-05-04T00:00:00,Country_03,Local_10,Others,,,"When performing geological mapping activity, it was necessary to hammer a rock for analysis, at the moment when the clerk held it, a pointed fragment slipped on the third quirodactyl of the right hand causing a superficial cut.",,,,,['Manual Tools'],[],[],[],[],[],I,I,,,,Male,Third Party,when performing geological mapping activity it was necessary to hammer a rock for analysis at the moment when the clerk held it a pointed fragment slipped on the third quirodactyl of the right hand causing a superficial cut,DUP_0388,1,False,1
industrial_safety_000164,industrial_safety_analytics_database,incident,2016-06-18T00:00:00,Country_03,Local_10,Others,,,"While traveling in the field in order to make geological mapping, the geologist Manoel who was accompanied by the prospector Marcos stooped to deviate from the vegetation, at that time, received three whistling stings being them, two on the face and one on the neck. There was no allergic reaction and activities followed normally after the event.",,,,,['Bees'],[],[],[],[],[],I,I,,,,Male,Employee,while traveling in the field in order to make geological mapping the geologist manoel who was accompanied by the prospector marcos stooped to deviate from the vegetation at that time received three whistling stings being them two on the face and one on the neck there was no allergic reaction and activities followed normally after the event,DUP_0411,1,False,1
