report_id,source,report_type,timestamp,site,location,department,activity,asset,description,unsafe_act,unsafe_condition,near_miss,hi_po,hazards,exposure,potential_consequences,barriers,barrier_status,life_saving_rules,actual_outcome,potential_accident_level,sif_potential,annotation_confidence,annotation_version,source_gender,source_actor_type,normalized_description,duplicate_group_id,duplicate_group_size,is_duplicate,potential_level_numeric,potential_numeric,actual_numeric,description_length,risk,selection_band,annotation_status,sif_reason,evidence_text,hazard_notes,consequence_notes,barrier_notes,annotator_confidence,annotator_id,annotated_at_utc,exposure_notes,text_length,length_distance,annotation_round,final_sif_potential,label_source,is_uncertain,usable_for_binary_sif_model,batch_id,active_learning_rank,selection_reason,tfidf_probability,transformer_probability,hybrid_probability,model_disagreement,boundary_uncertainty,ranking_score
industrial_safety_000013,industrial_safety_analytics_database,incident,2016-02-02T00:00:00,Country_01,Local_01,Mining,,,"In moments that the operator of the Jumbo 2, tried energize your equipment to proceed to the installation of 4 split set at intersection 544 of Nv 3300, remove the lock and opening the electric board of 440V and 400A, and when lifting the thermomagnetic key This makes phase to ground - phase contact with the panel shell - producing a flash which reaches the operator causing the injury described.",,,,,['Electrical installation'],[],[],[],[],[],IV,V,YES,,v0.1,Male,Third Party,in moments that the operator of the jumbo 2 tried energize your equipment to proceed to the installation of 4 split set at intersection 544 of nv 3300 remove the lock and opening the electric board of 440v and 400a and when lifting the thermomagnetic key this makes phase to ground  phase contact with the panel shell  producing a flash which reaches the operator causing the injury described,DUP_0224,1.0,False,5.0,5.0,4.0,398.0,['Electrical installation'],high,completed,"The incident involved exposure to a 440 V, 400 A electrical panel during energization. A phase-to-ground/phase-to-panel fault produced an electrical arc flash that reached the operator. An arc flash at this voltage/current level could result in fatal burns, electrocution, or other life-threatening injuries.","The operator removed the lock, opened the 440 V/400 A electrical board, and lifted the thermomagnetic breaker. This caused phase-to-ground/phase-to-panel contact and an arc flash, which reached and injured the operator.","Electrical energy / arc flash while operating an energized 440 V, 400 A electrical installation.","Fatality or life-altering injury, including severe thermal burns, electric shock/electrocution, cardiac arrest, or secondary injuries.","Failed/inadequate electrical isolation and energization controls. The lock was removed and the panel was opened before energization, exposing the operator to hazardous electrical energy. Controls such as verified de-energization, lockout/tagout, absence-of-voltage testing, appropriate panel protection, and arc-flash PPE appear to have been ineffective or not followed.",HIGH,annotator_01,2026-09-02T05:03:01.129483+00:00,,,,,YES,adjudicated,False,True,,,,,,,,,
industrial_safety_000025,industrial_safety_analytics_database,incident,2016-02-15T00:00:00,Country_01,Local_06,Metals,,,"The operator was willing to manually displace the zinc sheet adhered to the aluminum cathode. At the moment when the blade was detached, the blade was released from the cathode, bending and grazing the collaborator's right hand, producing 2 small cuts at the knuckles of the fingers, the worker made use of his gloves. leather. The worker is transferred to the medical unit for first aid.",,,,,['Manual Tools'],[],[],[],[],[],I,II,NO,,v0.1,Male,Employee,,DUP_0347,,,,,,,,,completed,"The event involved a blade detaching and bending while manually removing a zinc sheet, causing two small cuts to the knuckles. Although the blade moved unexpectedly, the described energy and consequence are localized and do not indicate a credible SIF-level mechanism.","The blade detached from the cathode, bent and grazed the worker's right hand, producing two small cuts on the finger knuckles.",Sharp blade / localized mechanical energy.,Minor cuts/lacerations to the hand or fingers.,"Leather gloves were being used, providing some hand protection, although the blade still contacted the hand.",HIGH,annotator_01,2026-09-03T10:46:34.880808+00:00,Right hand directly exposed to the blade while manually removing the zinc sheet.,,,active_learning_01,NO,,,,active_learning_batch_01,2.0,TF-IDF YES / Transformer NO disagreement,0.5657565416880103,0.4297553680559479,0.4977559548719791,0.1360011736320623,0.9955119097439582,0.7551149250511797
industrial_safety_000033,industrial_safety_analytics_database,incident,2016-02-20T00:00:00,Country_01,Local_04,Mining,,,"Approximately 1:40 p.m. in circumstances that shotcrete was launched in the Nv. 1680 BP 255 of the OB2B, after finishing the launch of the first mixkret 113, the assistant of the alpha, Mr. Albertico asks the operator of the mixkret 113, Mr. Jhony to move the mixkret 116, so that access, finding in the cockpit of the mixkret the operator of the Launcher team, Mr. Danon asks him to come down. When the team started, he noticed that Mr. Danon (injured) was imprisoned between the team (height of the left rear rim) and the Hastial de la Labor.",,,,,['Others'],[],[],[],[],[],V,V,YES,,v0.1,Male,Third Party,,DUP_0016,,,,,,,,,completed,"The worker was trapped between mobile equipment and the excavation wall, creating a high-energy crushing/pinch-point exposure. This mechanism can readily result in severe injury or fatality.","When the Mixkret equipment was moved, the injured worker was found imprisoned between the equipment (left rear wheel area) and the excavation wall (hastial).",Mobile equipment movement / crushing and struck-by energy.,"Crushing, multiple fractures, internal injuries, amputation, or fatality.",Inadequate exclusion-zone and communication controls around mobile equipment movement allowed a person to remain in the line of fire/crush zone.,HIGH,annotator_01,2026-09-03T10:45:36.522279+00:00,Worker was directly within the pinch/crush zone between the moving Mixkret and the excavation wall.,,,active_learning_01,YES,,,,active_learning_batch_01,64.0,High combined uncertainty,0.5316933427691746,0.6664290552178737,0.5990611989935242,0.134735712448699,0.8018776020129517,0.5333811076635723
industrial_safety_000034,industrial_safety_analytics_database,incident,2016-02-15T00:00:00,Country_02,Local_05,Metals,,,The employee was clearing the pipe when he tapped his right thumb against the flange causing little trauma.,,,,,['Others'],[],[],[],[],[],I,II,NO,,v0.1,Male,Employee,the employee was clearing the pipe when he tapped his right thumb against the flange causing little trauma,DUP_0316,1.0,False,2.0,,,,['Others'],,completed,"The event involved a minor hand impact while clearing a pipe. There is no indication of high-energy release, significant crushing potential, or another credible mechanism for a fatal or life-altering injury.","The employee was clearing the pipe when he tapped his right thumb against the flange, resulting in little trauma.",Mechanical contact / minor impact energy from the pipe flange.,"Minor injury, such as bruising or a minor contusion. A SIF-level consequence is not reasonably evident from the narrative.",Hand positioning and task technique controls could be improved to prevent contact with the flange during manual pipe clearing.,HIGH,annotator_01,2026-09-02T06:05:20.640569+00:00,The employee's right thumb was exposed to the flange during the pipe-clearing activity.,107.0,,pilot_02,NO,pilot,False,True,,,,,,,,,
industrial_safety_000072,industrial_safety_analytics_database,incident,2016-03-16T00:00:00,Country_02,Local_08,Metals,,,"The employee, when performing the adjustment / tightening operation of the cutter blade with which he worked, was neglected, the key to slip, causing the blade of the equipment to hit him, causing a blunt cut on his right forearm.",,,,,['Manual Tools'],[],[],[],[],[],II,II,NO,,v0.1,Male,Employee,,DUP_0324,,,,,,,,,completed,"The incident involved a manual tool slipping during cutter-blade adjustment, resulting in a blunt cut to the forearm. The described mechanism is localized and does not indicate a credible SIF-level energy or consequence.","While adjusting/tightening the cutter blade, the key slipped, causing the equipment blade to strike the worker's right forearm and produce a blunt cut.",Sharp cutter blade / manual-tool mechanical energy.,"Localized laceration, blunt cut, or moderate forearm injury.","Manual tool slipped during blade adjustment, indicating inadequate control of the tool/blade during the task.",HIGH,annotator_01,2026-09-03T10:43:07.922398+00:00,Worker's forearm was directly exposed to the blade when the tightening key slipped.,,,active_learning_01,NO,,,,active_learning_batch_01,20.0,TF-IDF YES / Transformer NO disagreement,0.51465294862921,0.3843352402063227,0.4494940944177663,0.1303177084228872,0.8989881888355327,0.6293487049127783
industrial_safety_000074,industrial_safety_analytics_database,incident,2016-03-19T00:00:00,Country_01,Local_01,Mining,,,"During the placement of the last support mesh cloth of the work, in moments that from the ground the injured collaborator reached the electrowelded mesh to the operator of the scissor bolter positioned in the basket, when pressing on the mesh, one of the protruding ends of the mesh, crosses the leather glove causing an injury in his right hand.",,,,,['Others'],[],[],[],[],[],I,III,NO,,v0.1,Male,Employee,during the placement of the last support mesh cloth of the work in moments that from the ground the injured collaborator reached the electrowelded mesh to the operator of the scissor bolter positioned in the basket when pressing on the mesh one of the protruding ends of the mesh crosses the leather glove causing an injury in his right hand,DUP_0144,1.0,False,3.0,,,,['Others'],,completed,The incident involved a sharp protruding end of electrowelded mesh penetrating the worker's glove and injuring the hand. The described mechanism does not indicate significant stored or high-energy potential capable of causing a fatal or life-altering injury.,"While placing the final support mesh, the injured worker reached the electrowelded mesh toward the scissor bolter operator. When pressing the mesh, a protruding end crossed the leather glove and injured the right hand.",Sharp-edge / puncture hazard from the protruding end of the electrowelded mesh.,"Minor to moderate hand injury, such as puncture wounds, lacerations, or localized tissue damage. A SIF-level consequence is not reasonably evident from the narrative.","Material-handling and hand-protection controls were inadequate or could be improved. Protruding mesh ends should be controlled/trimmed or otherwise protected, and task-appropriate cut/puncture-resistant gloves should be used.",HIGH,annotator_01,2026-09-02T06:10:31.681296+00:00,The worker's right hand was directly exposed to the protruding mesh end while handling and pressing the mesh.,346.0,4.0,pilot_02,NO,adjudicated,False,True,,,,,,,,,
industrial_safety_000075,industrial_safety_analytics_database,incident,2016-03-14T00:00:00,Country_02,Local_05,Metals,,,The employee checked for acid leakage in the shipping area when he was hit by splashes of solution in his right hemiface.,,,,,['Chemical substances'],[],[],[],[],[],I,IV,YES,,v0.1,Male,Employee,the employee checked for acid leakage in the shipping area when he was hit by splashes of solution in his right hemiface,DUP_0297,1.0,False,4.0,,,,['Chemical substances'],,completed,"The employee was exposed to acidic solution splashes to the face while checking for a leak. Chemical exposure to the face can cause severe burns, permanent eye damage, or other life-altering injuries, depending on the concentration and quantity of the acid.","While checking for an acid leakage in the shipping area, the employee was struck by splashes of solution to the right side of the face.",Chemical energy / corrosive acid solution capable of causing tissue and eye damage.,"Fatality or life-altering injury, including severe facial chemical burns, permanent eye damage/blindness, respiratory injury, or systemic effects depending on the substance.","Leak detection, containment, chemical isolation, and PPE controls were inadequate or ineffective. The employee was exposed to the leak while investigating it. Appropriate isolation/containment, remote leak assessment where feasible, exclusion from the splash zone, and chemical-resistant face/eye protection should prevent direct exposure.",HIGH,annotator_01,2026-09-02T06:09:33.880386+00:00,The employee's right hemiface was directly exposed to the chemical splash while investigating the leak.,121.0,,pilot_02,YES,pilot,False,True,,,,,,,,,
industrial_safety_000076,industrial_safety_analytics_database,incident,2016-03-18T00:00:00,Country_02,Local_05,Metals,,,"The employee was clearing the liquid zinc pump from oven 04, when he stepped on the platform and became unbalanced with a twist in his left foot.",,,,,['Fall prevention (same level)'],[],[],[],[],[],I,IV,NO,,v0.1,Male,Employee,the employee was clearing the liquid zinc pump from oven 04 when he stepped on the platform and became unbalanced with a twist in his left foot,DUP_0315,1.0,False,4.0,,,,['Fall prevention (same level)'],,completed,"The incident involved a same-level loss of balance and twisting of the foot, with no indication of significant fall height, high-energy release, or credible fatal-injury mechanism.","While clearing the liquid zinc pump, the employee stepped onto the platform, became unbalanced, and twisted his left foot.",Same-level slip/trip/loss of balance; low gravitational energy.,"Sprain, strain, or other minor-to-moderate musculoskeletal injury.","Platform access/working surface allowed a loss of balance, but there is no evidence of a failed critical barrier associated with SIF exposure.",HIGH,annotator_01,2026-09-03T08:42:09.925355+00:00,Employee was exposed while walking/working on the platform.,145.0,,v0.2_calibration,NO,pilot,False,True,,,,,,,,,
industrial_safety_000077,industrial_safety_analytics_database,incident,2016-03-18T00:00:00,Country_02,Local_05,Metals,,,"The employee was transiting toward the cadmium factory, near tank 1440 on copper sulphate, when acid solution spilled in his direction, reaching his legs causing minor burns.",,,,,['Chemical substances'],[],[],[],[],[],I,IV,YES,,v0.1,Male,Employee,the employee was transiting toward the cadmium factory near tank 1440 on copper sulphate when acid solution spilled in his direction reaching his legs causing minor burns,DUP_0322,1.0,False,4.0,,,,['Chemical substances'],,completed,"The employee was exposed to an acid solution spill while walking near a process tank. Although the reported injury was minor, uncontrolled acid release has credible potential for severe chemical burns, particularly if exposure had occurred to the eyes, face, or a larger area of the body.","While walking toward the cadmium factory near tank 1440 containing copper sulphate, an acid solution spilled toward the employee, reaching his legs and causing minor burns.",Chemical energy / corrosive acid solution associated with the process equipment.,"Fatality or life-altering injury could result from a larger or more concentrated acid release, including severe chemical burns, permanent eye damage, respiratory injury, or systemic effects.","Containment, leak/spill prevention, and pedestrian segregation controls were inadequate or ineffective. The employee's normal travel route placed him within the potential release zone of the process equipment.",HIGH,annotator_01,2026-09-02T06:13:26.731251+00:00,The employee's legs were directly exposed to the spilled acid solution while transiting near the tank.,174.0,,pilot_02,YES,pilot,False,True,,,,,,,,,
industrial_safety_000082,industrial_safety_analytics_database,incident,2016-03-30T00:00:00,Country_01,Local_03,Mining,,,"After having carried out the mechanized support with the Scissor # 200, the heavy equipment operator picks up the water supply hose towards the drum of the equipment and, while He was heading towards the cabin of the Scissor on the way on a piece of rock - 10 cm high approx. - which displaces by sliding his right foot causing the injury described.",,,,,['Others'],[],[],[],[],[],I,III,NO,,v0.1,Male,Employee,after having carried out the mechanized support with the scissor  200 the heavy equipment operator picks up the water supply hose towards the drum of the equipment and while he was heading towards the cabin of the scissor on the way on a piece of rock  10 cm high approx  which displaces by sliding his right foot causing the injury described,DUP_0006,1.0,False,3.0,,,,['Others'],,completed,The event was a same-level slip/trip caused by stepping on a small rock while carrying a water hose. The narrative does not indicate exposure to high-energy hazards or a credible mechanism for a fatal or life-altering injury.,"After mechanized support work, the operator was carrying the water supply hose toward the Scissor equipment cabin when he stepped on an approximately 10 cm-high rock, which displaced/slid and caused his right foot to move, resulting in the reported injury.",Trip/slip hazard and low-level mechanical energy from loose rock on the walking surface.,"Minor to moderate injury, such as a sprain, strain, or fracture. A SIF-level consequence is not reasonably evident from the narrative.",Housekeeping and walking-route controls were inadequate or could be improved. Loose rocks should be removed and walking paths maintained clear of trip hazards.,HIGH,annotator_01,2026-09-02T06:07:25.123701+00:00,The operator was walking while carrying the hose and stepped onto the loose rock.,349.0,1.0,pilot_02,NO,pilot,False,True,,,,,,,,,
industrial_safety_000095,industrial_safety_analytics_database,incident,2016-04-05T00:00:00,Country_01,Local_06,Metals,,,"The worker carried out the disassembly of 03 scaffolding bodies in the pulpomatic of the thickener D2251. the dismantling of the base of the scaffold, located approximately one meter high from the floor of the sump, the rivets of the anchor support of the platform were broken, causing the fall of the worker and impacting the right knee with the support that I am anchored in one of the horizontals of the scaffolding structure.",,,,,['Fall prevention (same level)'],[],[],[],[],[],I,III,YES,,v0.1,Male,Third Party,the worker carried out the disassembly of 03 scaffolding bodies in the pulpomatic of the thickener d2251 the dismantling of the base of the scaffold located approximately one meter high from the floor of the sump the rivets of the anchor support of the platform were broken causing the fall of the worker and impacting the right knee with the support that i am anchored in one of the horizontals of the scaffolding structure,DUP_0356,1.0,False,3.0,,,,['Fall prevention (same level)'],,completed,"The worker fell when the scaffold anchoring/support failed. Although the fall height was approximately 1 m, the uncontrolled scaffold failure and impact against a structural support created a credible potential for a serious injury.","During scaffold dismantling, the rivets of the anchor support broke, causing the worker to fall and impact his right knee against a support connected to the scaffold structure.",Scaffold structural failure / fall energy.,"Serious impact injury, fracture, crush injury, or potentially more severe injury from scaffold collapse.","Scaffold anchoring/support failed during dismantling, indicating inadequate structural integrity verification or control of the dismantling process.",HIGH,annotator_01,2026-09-03T08:44:14.805226+00:00,Worker was directly exposed to a scaffold collapse/fall while dismantling it at approximately 1 m height.,429.0,,v0.2_calibration,YES,pilot,False,True,,,,,,,,,
industrial_safety_000100,industrial_safety_analytics_database,incident,2016-04-11T00:00:00,Country_01,Local_01,Mining,,,"When positioning the scissor bolter N ° 09 in the East of stope 175 (40 meters from the top), the operator and his assistant verify that the ventilation sleeve will obstruct the support of the left gable, so they decide to section the sleeve and direct it towards the main corridor; the injured person decides to climb to the roof of the equipment cabin (surface: 1.5 square meters) to carry out the reinstallation of the sectioned sleeve and, without noticing, he steps on empty and falls from the equipment from a height of 2.50 meters. At the time of the accident, the operator was on the scissor bolter platform, the equipment was positioned and blocked to perform the maintenance and the assistant was wearing a safety helmet and chin strap.",,,,,['Others'],[],[],[],[],[],I,IV,YES,,v0.1,Male,Employee,,DUP_0393,,,,,,,,,completed,The worker climbed onto the roof of mobile equipment and fell approximately 2.5 m after stepping into an unprotected/empty area. A fall from this height has credible potential for severe or fatal injury.,"The worker climbed onto the equipment cabin roof, which had a 1.5 m² surface, and fell from a height of 2.50 m after stepping on an empty area.",Fall from height / gravitational energy.,"Severe head or spinal injury, fractures, permanent disability, or fatality.","Inadequate work-at-height/access controls; the worker used the equipment roof as a work surface without effective fall protection. The equipment was positioned and blocked, but this did not prevent the fall.",HIGH,annotator_01,2026-09-03T10:50:13.657988+00:00,Worker was directly exposed to an unprotected fall while working on the equipment cabin roof.,,,active_learning_01,YES,,,,active_learning_batch_01,51.0,High combined uncertainty,0.5279911033946337,0.6672297935642979,0.5976104484794658,0.1392386901696641,0.8047791030410685,0.5502243726258857
industrial_safety_000103,industrial_safety_analytics_database,incident,2016-04-16T00:00:00,Country_01,Local_04,Mining,,,"Being 2:40 am. Approximately, Luna - master loader of the company Incimet was carrying out the loading activity of the front in the Cruiser 771 of the 1970 level; in moments that was tying the pentacord of the crown and trying to reach the fanel on the left side, loses balance by a movement of the ladder and falls to the floor resulting in the accident.",,,,,['Others'],[],[],[],[],[],I,III,YES,,v0.1,Male,Third Party,,DUP_0086,,,,,,,,,completed,The worker lost balance due to movement of the ladder while working at the crown of an underground heading and fell to the floor. The elevated working position creates a credible potential for serious or fatal fall-related injury.,"While tying pentacord at the crown and reaching for the fanel, the worker lost balance when the ladder moved and fell to the floor.",Fall from elevated position / gravitational energy.,"Severe head or spinal injury, fractures, permanent disability, or fatality.","Ladder stability/access control was inadequate, as movement of the ladder directly contributed to the loss of balance and fall.",HIGH,annotator_01,2026-09-03T10:48:10.052609+00:00,Worker was exposed to a fall while positioned on a moving/unstable ladder at the crown.,,,active_learning_01,YES,,,,active_learning_batch_01,92.0,High combined uncertainty,0.547749878631576,0.684755125669514,0.616252502150545,0.137005247037938,0.7674949956989101,0.501529922592779
industrial_safety_000108,industrial_safety_analytics_database,incident,2016-04-21T00:00:00,Country_02,Local_02,Mining,,,"When performing cleaning with LHD in block F 9970 at level 420, the operator was surprised by a rock block displacement of the side of the gallery, reaching his right leg causing him superficial injury",,,,,['Others'],[],[],[],[],[],I,V,YES,,v0.1,Male,Employee,when performing cleaning with lhd in block f 9970 at level 420 the operator was surprised by a rock block displacement of the side of the gallery reaching his right leg causing him superficial injury,DUP_0387,1.0,False,5.0,,,,['Others'],,completed,The operator was exposed to ground/rock-fall hazards while operating an LHD in an underground gallery. A displaced rock block struck the worker's leg; a larger rock fall or impact to the head/torso could have resulted in a serious or fatal injury.,"A rock block displaced from the side of the gallery and struck the operator's right leg, causing a superficial injury.",Uncontrolled ground/rock movement and gravity energy.,"Serious struck-by injury, crushing, fractures, head injury, or fatality.",Ground support/ground-control measures were insufficient to prevent rock displacement into the operator's work area.,HIGH,annotator_01,2026-09-03T08:36:57.790160+00:00,Operator was exposed to unstable rock/ground while performing LHD cleaning in the gallery.,201.0,,v0.2_calibration,YES,pilot,False,True,,,,,,,,,
industrial_safety_000112,industrial_safety_analytics_database,incident,2016-04-26T00:00:00,Country_02,Local_05,Metals,,,The injured woman performed cleaning and when cleaning the sink of the collection room pierced the finger with a fragment of glass.,,,,,['Cut'],[],[],[],[],[],I,II,NO,,v0.1,Female,Third Party,the injured woman performed cleaning and when cleaning the sink of the collection room pierced the finger with a fragment of glass,DUP_0333,1.0,False,2.0,,,,['Cut'],,completed,"finger puncture from a glass fragment is a low-energy, localized mechanical hazard. While cuts can occasionally lead to complications (infection, tendon/nerve damage, or more serious lacerations), the mechanism described here (piercing while cleaning a sink) does not carry the same escalation potential as high-energy hazards (e.g., machinery, falls from height, chemical exposure, electrical). This is best classified as a minor injury / low-severity precursor rather than a genuine SIF-potential event.","""performed cleaning and when cleaning the sink of the collection room pierced the finger with a fragment of glass""","sharp object (glass fragment), low kinetic/contact energy","Under a worse-case variation (larger/deeper glass shard, damage to tendons, nerves, or blood vessels in the hand, or subsequent infection), this could escalate to a more serious hand injury; however, life-threatening or permanently disabling outcomes are unlikely from this specific mechanism","Weak/absent — no indication of cut-resistant gloves being worn, no prior inspection/removal of glass hazards from the sink before cleaning, and no visual check of the work area for hidden sharps",HIGH,annotator_01,2026-09-03T08:37:05.283590+00:00,"Direct hand/finger contact with broken glass while cleaning by touch/feel inside a sink, without visual awareness of the hazard (glass fragment hidden from view)",131.0,,v0.2_calibration,NO,adjudicated,False,True,,,,,,,,,
industrial_safety_000115,industrial_safety_analytics_database,incident,2016-04-30T00:00:00,Country_02,Local_05,Metals,,,"The employee performed the return of the load at the entrance of the debarking machine, while trying to align a cathode was pressed in his right hand.",,,,,['Pressed'],[],[],[],[],[],I,IV,NO,,v0.1,Male,Employee,,DUP_0302,,,,,,,,,completed,"The worker's hand was pressed during load return/alignment at a debarking machine, exposing him to mechanical crushing energy. Machinery pinch/crush points can result in severe injury or amputation and can potentially be fatal.","While returning the load and attempting to align a cathode at the entrance of the debarking machine, the employee's right hand was pressed.",Mechanical crushing/pinch-point energy from the debarking machine and load.,"Severe crush injury, fracture, amputation, permanent disability, or fatality.",Inadequate control of the load/machine pinch point during manual alignment; the worker's hand was able to enter the hazardous zone.,HIGH,annotator_01,2026-09-03T10:36:45.285547+00:00,Direct hand exposure to the machine/load during manual alignment.,,,active_learning_01,NO,,,,active_learning_batch_01,26.0,TF-IDF NO / Transformer YES disagreement,0.4919236811244507,0.6197428527523332,0.555833266938392,0.1278191716278825,0.8883334661232161,0.609823899991914
industrial_safety_000119,industrial_safety_analytics_database,incident,2016-05-02T00:00:00,Country_02,Local_05,Metals,,,The employee reports that climbing the access ladder to the operating room of the Ustulation was surprised by the projection of sulfuric acid.,,,,,['Chemical substances'],[],[],[],[],[],I,IV,YES,,v0.1,Female,Third Party (Remote),the employee reports that climbing the access ladder to the operating room of the ustulation was surprised by the projection of sulfuric acid,DUP_0305,1.0,False,4.0,,,,['Chemical substances'],,completed,"The employee was exposed to sulfuric acid projection while climbing an access ladder. Sulfuric acid is highly corrosive and can cause severe chemical burns, permanent eye damage, or potentially fatal injury with significant exposure.","While climbing the access ladder to the operating room, the employee was unexpectedly hit by a projection of sulfuric acid.",Chemical energy / corrosive sulfuric acid under process conditions capable of causing severe tissue damage.,"Fatality or life-altering injury, including severe chemical burns, permanent blindness, respiratory injury, or systemic effects from significant exposure.","Chemical containment, process isolation, splash protection, and access-route controls were inadequate or ineffective. The employee could be exposed to acid while using the access ladder. Effective containment, shielding, leak control, safe access routing, and appropriate chemical-resistant PPE should prevent direct exposure.",HIGH,annotator_01,2026-09-02T06:11:49.795641+00:00,The employee was directly exposed to projected sulfuric acid while accessing the operating area.,142.0,,pilot_02,YES,pilot,False,True,,,,,,,,,
industrial_safety_000135,industrial_safety_analytics_database,incident,2016-05-20T00:00:00,Country_01,Local_06,Metals,,,"In circumstances that the collaborator Juveni performed the washing of the tabolas in the pot washing area, she suffers a feeling of dizziness and faintness causing the fall the same level and producing a slight concussion in the head.",,,,,['Fall prevention (same level)'],[],[],[],[],[],I,I,NO,,v0.1,Male,Third Party,,DUP_0202,,,,,,,,,completed,"The worker experienced dizziness and faintness, resulting in a same-level fall. The reported consequence was a slight concussion, and the narrative does not indicate a high-energy mechanism or credible SIF-level exposure.","While washing the tables, the worker felt dizzy and faint, fell at the same level, and sustained a slight concussion to the head.",Same-level fall / low gravitational energy.,Minor head injury or concussion; more severe injury is not reasonably indicated by the described mechanism.,No specific failed safety barrier is described; the fall resulted from sudden dizziness/faintness.,HIGH,annotator_01,2026-09-03T10:37:36.715537+00:00,Worker was exposed to a same-level fall after becoming dizzy and faint.,,,active_learning_01,NO,,,,active_learning_batch_01,13.0,TF-IDF YES / Transformer NO disagreement,0.5306872870271548,0.4028501626225159,0.4667687248248354,0.1278371244046389,0.9335374496496708,0.6607510646737706
industrial_safety_000136,industrial_safety_analytics_database,incident,2016-05-22T00:00:00,Country_01,Local_03,Mining,,,"During the transit of the fuel tanker of level 3530 at level 2925 by the north ramp; When passing through level 3140 the operator feels that the right rear tire skids and when the operator performs a defensive maneuver the truck hits the left gable causing the injury described. At the time of the accident, the pilot and co-pilot were wearing a safety belt, their safety glasses and helmet.",,,,,['Others'],[],[],[],[],[],I,IV,YES,,v0.1,Male,Third Party,,DUP_0156,,,,,,,,,completed,"This event involves a fuel tanker (a large, heavy mobile vehicle carrying a hazardous/flammable load) skidding on its rear tire while transiting a ramp between levels, followed by a defensive maneuver that resulted in a collision with the left gable (wall/pillar structure). Loss of control of heavy vehicles on ramps — particularly fuel-carrying vehicles in confined underground roadways — is a high-energy, high-consequence hazard category: it carries inherent risk of rollover, structural cabin intrusion, fuel spill/fire, or collision with personnel/infrastructure. The explicit mention that both pilot and co-pilot were using seatbelts, safety glasses, and helmets strongly suggests these controls were the reason the outcome was not more severe — indicating this is a high-potential event where barriers functioned as intended, not a low-energy incident.","""the operator feels that the right rear tire skids and when the operator performs a defensive maneuver the truck hits the left gable causing the injury described. At the time of the accident, the pilot and co-pilot were wearing a safety belt, their safety glasses and helmet","Mechanical/kinetic — loss of traction (tire skid) of a heavy fuel tanker on an underground ramp, followed by collision with a fixed structure (gable); additional latent hazard from the vehicle's fuel cargo (fire/spill potential, not confirmed to have materialized)","Under a worse-case variation of this same event (higher speed, full loss of control leading to rollover or the tanker striking the gable more directly/head-on, structural cabin intrusion, or fuel tank rupture/fire), this could plausibly result in severe crush injuries, burns, or fatality for either occupant — a hazard category with an inherently high severity ceiling given the vehicle type (fuel tanker) and setting (confined underground ramp)","seatbelt, safety glasses, and helmet use by both occupants are explicitly confirmed and appear to have limited the injury severity from the collision itself; however, the underlying controls that should prevent skidding/loss of control on the ramp (e.g., speed management, ramp surface/grading maintenance, tire condition, driver training for defensive maneuvers in this specific terrain) were insufficient to prevent the initiating skid and subsequent collision",HIGH,annotator_01,2026-09-03T10:44:34.033537+00:00,"Both pilot and co-pilot present in the cabin throughout the skid, defensive maneuver, and collision with the gable; direct exposure to deceleration/impact forces from the crash",,,active_learning_01,YES,,,,active_learning_batch_01,71.0,High combined uncertainty,0.5685463528861895,0.742571557811863,0.6555589553490262,0.1740252049256735,0.6888820893019476,0.5246848901388671
industrial_safety_000140,industrial_safety_analytics_database,incident,2016-05-27T00:00:00,Country_02,Local_02,Mining,,,"When checking voltage at the power outlet of the the plug and socket to make sure the connection was correct, when there was a small electrical arc in the power cord, causing a slight burn in the right hand wrist. The protection system acted immediately.",,,,,['Others'],[],[],[],[],[],I,V,YES,,v0.1,Male,Employee,when checking voltage at the power outlet of the the plug and socket to make sure the connection was correct when there was a small electrical arc in the power cord causing a slight burn in the right hand wrist the protection system acted immediately,DUP_0370,1.0,False,5.0,,,,['Others'],,completed,"The worker was exposed to energized electrical equipment, and an electrical arc occurred. Although the actual injury was minor, electrical shock or arc-flash exposure could potentially have resulted in a serious or fatal injury.","A small electrical arc occurred in the power cord while checking voltage, causing a burn to the right wrist. The protection system acted immediately.",Electrical energy / arc-flash energy,"Severe burn, electric shock, electrocution, or fatality.","Protection system acted immediately, preventing escalation. However, the worker remained exposed to energized electrical equipment during the task.",HIGH,annotator_01,2026-09-03T08:31:54.118186+00:00,Worker directly exposed to energized plug/socket and power cord while checking voltage.,254.0,,v0.2_calibration,YES,adjudicated,False,True,,,,,,,,,
industrial_safety_000145,industrial_safety_analytics_database,incident,2016-06-02T00:00:00,Country_02,Local_05,Metals,,,"During the process of washing the material (Becker), the tip of the material was broken which caused a cut of the 5th finger of the right hand",,,,,['Cut'],[],[],[],[],[],I,III,UNCERTAIN,,v0.1,Male,Employee,during the process of washing the material becker the tip of the material was broken which caused a cut of the 5th finger of the right hand,DUP_0151,1.0,False,3.0,,,,['Cut'],,completed,"This event involves breakage of laboratory glassware (a ""Becker,"" likely a Beaker) during a washing task, resulting in a cut to a single finger. This is a low-energy mechanical hazard — the breaking glass produces a sharp edge that caused localized, minor trauma. While cuts can occasionally escalate to tendon, nerve, or vascular damage, the mechanism and body part involved (single finger, 5th digit) do not indicate a realistic pathway to serious injury or fatality, even under a moderately worse-case variation of this scenario.","""During the process of washing the material (Becker), the tip of the material was broken which caused a cut of the 5th finger of the right hand""","harp/broken glass edge (low kinetic energy, contact-type hazard)","Under a worse-case variation (deeper cut, damage to tendon/nerve/blood vessel, or a larger glass fragment causing a more severe laceration), this could result in a more serious hand injury requiring surgical repair; however, life-threatening or permanently disabling outcomes are unlikely from this specific mechanism","Weak/absent — no indication that cut-resistant gloves were worn during the glassware washing task, and no mention of an inspection process to identify weakened/cracked glassware before handling",HIGH,annotator_01,2026-09-03T08:46:46.289953+00:00,"direct hand contact with glass labware during a manual washing task; the glassware broke while in-hand or in-contact, exposing the finger to the fractured edge",142.0,,v0.2_calibration,NO,adjudicated,False,True,,,,,,,,,
industrial_safety_000166,industrial_safety_analytics_database,incident,2016-06-17T00:00:00,Country_02,Local_08,Metals,,,"At approximately 5:45 pm, the operator Paulo (operator of the filters) informed the autoclave operator via radio of a leak on the side of the scruber. The autoclave III feed was stopped by the control and officials Georli and Renato initiated the procedures for closing the autoclave transfer valve for flash TQs. Soon after, there was a break in the chicken, projecting pulp hot and reaching three employees who were inside the room near the equipment.",,,,,['Not applicable'],[],[],[],[],[],IV,V,YES,,v0.1,Male,Employee,at approximately 545 pm the operator paulo operator of the filters informed the autoclave operator via radio of a leak on the side of the scruber the autoclave iii feed was stopped by the control and officials georli and renato initiated the procedures for closing the autoclave transfer valve for flash tqs soon after there was a break in the chicken projecting pulp hot and reaching three employees who were inside the room near the equipment,DUP_0037,1.0,False,5.0,5.0,4.0,453.0,['Not applicable'],high,completed,"The uncontrolled release of hot pulp under pressure from the autoclave/transfer system exposed multiple employees to a high-energy process upset. Contact with hot material could cause severe or fatal burns, and the sudden rupture/release could also cause serious impact or engulfment injuries.","A leak was reported near the scrubber, the autoclave III feed was stopped, and employees began closing the autoclave transfer valve. Shortly afterward, a break occurred, projecting hot pulp and reaching three employees inside the room.",Thermal energy and process pressure associated with hot pulp in the autoclave/transfer system.,"Fatality or life-altering injury, particularly severe thermal burns/scalding, potentially accompanied by impact injuries from the sudden process release.","Process isolation and containment barriers failed or were insufficient. Although the feed was stopped and personnel initiated transfer-valve closure, the system subsequently ruptured/released hot pulp while employees remained in the exposure area. Effective isolation, pressure control/depressurization, leak-response procedures, exclusion zones, and remote operation should prevent personnel exposure to the release.",HIGH,annotator_01,2026-09-02T05:24:27.081517+00:00,Three employees were inside the room near the equipment when the rupture/release occurred and were directly reached by hot pulp.,,,,YES,pilot,False,True,,,,,,,,,
industrial_safety_000169,industrial_safety_analytics_database,incident,2016-06-19T00:00:00,Country_01,Local_03,Mining,,,"The operator of the Scissor 187 leaves his equipment parked at level -2995 Acc 7 due to electrical problems, when the maintenance personnel arrives, the electrician climbs on the control platform of the equipment and performs the verification of the hydraulic system confirming the problem; then in coordination with the mechanic decide to perform the test with the diesel system, moments in which accidentally activates with the body the arm movement lever causing the drill arm to move downwards generating the left hand's atricion against the support of the pivot tube generating the lesion described. At the time of the accident the electrician was alone on the control platform, while the mechanic was at ground level observing the pressure on the diesel system pressure gauge.",,,,,['Others'],[],[],[],[],[],IV,IV,YES,,v0.1,Male,Third Party,,DUP_0344,,,,,,,,,completed,"The worker's hand was exposed to a moving drill arm and pivot support, creating a mechanical crushing/atricion hazard. Unexpected movement of heavy equipment components can cause severe crush injuries or amputation.","During testing of the diesel system, the electrician accidentally activated the arm movement lever, causing the drill arm to move downward and trap/crush the left hand against the pivot-tube support.",Unexpected movement of heavy mechanical equipment / crushing energy.,"Severe crush injury, fractures, amputation, permanent disability, or fatality.",Unexpected activation of the control lever and inadequate isolation/positioning controls allowed the drill arm to move while the worker's hand was in the hazardous zone.,HIGH,annotator_01,2026-09-03T10:52:01.997268+00:00,Electrician's left hand was directly within the drill-arm/pivot-support pinch point during equipment testing.,,,active_learning_01,YES,,,,active_learning_batch_01,89.0,High combined uncertainty,0.5526613618571011,0.6970475680163739,0.6248544649367376,0.1443862061592727,0.7502910701265249,0.5044243458291815
industrial_safety_000187,industrial_safety_analytics_database,incident,2016-07-15T00:00:00,Country_02,Local_05,Metals,,,"when handling a sample in the laboratory, the sleeve of the employee's coat had contact with nitric acid, absorbing a small amount that came to reach the left forearm, causing a 1st degree burn.",,,,,['Chemical substances'],[],[],[],[],[],I,II,UNCERTAIN,,v0.1,Female,Employee,when handling a sample in the laboratory the sleeve of the employees coat had contact with nitric acid absorbing a small amount that came to reach the left forearm causing a 1st degree burn,DUP_0376,1.0,False,2.0,,,,['Chemical substances'],,completed,"Nitric acid is a strong oxidizing acid capable of causing severe chemical burns, deep tissue damage, and — with sufficient concentration, volume, or duration of contact (e.g., larger splash, contact with eyes, inhalation of fumes, or delayed detection due to it soaking through clothing) — permanent injury or life-threatening harm. The fact that the coat sleeve absorbed the acid and delayed skin contact suggests the employee may not have noticed immediately, which increases the exposure duration risk in a worse-case version of this same event.Nitric acid is a strong oxidizing acid capable of causing severe chemical burns, deep tissue damage, and — with sufficient concentration, volume, or duration of contact (e.g., larger splash, contact with eyes, inhalation of fumes, or delayed detection due to it soaking through clothing) — permanent injury or life-threatening harm. The fact that the coat sleeve absorbed the acid and delayed skin contact suggests the employee may not have noticed immediately, which increases the exposure duration risk in a worse-case version of this same event.","the sleeve of the employee's coat had contact with nitric acid, absorbing a small amount that came to reach the left forearm, causing a 1st degree burn","Chemical energy — corrosive/oxidizing hazardous substance (nitric acid), a Class A hazard capable of severe tissue damage","Under marginally different conditions (higher concentration, larger volume, longer contact time before wash-off, contact with face/eyes, or delayed recognition since the acid soaked through fabric before reaching skin) this could result in severe chemical burns, permanent scarring, or greater bodily harm — meeting SIF severity criteria","Weak/failed barrier — the coat (likely standard lab coat, not chemical-resistant) did not prevent acid penetration to skin. No indication of an apron, acid-resistant sleeve guards, or immediate emergency shower/eyewash use is mentioned. This represents a failed or absent engineering/PPE control for the energy level involved",LOW,annotator_01,2026-09-03T08:34:09.438936+00:00,"Direct skin contact via clothing absorption; sleeve of PPE (coat) absorbed acid, which then reached the left forearm — indicates a control (PPE) was present but was breached or insufficient (permeable/absorbent fabric, no chemical-resistant sleeve or apron)",194.0,,v0.2_calibration,NO,adjudicated,False,True,,,,,,,,,
industrial_safety_000190,industrial_safety_analytics_database,incident,2016-07-20T00:00:00,Country_02,Local_05,Metals,,,"The employee reports that he was draining ammonia, used as a refrigerant, into a container of water when splashes of the solution drained onto his face.",,,,,['Chemical substances'],[],[],[],[],[],I,III,NO,,v0.1,Male,Employee,the employee reports that he was draining ammonia used as a refrigerant into a container of water when splashes of the solution drained onto his face,DUP_0309,1.0,False,3.0,,,,['Chemical substances'],,completed,"Ammonia is a highly corrosive, toxic, and volatile chemical. As a refrigerant-grade substance, it is typically concentrated, and its reaction with water can be exothermic, generating heat and caustic splash. Facial exposure carries elevated risk of severe chemical burns, eye damage (including permanent vision loss), and respiratory injury from inhaling ammonia vapor/fumes released during the draining process. Even without a stated severe outcome, the combination of hazard energy (concentrated ammonia), exposure route (facial splash), and proximity to eyes/airway meets the threshold for SIF-potential classification.","""draining ammonia, used as a refrigerant, into a container of water when splashes of the solution drained onto his face""","corrosive/toxic substance (ammonia refrigerant), with potential exothermic reaction when combined with water, plus inhalation hazard from vapor release","Under a worse-case variation (higher ammonia concentration, larger splash volume, direct eye contact, or prolonged inhalation), this could result in permanent eye injury/blindness, severe chemical burns to the face, or respiratory tract damage — clearly meeting SIF severity criteria","Weak/failed — no indication of face shield, chemical splash goggles, or respiratory protection being used during the draining task; also suggests inadequate procedure/engineering controls (e.g., no closed-system transfer, no fume extraction, no controlled-rate draining) for handling a hazardous refrigerant chemical",HIGH,annotator_01,2026-09-03T08:44:56.909275+00:00,Direct facial splash contact with the ammonia-water solution during a manual draining/decanting task; likely concurrent inhalation exposure to ammonia fumes given proximity to the face,152.0,,v0.2_calibration,NO,pilot,False,True,,,,,,,,,
industrial_safety_000197,industrial_safety_analytics_database,incident,2016-08-01T00:00:00,Country_02,Local_05,Metals,,,The employee of partner company GR reports that she was cutting watermelon when she injured her 2nd chirodactilo of the left hand with the knife.,,,,,['Manual Tools'],[],[],[],[],[],II,III,NO,,v0.1,Female,Third Party,,DUP_0299,,,,,,,,,completed,"This event involves a knife cut to a finger while cutting watermelon — a routine food-preparation task using a common manual hand tool. This is a low-energy mechanical hazard: the force involved is limited to normal manual cutting motion, not a powered tool, dynamic/moving machinery, or elevated hazard energy. Even under a worse-case variation of this same task (deeper cut, tendon/nerve involvement), the realistic ceiling of consequence remains a hand injury requiring medical attention, not a life-threatening or permanently disabling outcome.","""she was cutting watermelon when she injured her 2nd [digit] of the left hand with the knife""","manual cutting tool (knife), low kinetic energy, contact-type hazard","Under a worse-case variation (deeper laceration, damage to tendon/nerve/blood vessel), this could result in a more serious hand injury requiring surgical repair; however, life-threatening or permanently disabling outcomes are not a realistic pathway from this specific low-energy manual task","Weak/absent — no indication of a cut-resistant glove being worn, and no mention of a proper cutting technique/board stabilization method being used; standard practice for manual knife tasks (cut-resistant gloves, stable cutting surface, ""claw grip"" technique) does not appear to have been referenced or followed",HIGH,annotator_01,2026-09-03T10:49:58.095001+00:00,Direct hand contact with a knife blade during a routine manual food-cutting task; the injured hand was positioned near/holding the item being cut,,,active_learning_01,NO,,,,active_learning_batch_01,10.0,TF-IDF YES / Transformer NO disagreement,0.5005704979503199,0.3322233462896287,0.4163969221199743,0.1683471516606912,0.8327938442399486,0.6695235645228172
industrial_safety_000198,industrial_safety_analytics_database,incident,2016-08-02T00:00:00,Country_03,Local_10,Others,,,"The mincing team was carrying out activities in the city of Juína and was coordinated by mining technician Felipe a time when the mining technician was last in line and more away from the team, was bitten by a blackjack on the left side of his face. There was no allergic manifestation and the team continued the work. In the afternoon, after lunch, the employee sought medical care, was medicated and released to continue activities the next day.",,,,,['Bees'],[],[],[],[],[],I,I,NO,,v0.1,Male,Third Party,the mincing team was carrying out activities in the city of juína and was coordinated by mining technician felipe a time when the mining technician was last in line and more away from the team was bitten by a blackjack on the left side of his face there was no allergic manifestation and the team continued the work in the afternoon after lunch the employee sought medical care was medicated and released to continue activities the next day,DUP_0340,1.0,False,1.0,,,,['Bees'],,completed,"The reported event was a single insect bite/sting to the face, with no allergic reaction or serious consequence. Although insect stings can rarely cause severe reactions, the narrative provides no evidence of significant exposure or a credible high-consequence mechanism in this case.","The reported event was a single insect bite/sting to the face, with no allergic reaction or serious consequence. Although insect stings can rarely cause severe reactions, the narrative provides no evidence of significant exposure or a credible high-consequence mechanism in this case.",Biological/environmental hazard from an insect/bee-type organism.,"Minor injury, such as localized pain, swelling, or irritation. A severe allergic reaction is theoretically possible, but it is not supported by the reported event.","Environmental hazard identification and insect-control/awareness measures could be improved. However, the narrative does not indicate a significant barrier failure.",HIGH,annotator_01,2026-09-02T09:38:10.161671+00:00,The technician was directly exposed to the insect while working outdoors and was bitten on the face.,447.0,,v0.2_calibration,NO,pilot,False,True,,,,,,,,,
industrial_safety_000210,industrial_safety_analytics_database,incident,2016-08-24T00:00:00,Country_02,Local_05,Metals,,,"The servant would remove the dishes from the bowl of the sink and when picking up a set of plates, there was one of them with the broken / broken edge, causing injury to his 3rd chiropactyl from his right hand.",,,,,['Cut'],[],[],[],[],[],I,II,NO,,v0.1,Male,Employee,,DUP_0350,,,,,,,,,completed,"This event involves a broken/chipped plate edge causing a cut to a finger while washing dishes. This is a low-energy mechanical hazard — similar in profile to the glassware-cut case previously reviewed (industrial_safety_000145). The hazard is a static sharp edge encountered during a routine manual task, not a dynamic/high-energy mechanism (no moving machinery, no falling object, no significant force involved beyond normal hand movement). Even under a worse-case variation of this same scenario (deeper cut, tendon or nerve involvement), the realistic ceiling of consequence remains a serious but non-life-threatening hand injury, not a SIF-level outcome.","""when picking up a set of plates, there was one of them with the broken/broken edge, causing injury to his 3rd [digit] from his right hand""","Mechanical — sharp/broken ceramic edge (low kinetic energy, contact-type hazard)","Under a worse-case variation (deeper laceration, damage to tendon/nerve/blood vessel in the finger), this could result in a more serious hand injury requiring surgical repair; however, life-threatening or permanently disabling outcomes are not a realistic pathway from this specific low-energy mechanism","Weak/absent — no indication of an inspection process to identify and remove damaged/chipped dishware before handling, and no cut-resistant gloves mentioned for dishwashing tasks",MEDIUM,annotator_01,2026-09-03T10:40:12.925939+00:00,Direct hand contact with a damaged plate while handling a stack of dishware during routine cleaning/kitchen duties; the sharp edge was not visually obvious within the stacked set,,,active_learning_01,NO,,,,active_learning_batch_01,4.0,TF-IDF YES / Transformer NO disagreement,0.5042532503781372,0.3144920026622052,0.4093726265201712,0.1897612477159319,0.8187452530403424,0.718283328936602
industrial_safety_000219,industrial_safety_analytics_database,incident,2016-09-04T00:00:00,Country_01,Local_03,Mining,,,"On the surface, in the dining room of employees of the unit, while the collaborator performed the chicken habilitation for lunch using a kitchen knife, it comes into contact with the distal part of the second finger of the left hand causing the injury described . During the accident the employee did not use his specific height gloves for this type of work.",,,,,['Others'],[],[],[],[],[],I,III,NO,,v0.1,Male,Third Party,,DUP_0275,,,,,,,,,completed,This was a low-energy kitchen-knife contact causing an injury to the distal part of one finger. The described mechanism is localized and does not present a credible SIF-level pathway.,"While preparing chicken with a kitchen knife, the blade contacted the distal part of the second finger of the left hand, causing the reported injury.",Sharp knife / low-energy cutting hazard.,Localized cut/laceration or finger injury.,Specific protective gloves for the task were not being used.,HIGH,annotator_01,2026-09-03T10:49:00.233235+00:00,Direct finger exposure to the kitchen knife during food preparation.,,,active_learning_01,NO,,,,active_learning_batch_01,8.0,TF-IDF YES / Transformer NO disagreement,0.5323718015979153,0.3946657857886008,0.463518793693258,0.1377060158093145,0.927037587386516,0.683193845331989
industrial_safety_000222,industrial_safety_analytics_database,incident,2016-09-06T00:00:00,Country_02,Local_02,Mining,,,the check list of the area of ​​the survey the operator slipped in the foliage of the leucenas and fell.,,,,,['Others'],[],[],[],[],[],I,II,NO,,v0.1,Male,Employee,the check list of the area of the survey the operator slipped in the foliage of the leucenas and fell,DUP_0288,1.0,False,2.0,,,,['Others'],,completed,"The incident was a slip and fall while walking through vegetation during an area inspection. The narrative does not identify significant stored, kinetic, electrical, thermal, or other high-energy exposure capable of causing a fatal or life-altering injury.","While performing the area's survey/checklist, the operator slipped in the foliage of leucenas and fell. No serious injury or high-energy hazard is described.",Same-level slip/fall hazard caused by vegetation/ground conditions.,"Minor to moderate injury, such as bruises, sprains, or fractures. Based on the narrative, a SIF-level consequence is not reasonably evident.",Walking-surface/vegetation management and housekeeping controls could be improved to maintain a clear and safe inspection route.,HIGH,annotator_01,2026-09-02T06:04:26.861504+00:00,The operator was walking through an area containing leucena foliage while conducting the inspection.,104.0,,pilot_02,NO,pilot,False,True,,,,,,,,,
industrial_safety_000232,industrial_safety_analytics_database,incident,2016-09-20T00:00:00,Country_02,Local_05,Metals,,,"The employee was performing maintenance of the blower, when the residual water projection occurred on his face. In an attempt to remove PPE, the injured person has had contact with contaminated gloves with the right eye causing irritation.",,,,,['Blocking and isolation of energies'],[],[],[],[],[],I,II,YES,,v0.1,Male,Third Party (Remote),the employee was performing maintenance of the blower when the residual water projection occurred on his face in an attempt to remove ppe the injured person has had contact with contaminated gloves with the right eye causing irritation,DUP_0320,1.0,False,2.0,,,,['Blocking and isolation of energies'],,completed,"The incident involved residual process water and contaminated PPE during blower maintenance. Although the reported outcome was eye irritation, the presence of residual energy/material and contaminated gloves created a credible potential for serious eye exposure or other life-altering injury.","During blower maintenance, residual water was projected onto the employee's face. While attempting to remove PPE, the employee's contaminated glove contacted the right eye, causing irritation.","Residual process energy/material and contaminated substances, including residual water and contaminants associated with the blower.","Fatality or life-altering injury is possible from a more hazardous residual substance or greater exposure, particularly severe eye injury or permanent vision impairment.","Energy isolation, draining/depressurization, decontamination, and PPE-removal controls were inadequate or ineffective. Residual material remained in the equipment, and contaminated gloves were able to contact the employee's eye during PPE removal.",HIGH,annotator_01,2026-09-02T09:35:09.168223+00:00,The employee's face and right eye were directly exposed to residual water and contaminated PPE.,239.0,,v0.2_calibration,YES,pilot,False,True,,,,,,,,,
industrial_safety_000236,industrial_safety_analytics_database,incident,2016-09-22T00:00:00,Country_01,Local_01,Mining,,,In circumstances in which the operator of bolter N ° 8 went down the ladder to the height of the resting platform - at 0.80 m. floor level - slips off balance by hitting your back against the handrail of the operator's door. At the time of the event the injured person used all his EPP's.,,,,,['Others'],[],[],[],[],[],I,IV,NO,,v0.1,Male,Employee,,DUP_0197,,,,,,,,,completed,"The event was a low-height slip/loss of balance from a resting platform approximately 0.80 m above floor level. The worker struck his back against a handrail, but the described mechanism does not present a credible SIF-level potential.",The operator slipped while descending the ladder to the 0.80 m resting platform and hit his back against the handrail of the operator's door.,Same-level/low-height slip and gravitational energy.,"Minor to moderate impact injury, such as bruising or musculoskeletal injury.",Handrail was present and the worker was using his required PPE (EPP). No critical barrier failure indicating SIF potential is described.,HIGH,annotator_01,2026-09-03T10:35:52.788034+00:00,Worker was exposed to a low-height fall/slip while descending the ladder.,,,active_learning_01,NO,,,,active_learning_batch_01,114.0,High combined uncertainty,0.5483078114770465,0.6749070600481628,0.6116074357626047,0.1265992485711162,0.7767851284747906,0.480607795567621
industrial_safety_000239,industrial_safety_analytics_database,incident,2016-09-29T00:00:00,Country_01,Local_04,Mining,,,"Being 05:30 am. Approximately Marco and Isidro TORRES they were performing the pipe standardization of the CX 771 / CX-983 Nv. 1940; in moments that Marco lifts the air pipe over the spike, this seat and the pipe impacts on the worker's safety guard.",,,,,['Others'],[],[],[],[],[],I,II,YES,,v0.1,Male,Third Party,,DUP_0078,,,,,,,,,completed,"this event involves a moving underground mining vehicle that crashed due to driver distraction (searching for a radio while driving), striking a gable (wall/pillar structure) and then rotating/turning as a result of the impact. Vehicle collisions — especially underground, in confined roadway/tunnel environments — are a classic high-energy hazard category with well-established SIF potential: loss of vehicle control can result in rollover, ejection, crush injuries, or collision with personnel/infrastructure. The fact that the actual outcome was a hand laceration from broken glass reflects a favorable-outcome variation of an event that had substantially higher energy and harm potential inherent in the loss-of-control/crash itself.","""Marco lifts the air pipe over the spike, this seat and the pipe impacts on the worker's safety guard""",Mechanical/kinetic — struck-by hazard from a heavy air pipe shifting/settling unexpectedly during manual handling/positioning,"Had the safety guard not been in place, in the correct position, or adequate for the impact force, this could have resulted in serious head, face, or facial fracture injury, eye injury, or other significant trauma from being struck by the pipe — this is a scenario where the absence or failure of the existing barrier would plausibly escalate the outcome to SIF-level severity","the safety guard intercepted the impact and appears to have prevented direct injury to the worker; however, the underlying task control (secure positioning/rigging of the pipe before release, or controlled lowering rather than an unexpected ""seat""/settling movement) was inadequate, indicating a process/procedural gap even though the PPE barrier held",MEDIUM,annotator_01,2026-09-03T10:36:32.830587+00:00,"Worker (Marco) in direct physical proximity to and manually handling the pipe at the moment it moved/settled; positioned such that the pipe's impact trajectory intersected his body, specifically striking the safety guard he was wearing/using",,,active_learning_01,YES,,,,active_learning_batch_01,14.0,Strong model disagreement,0.537141749544627,0.7419460100975915,0.6395438798211093,0.2048042605529645,0.7209122403577815,0.6535404295108549
industrial_safety_000250,industrial_safety_analytics_database,incident,2016-10-11T00:00:00,Country_02,Local_05,Metals,,,Employee was doing cleaning near the area of ​​the pneumatic conveyor when he was hit by a drop of sulfuric acid on his upper lip.,,,,,['Chemical substances'],[],[],[],[],[],I,III,NO,,v0.1,Male,Employee,employee was doing cleaning near the area of the pneumatic conveyor when he was hit by a drop of sulfuric acid on his upper lip,DUP_0182,1.0,False,3.0,,,,['Chemical substances'],,completed,"Sulfuric acid is a highly corrosive substance capable of causing severe chemical burns, permanent scarring, and tissue destruction. The contact occurred on the upper lip, a location in close proximity to the eyes, mouth, and airway — a slightly different trajectory or larger volume could have resulted in eye contact (risk of permanent vision loss), mouth/airway exposure, or more extensive facial burns. The fact that this was described as only ""a drop"" is what kept the actual outcome minor; the potential consequence given the hazard energy and proximity to sensitive areas is high.","was hit by a drop of sulfuric acid on his upper lip"" while cleaning near the pneumatic conveyor","Chemical — highly corrosive strong acid (sulfuric acid), likely airborne/splashed from the conveyor system","Under a worse-case variation (larger volume, direct eye contact, inhalation of acid mist/fumes, or contact with mucous membranes of mouth/nose), this could result in permanent eye damage, severe facial burns/disfigurement, or respiratory injury — meeting SIF severity criteria","Weak/failed — no indication of face shield, goggles, or splash protection being worn during cleaning near the conveyor; also suggests inadequate containment or isolation of the acid source (e.g., no drip trays, sealed lines, or LOTO) during the cleaning task near an active/residual chemical line",HIGH,annotator_01,2026-09-03T08:40:30.532996+00:00,Direct facial skin contact (upper lip) via an uncontrolled release/splash/drip from process equipment during cleaning activity,130.0,,v0.2_calibration,NO,adjudicated,False,True,,,,,,,,,
industrial_safety_000259,industrial_safety_analytics_database,incident,2016-10-27T00:00:00,Country_01,Local_03,Mining,,,"At a time when the heavy equipment operator got on the equipment to check the right front headlight (defective) of the scooptram # 181, position on the rim position # 2 his left leg which slides, causing the heavy equipment operator to fall from a height of 0.60 cm",,,,,['Others'],[],[],[],[],[],I,IV,NO,,v0.1,Male,Employee,,DUP_0034,,,,,,,,,completed,"This event involves a fall from approximately 0.60 cm (60 cm / ~2 feet), which occurred while the operator was climbing on heavy equipment (a scooptram) to inspect a headlight, using the equipment's rim/tire as a foothold, and his leg slipped. While falls are a recognized SIF-category hazard in general, severity is strongly correlated with fall height, and a fall of roughly 0.6 meters is a low-height fall — generally below the threshold (commonly ~1.8–2m in industry SIF criteria) where a fall onto a level/flat surface is expected to produce life-threatening or permanently disabling injury. This is more consistent with a slip/fall precursor with real but bounded severity potential (sprain, fracture, bruising) rather than a genuine SIF-level event.","""his left leg which slides, causing the heavy equipment operator to fall from a height of 0.60 cm [meters]""",fall from a low height (~0.6 m) while climbing on/around mobile equipment (scooptram) using a non-designated foothold (tire rim),"Under this specific low fall height, the realistic outcome range includes sprains, strains, bruising, or at most a minor fracture from an awkward landing; a genuinely severe or fatal outcome is not a plausible escalation from this height alone unless a secondary hazard were present (e.g., falling onto exposed machinery parts, into a pinch point, or striking the head on a hard/sharp surface) — none of which is indicated in the narrative","no indication of proper access equipment (ladder, designated step/platform) being used for the inspection task; using the tire rim as a climbing point is an improvised, non-designed access method, indicating a gap in safe access procedures for equipment inspection/maintenance tasks",HIGH,annotator_01,2026-09-03T10:42:41.092873+00:00,Operator's foot/leg in contact with the equipment's rim while climbing to access the front headlight for inspection; direct exposure to a fall when the foothold slipped,,,active_learning_01,NO,,,,active_learning_batch_01,18.0,High combined uncertainty,0.5189075868341025,0.6931087337933235,0.6060081603137131,0.1742011469592209,0.7879836793725739,0.6367453666950895
industrial_safety_000264,industrial_safety_analytics_database,incident,2016-11-08T00:00:00,Country_02,Local_08,Metals,,,"When igniting the furnace 07 of the battery I, there was reflux of hot gas, reaching the face of the employee.",,,,,['Others'],[],[],[],[],[],I,II,YES,,v0.1,Male,Employee,when igniting the furnace 07 of the battery i there was reflux of hot gas reaching the face of the employee,DUP_0377,1.0,False,2.0,,,,['Others'],,completed,"The employee was exposed to an unexpected release/reflux of hot gas from a furnace during ignition. Hot-gas release can cause severe facial burns, inhalation injury, or potentially fatal injury, making this a credible SIF event.","While igniting furnace 07 of Battery I, there was a reflux of hot gas that reached the employee's face.",Thermal energy and pressurized/hot process gas associated with furnace ignition.,"Fatality or life-altering injury, including severe facial/airway burns, thermal injury, or smoke/hot-gas inhalation.","Ignition, gas-flow, and personnel-positioning controls were inadequate or ineffective. The employee was positioned where a hot-gas reflux could reach the face. Proper ignition procedures, gas-flow control, exclusion from the line of fire, and appropriate PPE should prevent direct exposure.",HIGH,annotator_01,2026-09-02T06:06:21.340468+00:00,The employee's face was directly exposed to the hot-gas reflux during furnace ignition.,110.0,,pilot_02,YES,pilot,False,True,,,,,,,,,
industrial_safety_000272,industrial_safety_analytics_database,incident,2016-11-28T00:00:00,Country_01,Local_03,Mining,,,"in Level 2900 dining room, the collaborator finished washing tabolas (food containers) of dimensions 52 cm x 30 cm x 20 cm, proceed to order them by pinking the thumb of the right hand in the corner of the aluminum tabola, generating the lesion. The employee at the time of the accident did not have safety gloves.",,,,,['Others'],[],[],[],[],[],I,I,YES,,v0.1,Male,Third Party,,DUP_0221,,,,,,,,,completed,"The incident involved a low-energy sharp-edge contact with an aluminum food container, resulting in a thumb injury. The described mechanism does not present a credible pathway to a serious or fatal injury.","While arranging washed food containers, the employee pricked/cut the right thumb on the corner of an aluminum container, causing a lesion.",Sharp edge / low-energy cutting or puncture hazard.,"Localized cut, puncture, or minor hand injury.",The employee was not wearing safety gloves at the time of the incident.,HIGH,annotator_01,2026-09-03T10:41:18.240774+00:00,Direct thumb contact with the sharp corner while handling the aluminum container.,,,active_learning_01,YES,,,,active_learning_batch_01,9.0,TF-IDF YES / Transformer NO disagreement,0.534118155239967,0.4054891874580427,0.4698036713490048,0.1286289677819242,0.9396073426980096,0.669969840548964
industrial_safety_000284,industrial_safety_analytics_database,incident,2016-12-12T00:00:00,Country_01,Local_04,Mining,,,"When performing the Doosan RB-10 equipment hammer repair, the employee tries to remove the suspenders with the support of a 25-pound rope; At the moment of receiving the blow the brace or bolt causes a splinter to be released, expelling and impacting on the lower left limb causing metal embedding in it. The collaborator did not notice immediately.",,,,,['Others'],[],[],[],[],[],III,III,YES,,v0.1,Male,Employee,when performing the doosan rb10 equipment hammer repair the employee tries to remove the suspenders with the support of a 25pound rope at the moment of receiving the blow the brace or bolt causes a splinter to be released expelling and impacting on the lower left limb causing metal embedding in it the collaborator did not notice immediately,DUP_0390,1.0,False,3.0,,,,['Others'],,completed,"The repair involved striking/removing a mechanical component under tension or restraint. The impact caused a metal fragment to be projected into the worker's lower limb, demonstrating uncontrolled stored/mechanical energy and projectile potential. A similar release directed toward the head, eyes, or torso could cause life-altering or fatal injury.","During repair of the Doosan RB-10 hammer, the employee attempted to remove the suspenders using a 25-pound rope. When the component was struck, the brace/bolt released a metal splinter that was projected into the lower left limb, becoming embedded.",Stored mechanical energy and projectile energy from the brace/bolt during removal and impact.,"Fatality or life-altering injury, including penetrating trauma, severe laceration, eye injury, or potentially fatal injury if a metal fragment were projected toward a vital body area.","Line-of-fire, restraint, and controlled disassembly barriers were inadequate or ineffective. The component was struck while the worker remained exposed to potential projectile release. Appropriate restraint, controlled removal methods, exclusion zones, and suitable PPE should prevent personnel exposure.",HIGH,annotator_01,2026-09-02T06:08:38.115293+00:00,The employee was in close proximity to the component and in the potential line of fire while striking/removing it.,349.0,1.0,pilot_02,YES,adjudicated,False,True,,,,,,,,,
industrial_safety_000289,industrial_safety_analytics_database,incident,2016-12-16T00:00:00,Country_02,Local_08,Metals,,,"The maid while walking in the electrolysis area, stumbled and fell next to the bathroom in room B.",,,,,['Others'],[],[],[],[],[],I,II,NO,,v0.1,Female,Third Party,the maid while walking in the electrolysis area stumbled and fell next to the bathroom in room b,DUP_0338,1.0,False,2.0,,,,['Others'],,completed,The event was a same-level slip/trip and fall while walking. The narrative does not indicate exposure to high-energy hazards or a credible mechanism for a fatal or life-altering injury.,"The worker stumbled and fell while walking in the electrolysis area, next to the bathroom in room B. No high-energy event or serious injury mechanism is described.",Same-level fall / walking-surface hazard.,"Minor to moderate injury, such as bruises, sprains, or fractures. Based on the information provided, SIF-level injury is not reasonably evident.","Housekeeping, walking-surface, and pedestrian safety controls may have been inadequate, but there is insufficient evidence of a failed high-consequence barrier.",HIGH,annotator_01,2026-09-02T06:03:12.559052+00:00,The worker was walking through the electrolysis area and stumbled near the bathroom.,98.0,,pilot_02,NO,pilot,False,True,,,,,,,,,
industrial_safety_000297,industrial_safety_analytics_database,incident,2016-12-30T00:00:00,Country_01,Local_04,Mining,,,"At 13:40 hours, Mr. Hidalgo, wanting to climb on the starter board to remove the fans, stands on an unstable reel and, when driving, fell frontally at a height of 2.98m.",,,,,['Others'],[],[],[],[],[],IV,V,YES,,v0.1,Male,Third Party,at 1340 hours mr hidalgo wanting to climb on the starter board to remove the fans stands on an unstable reel and when driving fell frontally at a height of 298m,DUP_0025,1.0,False,5.0,,,,['Others'],,completed,"The worker climbed onto an unstable reel and fell from a height of 2.98 m. A fall from this height has credible potential for a serious or fatal injury, particularly from head, neck, or spinal impact.",The worker stood on an unstable reel while attempting to climb onto the starter board and fell frontally from 2.98 m.,Fall from height / gravitational energy.,"Severe head injury, spinal injury, fractures, permanent disability, or fatality.",Inadequate work-at-height controls and unstable access surface; the worker used an unstable reel instead of a safe access platform.,HIGH,annotator_01,2026-09-03T08:38:09.446929+00:00,Worker was directly exposed to a fall while standing on an unstable reel at approximately 3 m elevation.,169.0,,v0.2_calibration,YES,pilot,False,True,,,,,,,,,
industrial_safety_000298,industrial_safety_analytics_database,incident,2016-12-31T00:00:00,Country_01,Local_04,Mining,,,"Being approximately 8:10 p.m. Alpha operator Mr. Ronald was heading to mine when he decides to stop the equipment to accommodate the lights (left side), manipulating the support of the lighthouse, catching his fifth finger of the right hand with the protection grid and support.",,,,,['Others'],[],[],[],[],[],III,IV,NO,,v0.1,Male,Third Party,,DUP_0098,,,,,,,,,completed,The incident involved a localized finger pinch while adjusting the equipment's light support. The described mechanism does not indicate sufficient energy or exposure to credibly result in a serious or fatal injury.,"While manipulating the lighthouse support, the operator caught his right fifth finger between the protection grid and the support.",Mechanical pinch/crush hazard with localized low-energy exposure.,"Finger bruise, laceration, sprain, or localized crush injury.",Pinch point remained accessible during manual adjustment of the light support.,HIGH,annotator_01,2026-09-03T10:42:13.595173+00:00,Right fifth finger directly exposed to the pinch point between the protection grid and light support.,,,active_learning_01,NO,,,,active_learning_batch_01,35.0,Near decision boundary,0.500727442049719,0.630303008388423,0.5655152252190709,0.129575566338704,0.8689695495618581,0.5933276268251133
industrial_safety_000312,industrial_safety_analytics_database,incident,2017-01-17T00:00:00,Country_02,Local_08,Metals,,,"Upon approaching the furnace that was in the process of melting the Zn ingot, it was struck by liquid metal projection.",,,,,['Liquid Metal'],[],[],[],[],[],I,IV,YES,,v0.1,Male,Employee,upon approaching the furnace that was in the process of melting the zn ingot it was struck by liquid metal projection,DUP_0361,1.0,False,4.0,,,,['Liquid Metal'],,completed,"The worker was exposed to molten/liquid metal during furnace operation. A projection of liquid zinc can cause severe thermal burns, eye injury, or potentially fatal injury depending on the quantity and exposure area.","While approaching the furnace during Zn ingot melting, the worker was struck by a projection of liquid metal.",Molten/liquid metal and extreme thermal energy.,"Severe or extensive thermal burns, eye injury, permanent disability, or fatality.",Insufficient protection/separation from the molten-metal projection zone while approaching the operating furnace.,HIGH,annotator_01,2026-09-03T08:39:58.524492+00:00,Direct exposure to liquid-metal projection while approaching an operating furnace.,119.0,,v0.2_calibration,YES,pilot,False,True,,,,,,,,,
industrial_safety_000314,industrial_safety_analytics_database,incident,2017-01-20T00:00:00,Country_01,Local_06,Metals,,,"At 15:05 hours, Mr. Cesar Tello-MOINSAC, was carrying out the work of assembling the water line, for that he climbs up the cat ladder and at an approximate height of 2.5 meters he vanishes and falls, hitting himself on the way, being transferred to the medical center for his attention.",,,,,['Fall prevention'],[],[],[],[],[],IV,IV,YES,,v0.1,Male,Third Party (Remote),at 1505 hours mr cesar tellomoinsac was carrying out the work of assembling the water line for that he climbs up the cat ladder and at an approximate height of 25 meters he vanishes and falls hitting himself on the way being transferred to the medical center for his attention,DUP_0029,1.0,False,4.0,,,,['Fall prevention'],,completed,"The worker fell from approximately 2.5 m while climbing a ladder. A fall from this height can result in serious or fatal head, spinal, or other impact injuries.","The worker was assembling a water line, climbed the cat ladder to approximately 2.5 m, then fell and struck himself during the fall, requiring medical attention.",Fall from height / gravitational energy.,"Severe head injury, spinal injury, fractures, permanent disability, or fatality.",Fall-prevention controls were inadequate or failed to prevent the worker from falling from the ladder.,HIGH,annotator_01,2026-09-03T08:40:58.958735+00:00,Worker was directly exposed to a fall while working approximately 2.5 m above ground on a ladder.,286.0,,v0.2_calibration,YES,pilot,False,True,,,,,,,,,
industrial_safety_000321,industrial_safety_analytics_database,incident,2017-01-25T00:00:00,Country_01,Local_03,Mining,,,"During the process of loading drills in the Carmen pit of level 3450, the operator positions the basket of the anfo loader 186 equipment at a height of 3m from the floor to carry out the loading of the production drills; At this moment, a stone slab of 1.4x0.7x0.2 m is detached from the front of the pit, which is tilted and lodged inside the basket, trapping the right leg of the collaborator.",,,,,['remains of choco'],[],[],[],[],[],V,VI,YES,,v0.1,Male,Third Party,during the process of loading drills in the carmen pit of level 3450 the operator positions the basket of the anfo loader 186 equipment at a height of 3m from the floor to carry out the loading of the production drills at this moment a stone slab of 14x07x02 m is detached from the front of the pit which is tilted and lodged inside the basket trapping the right leg of the collaborator,DUP_0150,1.0,False,6.0,6.0,5.0,395.0,['remains of choco'],high,completed,"A large rock slab detached from the pit face while an employee was positioned in the elevated ANFO loader basket. The falling/rolling ground could have caused fatal crushing or traumatic injury, particularly given the employee's proximity and entrapment.","A 1.4 × 0.7 × 0.2 m rock slab detached from the pit front, tilted, and lodged inside the basket, trapping the collaborator's right leg. The basket was approximately 3 m above the floor.","Uncontrolled ground/rockfall energy from loose or unstable rock in the pit face, combined with the elevated work position.","Fatality or life-altering injury from crushing, traumatic amputation, severe fractures, or a larger rockfall striking/engulfing the worker; a fall from the elevated basket could also result in serious injury.","Ground-control and exclusion controls were inadequate or ineffective. The worker and basket were positioned within the potential rockfall zone, and loose/unstable ground was not adequately identified, scaled, barricaded, or otherwise controlled before loading.",HIGH,annotator_01,2026-09-02T05:25:36.761347+00:00,The collaborator was inside the elevated basket directly beneath/in front of the unstable ground when the slab detached.,,,,YES,pilot,False,True,,,,,,,,,
industrial_safety_000323,industrial_safety_analytics_database,incident,2017-01-29T00:00:00,Country_01,Local_01,Mining,,,"In circumstances that the tipper MV-01 of the EE Mceisa, moved of the Nv. 3120 to Nv. 3300, the operator sees a congestion of equipment in front of his unit in the Ramp 990 - at a distance of 80 meters. of access to the Nv. 3300, which is why he decides to get off the cab by turning off his vehicle, when suddenly he slides off the second rung that is 0.70 m from the ground, hitting the right forearm region against the fender and the same rung.",,,,,['Vehicles and Mobile Equipment'],[],[],[],[],[],I,III,NO,,v0.1,Male,Third Party,,DUP_0209,,,,,,,,,completed,"This event involves the operator slipping off the second rung of a vehicle's access ladder/step (approximately 0.70 m from the ground) while dismounting a tipper truck, striking his forearm against the fender and the rung. While slips/falls from vehicle access points are a recognized hazard category, the fall height here (~0.70 m) is low, and the reported point of impact (forearm against fender/rung) suggests a controlled, partial fall rather than a free fall to the ground or a fall involving the head/torso. This is more consistent with a bounded, low-to-moderate severity precursor (bruising, forearm injury, possible fracture) than a genuine SIF-level event, similar in profile to industrial_safety_000259 (0.60 m equipment fall).","""he slides off the second rung that is 0.70 m from the ground, hitting the right forearm region against the fender and the same rung""",Gravitational — slip/fall from a low height (~0.70 m) while descending a vehicle's access ladder/steps,"Under this specific low fall height and impact point (forearm striking fender/rung), the realistic outcome range includes bruising, contusion, or a possible fracture of the forearm; a genuinely severe or fatal outcome is not a plausible escalation from this height and impact location alone, absent an unsupported assumption of head strike or fall onto a hazardous secondary surface","Weak/absent — no indication of the operator maintaining three-point contact while descending, or of anti-slip treads/adequate grip on the access rungs being confirmed; the operator's task context (rushed dismount due to observing equipment congestion ahead) may have contributed to a hurried, less careful descent",HIGH,annotator_01,2026-09-03T10:51:43.551534+00:00,Operator's foot/hand in contact with the vehicle's access rung while dismounting the cab; direct exposure to a fall and subsequent contact with the vehicle's fender and rung structure,,,active_learning_01,NO,,,,active_learning_batch_01,52.0,High combined uncertainty,0.5512215272334919,0.715997884329654,0.633609705781573,0.1647763570961621,0.7327805884368539,0.5462005481563141
industrial_safety_000331,industrial_safety_analytics_database,incident,2017-02-07T00:00:00,Country_01,Local_03,Mining,,,"In Level 2900 - OP 5 the worker performed the chuteo ore from the hopper to the second car, perceived a slip of water and mud through the hopper, decided to leave the platform and when he was already down the second rung of the ladder of access, the water increases and a fragment of rock slides and hits the back of the worker causing it to fall and hit the right forearm and left knee.",,,,,['remains of choco'],[],[],[],[],[],II,V,YES,,v0.1,Male,Employee,in level 2900  op 5 the worker performed the chuteo ore from the hopper to the second car perceived a slip of water and mud through the hopper decided to leave the platform and when he was already down the second rung of the ladder of access the water increases and a fragment of rock slides and hits the back of the worker causing it to fall and hit the right forearm and left knee,DUP_0220,1.0,False,5.0,,,,['remains of choco'],,completed,"The worker was exposed to a combination of falling rock, water/mud, and fall-from-height hazards while descending a ladder. The rock impact caused a fall, and a similar event could have resulted in a serious or fatal injury.","Water and mud increased through the hopper, a fragment of rock slid and hit the worker's back, causing him to fall and strike his right forearm and left knee.","Falling/sliding rock, water and mud, gravity/fall energy.","Serious struck-by injury, fall-related injury, fractures, head/spinal injury, or fatality.","The worker recognized the water/mud hazard and attempted to leave the platform, but the control was insufficient to prevent the rock from striking him.",HIGH,annotator_01,2026-09-03T08:33:52.003543+00:00,Worker was directly exposed while descending the access ladder/platform during ore chuteo.,387.0,,v0.2_calibration,YES,pilot,False,True,,,,,,,,,
industrial_safety_000332,industrial_safety_analytics_database,incident,2017-02-08T00:00:00,Country_01,Local_03,Mining,,,"Being 12:20 hours Approximately, in circumstances that the Administrative SSOMAC, was arranged to move the guillotine of the right side towards the center of the table to make cuts of enmicadas pages, when trying to raise the guillotine the middle finger of the right hand It rubs against the edge of the guillotine blade, causing the cut in the yolk of the third finger of the right hand.",,,,,['Cut'],[],[],[],[],[],II,IV,NO,,v0.1,Male,Third Party,being 1220 hours approximately in circumstances that the administrative ssomac was arranged to move the guillotine of the right side towards the center of the table to make cuts of enmicadas pages when trying to raise the guillotine the middle finger of the right hand it rubs against the edge of the guillotine blade causing the cut in the yolk of the third finger of the right hand,DUP_0084,1.0,False,4.0,,,,['Cut'],,completed,"The incident involved contact with a guillotine blade causing a cut to the finger. Based on the narrative, the exposure was limited to a hand/finger injury and there is no indication of a credible fatal or life-altering consequence.","The worker's right middle finger rubbed against the edge of the guillotine blade, causing a cut to the fingertip.",Sharp blade / mechanical cutting energy.,"Laceration or more severe finger injury, potentially including tendon/nerve damage or amputation.",Inadequate hand clearance/guarding while manipulating the guillotine blade.,HIGH,annotator_01,2026-09-03T08:43:02.749109+00:00,Direct hand/finger exposure to the guillotine blade while raising it.,389.0,,v0.2_calibration,NO,pilot,False,True,,,,,,,,,
industrial_safety_000337,industrial_safety_analytics_database,incident,2017-02-09T00:00:00,Country_01,Local_03,Mining,,,"the Spillway circumstances where the worker was cleaning, with the use of an absorbent cloth, oil residues from the right edge of the Atlas AXS-186 compressor, with the bonnet open and in functioning; the rag falls inside the ompressor and in the attempt to remove it, it is hooked on the fan's propeller, pulling the worker's left hand toward the propeller causing the injury.",,,,,['Power lock'],[],[],[],[],[],IV,V,YES,,v0.1,Male,Third Party (Remote),the spillway circumstances where the worker was cleaning with the use of an absorbent cloth oil residues from the right edge of the atlas axs186 compressor with the bonnet open and in functioning the rag falls inside the ompressor and in the attempt to remove it it is hooked on the fans propeller pulling the workers left hand toward the propeller causing the injury,DUP_0351,1.0,False,5.0,5.0,4.0,377.0,['Power lock'],high,completed,"The worker was cleaning an operating compressor with the bonnet open and reached toward a rag that had fallen into the rotating fan. The rotating equipment had sufficient mechanical energy to pull the worker's hand into the fan, creating potential for amputation or fatal injury.","The compressor was functioning with the bonnet open. The absorbent cloth fell inside the compressor and became hooked on the fan propeller. When the worker attempted to retrieve it, the fan pulled the worker's left hand toward the rotating component, causing injury.",Mechanical/rotational energy from the compressor's operating fan/propeller.,"Fatality or life-altering injury, including severe laceration, crushing, traumatic amputation, or entanglement.","Machine guarding and energy-isolation controls were inadequate or bypassed. The compressor was operating with the bonnet open, allowing access to the rotating fan. The worker attempted intervention without first stopping and isolating the equipment.",HIGH,annotator_01,2026-09-02T05:27:00.674394+00:00,The worker's left hand was directly exposed to the rotating fan while attempting to retrieve the cloth.,,,,YES,pilot,False,True,,,,,,,,,
industrial_safety_000338,industrial_safety_analytics_database,incident,2017-02-08T00:00:00,Country_01,Local_06,Metals,,,"Performing carpentry work, the collaborator hit the second finger of the left hand with the hammer, which he held with his right hand, causing a bruise at the height of the nail. The evaluation was carried out at the medical center of the unit, the final diagnosis being contusion on the finger.",,,,,['Manual Tools'],[],[],[],[],[],I,I,NO,,v0.1,Male,Third Party (Remote),,DUP_0282,,,,,,,,,completed,"This event involves a hammer strike to a finger during routine carpentry work — a common, low-energy manual tool hazard. The confirmed diagnosis (contusion/bruise at the nail) represents the realistic and expected outcome of this mechanism. While hammer strikes can occasionally cause more serious outcomes (fracture, crush injury, nail bed damage requiring intervention), the localized nature of the impact (single finger, hand tool, self-inflicted during normal use) does not present a plausible pathway to life-threatening or permanently disabling injury, even under a moderately worse-case variation of this same task.","""the collaborator hit the second finger of the left hand with the hammer...causing a bruise at the height of the nail...final diagnosis being contusion on the finger""","Mechanical — impact from a hand-held striking tool (hammer), low-to-moderate kinetic energy, localized contact-type hazard","Under a worse-case variation (harder/more direct strike), this could result in a fingertip fracture, nail bed injury, or crush injury requiring more involved medical treatment; however, life-threatening or permanently disabling outcomes are not a realistic pathway from this specific low-energy, localized mechanism","Weak/absent — no indication of a tool/jig being used to hold the workpiece (to keep hands clear of the striking zone), and no mention of impact-resistant gloves; standard hand-tool safety practice (keeping the non-striking hand clear, using clamps/holders) does not appear to have been followed",HIGH,annotator_01,2026-09-03T10:56:00.384922+00:00,Direct hand contact — the left hand (holding/positioning the workpiece) was struck by the hammer being wielded by the right hand during a carpentry task,,,active_learning_01,NO,,,,active_learning_batch_01,12.0,TF-IDF YES / Transformer NO disagreement,0.5202428059819015,0.3768250251183923,0.4485339155501469,0.1434177808635092,0.8970678311002939,0.666688328438589
industrial_safety_000342,industrial_safety_analytics_database,incident,2017-02-14T00:00:00,Country_01,Local_03,Mining,,,"In the Nv. 3370, CX 212 - South, when the Mechanic loosens a through bolt of the intermediate cardan protector of the Dumper 01, the protector is released and imprisons the first finger of the left hand against the connector of the hydraulic steering cylinder (Position 2) .",,,,,['Pressed'],[],[],[],[],[],IV,V,YES,,v0.1,Male,Third Party,in the nv 3370 cx 212  south when the mechanic loosens a through bolt of the intermediate cardan protector of the dumper 01 the protector is released and imprisons the first finger of the left hand against the connector of the hydraulic steering cylinder position 2,DUP_0243,1.0,False,5.0,5.0,4.0,274.0,['Pressed'],high,completed,The mechanic's finger was caught between a released mechanical protector and a fixed hydraulic steering-cylinder connector. This represents a stored mechanical energy / pinch-point hazard with credible potential for severe crush injury or traumatic amputation.,"While loosening a through bolt on the intermediate cardan protector of Dumper 01, the protector released and trapped the first finger of the mechanic's left hand against the hydraulic steering-cylinder connector.","Stored mechanical energy and uncontrolled movement of the cardan protector, creating a crushing/pinch point.","Fatality or life-altering injury is possible, particularly severe crushing, fracture, loss of tissue, or traumatic amputation of the finger/hand.",Mechanical restraint/support and pinch-point controls were inadequate or ineffective. The protector was not adequately secured against unexpected movement/release before the retaining bolt was loosened.,HIGH,annotator_01,2026-09-02T05:28:14.137681+00:00,The mechanic's left hand/finger was positioned at the pinch point while loosening the retaining bolt.,,,,YES,pilot,False,True,,,,,,,,,
industrial_safety_000346,industrial_safety_analytics_database,incident,2017-02-17T00:00:00,Country_01,Local_01,Mining,,,"Once the painting of the pumping pipe has been completed, the person involved involuntarily touches his face, with his hand (with gloves) full of paint, and to clean himself he makes use of a dry industrial cloth and begins to rub his face, for a period of time from 30 to 40 seconds continuously, until finally the paint on the face is cleaned, this friction generates the described injury.",,,,,['Chemical substances'],[],[],[],[],[],I,III,YES,,v0.1,Male,Employee,once the painting of the pumping pipe has been completed the person involved involuntarily touches his face with his hand with gloves full of paint and to clean himself he makes use of a dry industrial cloth and begins to rub his face for a period of time from 30 to 40 seconds continuously until finally the paint on the face is cleaned this friction generates the described injury,DUP_0278,1.0,False,3.0,,,,['Chemical substances'],,completed,"The actual injury mechanism here is friction/abrasion from prolonged rubbing with a dry industrial cloth, not the paint chemical itself. While paint exposure to skin/face is undesirable and the cleaning method used was poor practice, this event does not involve a high-energy hazard (no corrosive/toxic chemical injury, no eye contact mentioned, no respiratory exposure). The consequence — skin irritation/abrasion from friction — has low potential to escalate to serious injury or fatality, even under a worse-case variation of the same scenario.","with his hand...full of paint, and to clean himself he makes use of a dry industrial cloth and begins to rub his face, for a period of time from 30 to 40 seconds continuously...this friction generates the described injury""","Mechanical (friction/abrasion) — secondary to a chemical hazard (paint) that was mishandled; the injury-causing mechanism is friction from dry cloth on skin, not the chemical itself",": Localized skin abrasion, irritation, or redness from friction; if paint contained irritating/toxic solvents and contact had involved the eyes or mucous membranes instead of general facial skin, the potential consequence could have been more serious (chemical eye injury) — but as described, the realistic escalation potential remains low to moderate, not SIF-level","improper cleaning method used (dry friction instead of appropriate solvent/water-based cleaning or eyewash-type response for facial chemical contact); indicates gaps in training/procedure for skin decontamination after chemical (paint) contact, and glove use did not prevent hand-to-face transfer",MEDIUM,annotator_01,2026-09-03T08:42:54.803434+00:00,"Direct, prolonged (30–40 seconds) friction/rubbing contact between a dry industrial cloth and facial skin, following inadvertent hand-to-face contact with wet paint",391.0,,v0.2_calibration,NO,adjudicated,False,True,,,,,,,,,
industrial_safety_000361,industrial_safety_analytics_database,incident,2017-03-04T00:00:00,Country_02,Local_02,Mining,,,"The employee, who was hitchhiking, on the CEP 403 truck, equipment, he crossed the central canterio of the track to catch the key of the wheel loader with another operator who was stopped in the opposite direction. Upon returning to the truck, it was hit in the arm left by the loader tire that was traveling along the road and passed the CEP-403 on the right.",,,,,['Vehicles and Mobile Equipment'],[],[],[],[],[],I,V,YES,,v0.1,Male,Employee,the employee who was hitchhiking on the cep 403 truck equipment he crossed the central canterio of the track to catch the key of the wheel loader with another operator who was stopped in the opposite direction upon returning to the truck it was hit in the arm left by the loader tire that was traveling along the road and passed the cep403 on the right,DUP_0325,1.0,False,5.0,,,,['Vehicles and Mobile Equipment'],,completed,"The worker was exposed to moving heavy mobile equipment while crossing the roadway. The loader tire struck his arm, and a small change in position or timing could have resulted in a fatal crushing or run-over incident.","The worker crossed the center of the road to obtain a wheel-loader key. While returning to the truck, the loader tire struck his left arm as the loader passed the CEP-403 truck.",Mobile equipment / vehicle movement and crushing energy.,"Crushing, amputation, run-over, severe injury, or fatality.",Inadequate separation between pedestrians and mobile equipment; the worker crossed the roadway while the loader was traveling through the area.,HIGH,annotator_01,2026-09-03T08:35:48.588052+00:00,Worker was on foot in the path/operating area of moving heavy equipment.,360.0,,v0.2_calibration,YES,pilot,False,True,,,,,,,,,
industrial_safety_000364,industrial_safety_analytics_database,incident,2017-03-09T00:00:00,Country_01,Local_03,Mining,,,"At Level 3970 (Before -100) When the F6M 801 license plate went from level 3570 to surface, when the pilot trying to locate his radio to answer a call from the concrete plant is distracted and crashes his vehicle against the left gable and the vehicle turns to the right side. When this happens, the copilot hits his right hand against a fragment of broken glass in the window on the right side of the vehicle.",,,,,['Vehicles and Mobile Equipment'],[],[],[],[],[],I,V,YES,,v0.1,Male,Third Party,,DUP_0051,,,,,,,,,completed,"This event involves a moving underground mining vehicle that crashed due to driver distraction (searching for a radio while driving), striking a gable (wall/pillar structure) and then rotating/turning as a result of the impact. Vehicle collisions — especially underground, in confined roadway/tunnel environments — are a classic high-energy hazard category with well-established SIF potential: loss of vehicle control can result in rollover, ejection, crush injuries, or collision with personnel/infrastructure. The fact that the actual outcome was a hand laceration from broken glass reflects a favorable-outcome variation of an event that had substantially higher energy and harm potential inherent in the loss-of-control/crash itself.","the pilot trying to locate his radio to answer a call...is distracted and crashes his vehicle against the left gable and the vehicle turns to the right side. When this happens, the copilot hits his right hand against a fragment of broken glass in the window""","moving vehicle (mobile mining equipment) at operating speed, with collision against fixed underground structure (gable) causing loss of control and vehicle rotation","Under a worse-case variation of this same event (higher speed, full rollover, ejection from vehicle, collision involving pedestrians/other equipment in the roadway, or greater structural intrusion into the cabin), this could result in serious crush injuries, head/spinal trauma, or fatality for either occupant — this is a hazard category with an inherently high severity ceiling, distinct from the low-energy chemical/cut cases reviewed previously","driver distraction (handling radio while driving) represents a failure of safe driving behavior/procedure; no indication of hands-free communication devices, distraction-management controls, or speed/engineering controls (e.g., barriers, road design at the gable) that prevented the vehicle from contacting the wall; vehicle window glass breaking on impact indicates the structural/cabin integrity control also did not fully contain the hazard",HIGH,annotator_01,2026-09-03T10:34:28.607545+00:00,Two vehicle occupants (pilot/driver and copilot) present in the cabin during an uncontrolled collision and subsequent vehicle turn/rotation; copilot's hand exposed to broken glass generated by the impact,,,active_learning_01,YES,,,,active_learning_batch_01,1.0,Strong model disagreement,0.5006184658908258,0.7162032451658529,0.6084108555283394,0.215584779275027,0.7831782889433212,0.7561219201377958
industrial_safety_000370,industrial_safety_analytics_database,incident,2017-03-15T00:00:00,Country_02,Local_08,Metals,,,"During the preparation for the solubilization activity of the sample in the chapel, the maid when moving the vial of nitric acid, the same detached from the doser, causing projection in the region of the face and upper limbs.",,,,,['Chemical substances'],[],[],[],[],[],II,IV,YES,,v0.1,Female,Employee,during the preparation for the solubilization activity of the sample in the chapel the maid when moving the vial of nitric acid the same detached from the doser causing projection in the region of the face and upper limbs,DUP_0148,1.0,False,4.0,,,,['Chemical substances'],,completed,"The worker was exposed to nitric acid, a highly corrosive chemical, which was projected toward the face and upper limbs. Facial/eye exposure or significant chemical contact could result in severe or potentially life-threatening injury.","The nitric acid vial detached from the doser, causing a projection toward the worker's face and upper limbs.",Corrosive chemical energy – nitric acid.,"Severe chemical burns, serious eye injury, respiratory injury, permanent impairment, or potentially fatal exposure.","Vial/doser connection failed or became detached, allowing uncontrolled chemical release toward the worker.",HIGH,annotator_01,2026-09-03T08:45:08.923342+00:00,"Direct exposure to projected nitric acid, including the face and upper limbs.",225.0,,v0.2_calibration,YES,pilot,False,True,,,,,,,,,
industrial_safety_000371,industrial_safety_analytics_database,incident,2017-03-18T00:00:00,Country_01,Local_03,Mining,,,"During the activity of changing conveyor belt 11B feeding the primary mill No. 2; the mechanic entered the discharge chute (0.75 x 0.75 x 0.80 m.) to clean the material, at which time the automatic sampler (0.30 x 0.25 m) that was inside the chute was activated, trapping the mechanic at the height of the chest. At the time of the accident the mechanic was alone in the work area.",,,,,['Power lock'],[],[],[],[],[],V,V,YES,,v0.1,Male,Third Party (Remote),during the activity of changing conveyor belt 11b feeding the primary mill no 2 the mechanic entered the discharge chute 075 x 075 x 080 m to clean the material at which time the automatic sampler 030 x 025 m that was inside the chute was activated trapping the mechanic at the height of the chest at the time of the accident the mechanic was alone in the work area,DUP_0117,1.0,False,5.0,5.0,5.0,381.0,['Power lock'],high,completed,"The mechanic entered a confined discharge chute while an automatic sampler remained capable of activation. Its unexpected movement trapped the worker at chest level, creating credible potential for fatal crushing, asphyxiation, or other life-altering injury.","During conveyor belt 11B replacement, the mechanic entered the 0.75 × 0.75 × 0.80 m discharge chute to clean material. The automatic sampler activated while he was inside, trapping him at chest height. He was alone in the work area.","Mechanical energy / unexpected movement from the automatically actuated sampler, with additional confined-space entrapment hazard.","Fatality or life-altering injury, including crushing of the chest, traumatic injury, restricted breathing/asphyxiation, or fatal entrapment.","Lockout/tagout and isolation controls were inadequate or ineffective. The automatic sampler was not adequately isolated and secured against unexpected activation before the mechanic entered the chute. The worker also entered a restricted space alone, increasing the severity potential.",HIGH,annotator_01,2026-09-02T05:29:28.004588+00:00,The mechanic was inside the discharge chute within the sampler's operating zone when it activated.,,,,YES,pilot,False,True,,,,,,,,,
industrial_safety_000372,industrial_safety_analytics_database,incident,2017-03-22T00:00:00,Country_01,Local_06,Metals,,,"Being approximately 20:57 hours of 03/22/2017; during the change of cables between the Z-332 power cell (locked cabinet) and the Z014 transformer; there is a loud noise followed by an oscillation of the electrical system. At that moment the collaborator Queneche of the company EISSA is found on the floor with his head inside an adjoining cell Z-132 (cabinet Not blocked - where he was not assigned to do any work), after having received an electric shock .",,,,,['Power lock'],[],[],[],[],[],V,V,YES,,v0.1,Male,Third Party (Remote),being approximately 2057 hours of 03222017 during the change of cables between the z332 power cell locked cabinet and the z014 transformer there is a loud noise followed by an oscillation of the electrical system at that moment the collaborator queneche of the company eissa is found on the floor with his head inside an adjoining cell z132 cabinet not blocked  where he was not assigned to do any work after having received an electric shock,DUP_0095,1.0,False,5.0,5.0,5.0,458.0,['Power lock'],high,completed,"The incident involved electrical energy during cable work, with an electrical event followed by an electric shock that caused the worker to collapse. Exposure to the energized or faulted electrical system could readily result in electrocution or fatal arc-flash injuries.","During cable changes between the Z-332 power cell and Z014 transformer, a loud noise and electrical-system oscillation occurred. The worker was subsequently found on the floor with his head inside the adjacent Z-132 cell, after receiving an electric shock. The Z-132 cabinet was not blocked and was not the worker's assigned work area.","Electrical energy, including potential energized conductors, electrical fault energy, and arc-flash/arc-blast energy.","Fatality or life-altering injury, including electrocution, severe burns, arc-flash injury, cardiac arrest, or traumatic injury from an electrical arc/blast.","Electrical isolation, boundary control, and lockout/tagout barriers were inadequate or ineffective. The adjacent Z-132 cell was not blocked, allowing the worker to enter an electrical compartment where he was not assigned to work. The event also indicates inadequate control/verification of hazardous electrical energy before cable work.",HIGH,annotator_01,2026-09-02T05:30:32.089317+00:00,"The worker was exposed to the electrical system while working on the cable connection and subsequently had his head inside an adjacent, unblocked electrical cell.",,,,YES,pilot,False,True,,,,,,,,,
industrial_safety_000373,industrial_safety_analytics_database,incident,2017-03-25T00:00:00,Country_01,Local_03,Mining,,,"When the Mixer 01 of the E.C.M INCIMMET S.A, moved by the positive south ramp, with direction to surface (Unicon concrete plant), at the height of the 3630 (Before 440), the operator observes that untimely lights and the engine go off, the control controls do not respond and the equipment starts to reverse. At 3 meters the operator jumps out of the cabin and at 20 meters the team hits the right gable and turns to its side left. In the area, in the circumstances of the event there was no presence of personnel or equipment that could have been affected.",,,,,['Vehicles and Mobile Equipment'],[],[],[],[],[],II,V,YES,,v0.1,Male,Third Party,,DUP_0399,,,,,,,,,completed,"This is a serious loss-of-control event: a concrete mixer truck suffered an electrical/engine failure on a ramp (lights and engine cutting out, controls becoming unresponsive), causing the vehicle to begin uncontrolled reverse travel on an incline. The operator made the decision to jump from the moving cabin at 3 meters of travel — jumping from a moving vehicle is itself a high-risk action with real potential for serious fall/impact injury, independent of the vehicle's subsequent crash. The unmanned vehicle then continued for approximately 20 meters, struck the right gable, and rolled/turned onto its left side. This combines multiple high-energy mechanisms: (1) an uncontrolled heavy-vehicle runaway on a ramp, (2) an operator jumping from a moving vehicle, and (3) a resulting vehicle collision and rollover. The only reason this did not result in injury appears to be fortunate circumstances (no personnel/equipment in the path, and the operator's jump not resulting in an injury as described) rather than an effective engineered control.","""the operator observes that untimely lights and the engine go off, the control controls do not respond and the equipment starts to reverse. At 3 meters the operator jumps out of the cabin and at 20 meters the team hits the right gable and turns to its side left""","Combined mechanical/gravitational — uncontrolled heavy vehicle (concrete mixer) runaway on a ramp due to sudden loss of engine/electrical control, operator jumping from a moving vehicle, and subsequent vehicle collision with a fixed structure resulting in rollover","Under a worse-case variation of this same event (operator jumping at higher speed or less favorable body position, landing on hard/uneven ground, being run over by the reversing vehicle, or personnel/other equipment being present in the runaway's path or at the point of collision/rollover), this could plausibly result in fatality or severe crush/impact trauma — this is a hazard category with an inherently high severity ceiling, and the described outcome (no injury, no personnel present) reflects a fortunate variation rather than an effective control","Failed — the vehicle's engine/electrical/control system failed unexpectedly, and there is no indication of a functioning parking brake, runaway-vehicle arrestor, or fail-safe braking system that should have prevented an uncontrolled reverse roll on a ramp; the absence of personnel/equipment in the runaway path was circumstantial, not the result of an engineered exclusion zone or traffic control measure",HIGH,annotator_01,2026-09-03T10:47:02.452844+00:00,"Operator physically present in the cabin during the loss of control and reversing runaway, then exposed to fall/impact risk while jumping from the moving vehicle; broader area (ramp/roadway) exposed to an unmanned, uncontrolled 20-meter runaway that ended in collision and rollover — the narrative notes no personnel/equipment were in that path on this occasion",,,active_learning_01,YES,,,,active_learning_batch_01,48.0,High combined uncertainty,0.5541046369943758,0.7271510195543608,0.6406278282743683,0.1730463825599849,0.7187443434512635,0.5553407249279687
industrial_safety_000374,industrial_safety_analytics_database,incident,2017-03-25T00:00:00,Country_03,Local_10,Others,,,"The technician was doing the magnetometric survey when he stepped on a thorn. His reaction was to immediately retreat, losing his balance and so the magnetometer's antenna broke.",,,,,['Others'],[],[],[],[],[],I,I,NO,,v0.1,Male,Employee,,DUP_0353,,,,,,,,,completed,"The event involved stepping on a thorn, followed by a loss of balance. The narrative does not indicate a significant fall height, high-energy hazard, or credible mechanism for a serious or fatal injury.","The technician stepped on a thorn, immediately retreated, lost balance, and broke the magnetometer antenna.",Sharp thorn / low-energy puncture hazard and same-level loss of balance.,Minor puncture injury or same-level fall injury.,No specific failed critical safety barrier is described. The worker's reaction to the thorn caused the subsequent loss of balance.,HIGH,annotator_01,2026-09-03T10:54:16.394210+00:00,Technician's foot was directly exposed to the thorn while performing the survey.,,,active_learning_01,NO,,,,active_learning_batch_01,5.0,TF-IDF NO / Transformer YES disagreement,0.4560749325488916,0.5984509189026516,0.5272629257257716,0.1423759863537599,0.9454741485484568,0.7180239635087784
industrial_safety_000382,industrial_safety_analytics_database,incident,2017-04-10T00:00:00,Country_02,Local_02,Mining,,,"Employee to perform painting of the floor of the fuel tank area, he needed cleaning, and by pouring water-thinner on the floor, the bucket slipped out of his hand and the mixture projected onto his left shoulder and lower lip, causing redness and burning.",,,,,['Chemical substances'],[],[],[],[],[],I,II,NO,,v0.1,Male,Third Party,employee to perform painting of the floor of the fuel tank area he needed cleaning and by pouring waterthinner on the floor the bucket slipped out of his hand and the mixture projected onto his left shoulder and lower lip causing redness and burning,DUP_0181,1.0,False,2.0,,,,['Chemical substances'],,completed,"The incident involved a small chemical splash of a water-thinner mixture during floor cleaning. The reported consequence was limited to redness and burning of the shoulder and lower lip, with no indication of high-consequence exposure or a credible fatality mechanism.","While preparing to paint the fuel tank area, the employee poured water-thinner onto the floor for cleaning. The bucket slipped from his hand and the mixture splashed onto his left shoulder and lower lip, causing redness and burning.",Chemical exposure from the water-thinner mixture.,"Minor chemical irritation or burns. Based on the narrative, a SIF-level consequence is not reasonably evident.","Chemical-handling controls were inadequate or could be improved. The bucket slipped during manual handling, resulting in direct exposure. A suitable container, controlled pouring method, and appropriate chemical-resistant PPE would reduce the likelihood of splashes.",HIGH,annotator_01,2026-09-02T09:36:20.822758+00:00,The employee's left shoulder and lower lip were directly exposed to the mixture.,255.0,,v0.2_calibration,NO,pilot,False,True,,,,,,,,,
industrial_safety_000383,industrial_safety_analytics_database,incident,2017-04-08T00:00:00,Country_03,Local_10,Others,,,"During the execution of the soil sampling task at the Potions area, around 1:15 pm, Luis - WCA, was opening with a machete and was bitten by a wasp on the back of his right hand, the same was using at the time of the incident all the EPIs needed for activity. The employee was evaluated by the technician who found it to be a mild and localized swelling wound. The employee reported that he did not feel any pain and that he could continue the activity.",,,,,['Venomous Animals'],[],[],[],[],[],I,I,NO,,v0.1,Male,Third Party,,DUP_0130,,,,,,,,,completed,"The reported event was a single wasp sting with only mild, localized swelling. There is no indication in the narrative of a severe allergic reaction, systemic symptoms, or another credible fatal mechanism.",The worker was bitten/stung by a wasp on the back of his right hand. The technician assessed the injury as mild and localized swelling; the worker reported no pain and continued the activity.,Venomous insect / biological toxin.,"Localized swelling and minor injury. A severe allergic reaction is theoretically possible, but is not evidenced in this event.",Required PPE was being used at the time of the incident. No specific failed critical barrier is described.,HIGH,annotator_01,2026-09-03T10:38:24.917344+00:00,Direct exposure to a wasp while performing soil sampling and opening the area with a machete.,,,active_learning_01,NO,,,,active_learning_batch_01,11.0,TF-IDF YES / Transformer NO disagreement,0.5343321973722784,0.406207273152982,0.4702697352626303,0.1281249242192964,0.9405394705252604,0.6694990179384523
industrial_safety_000384,industrial_safety_analytics_database,incident,2017-04-11T00:00:00,Country_01,Local_03,Mining,,,"In the tower N ° 6 of the old 50 KV LT (disabled and de-energized and 90% dismantled) located in the city of Pasco, the last profiles of the base of the tower previously disassembled were cut, using oxyfuel equipment , at 11:45 am, the Proingcom security supervisor and the foreman, who were on the outside of the fenced area supervising the activity, indicate the stoppage of activities and evacuation to the refuge due to the orange alert indicated on the detector of storms. During the evacuation of the last 02 employees who were inside the fenced area, a loud sound was heard, provoking a fright, which caused the staff to throw themselves to the floor inside the area, then proceeded to leave the work area by his own means through the ladder. Apparently the loud sound would correspond to an electrical discharge in the cable guard that passes over the old towers.",,,,,['Electrical Shock'],[],[],[],[],[],I,IV,YES,,v0.1,Male,Third Party (Remote),,DUP_0249,,,,,,,,,completed,"The event involved a suspected electrical discharge near workers from infrastructure associated with a 50 kV installation. Even though the line was reported as disabled and de-energized, the discharge represents a credible high-energy electrical hazard.","During evacuation, a loud sound apparently corresponding to an electrical discharge was heard from the cable guard passing over the old towers. Two employees were still inside the fenced area.",Electrical energy / electrical discharge associated with 50 kV infrastructure.,"Electric shock, arc-flash burns, electrocution, or fatality.","The installation was reported as disabled, de-energized, and 90% dismantled, and work was stopped with evacuation initiated after the storm alert. However, the suspected discharge indicates residual or induced electrical energy may still have been present.",MEDIUM,annotator_01,2026-09-03T10:56:02.351635+00:00,Two employees were inside the fenced area near the electrical infrastructure when the suspected discharge occurred.,,,active_learning_01,YES,,,,active_learning_batch_01,61.0,High combined uncertainty,0.5406388610993407,0.6877308452349769,0.6141848531671588,0.1470919841356361,0.7716302936656825,0.5365984956430527
industrial_safety_000385,industrial_safety_analytics_database,incident,2017-04-11T00:00:00,Country_01,Local_03,Mining,,,"In tower N ° 6 of the old 50 KV LT (disabled and de-energized and 90% disassembled) located in the city of Pasco, the cutting of the last profiles of the base of the tower previously disassembled was carried out, using oxyfuel equipment, at 11:45 a.m., the safety supervisor of Proingcom and the foreman, who were in the external part of the fenced area supervising the activity, indicate the paralysis of activities and evacuation to the refuge due to the orange alert indicated on the detector of storms. During the evacuation of the last 02 employees who were inside the fenced area, a loud sound was heard, provoking a scare, which caused the staff to throw themselves to the floor within the area, then proceeded to leave the work area by their own means through the staircase. Apparently the loud sound would correspond to an electrical discharge in the cable guard that passes over the old towers.",,,,,['Electrical Shock'],[],[],[],[],[],I,IV,YES,,v0.1,Male,Third Party (Remote),,DUP_0253,,,,,,,,,completed,"The event involved a potential high-energy electrical discharge near workers during evacuation. Although the old 50 kV line was reported as de-energized, an electrical discharge was apparently heard from an overhead cable guard, creating a credible electrical shock/arc hazard.","During evacuation due to a storm alert, a loud sound apparently corresponding to an electrical discharge was heard from the cable guard passing over the old towers. Two employees were still inside the fenced area at the time.",Electrical energy / electrical discharge from an overhead cable associated with a 50 kV installation.,"Severe electrical shock, arc-related burns, electrocution, or fatality.","The system was reported as disabled, de-energized, and 90% dismantled, and activities were stopped with evacuation ordered after the storm alert. However, the reported electrical discharge indicates that electrical hazards were still potentially present.",MEDIUM,annotator_01,2026-09-03T10:51:07.770998+00:00,Two workers were inside the fenced work area near the old electrical infrastructure during the suspected discharge.,,,active_learning_01,YES,,,,active_learning_batch_01,68.0,High combined uncertainty,0.5385234278511429,0.6786876230785097,0.6086055254648264,0.1401641952273667,0.7827889490703472,0.5282671125927686
industrial_safety_000389,industrial_safety_analytics_database,incident,2017-04-23T00:00:00,Country_01,Local_04,Mining,,,"In moments that Mr. William carried out the inspection of the cut of the Block 781 Level 1850 OB6A, so that the loading platform could be realized, in instants that observed the drills positive radial ones that were covered and shotcreteados, he hears a noise from the upper part of the pit (detachments of banks at the center of the pit), to which Mr. William goes back to leave work, but his metatarsal boots makes contact with a rock that was on the floor which causes it to lose balance and stumble on the gable.",,,,,['Others'],[],[],[],[],[],I,III,YES,,v0.1,Male,Third Party,,DUP_0223,,,,,,,,,completed,"The worker was exposed to ground instability and falling rock in an underground pit. He heard rock detachments from the upper part of the pit and, while attempting to leave, stumbled on a rock and fell toward the gable. The surrounding ground-fall hazard presents a credible serious/fatal injury mechanism.","The worker heard detachments of rock banks from the upper part of the pit. While leaving the work area, his boot contacted a rock on the floor, causing him to lose balance and stumble toward the gable.",Unstable ground/falling rock and gravitational energy; same-level fall near a pit/gable.,"Serious struck-by injury, fall into/over the gable, crushing, severe trauma, or fatality.",Ground-control and access controls were insufficient to prevent exposure to the unstable area and rock on the floor. The worker did recognize the warning signs and attempted to leave.,HIGH,annotator_01,2026-09-03T10:34:54.808128+00:00,Worker was directly exposed to unstable ground and falling-rock hazards while inspecting the pit.,,,active_learning_01,YES,,,,active_learning_batch_01,99.0,High combined uncertainty,0.5427360436637728,0.6687976678615477,0.6057668557626603,0.1260616241977749,0.7884662884746794,0.4921327884985673
industrial_safety_000393,industrial_safety_analytics_database,incident,2017-04-25T00:00:00,Country_02,Local_07,Mining,,,"ACTIVITY: front sanitation (slaughter of choco with scaller) LOCAL: underground mine, level 350 - front 45 Upper JKA The operator performed front sanitation when a rock block from the roof hit the equipment. The accident victim was promptly rescued by the unit's emergency brigade and transported to the outpatient clinic where he received the first care, and was then transferred to the Municipal of Paracatu.",,,,,['remains of choco'],[],[],[],[],[],IV,V,YES,,v0.1,Male,Employee,activity front sanitation slaughter of choco with scaller local underground mine level 350  front 45 upper jka the operator performed front sanitation when a rock block from the roof hit the equipment the accident victim was promptly rescued by the units emergency brigade and transported to the outpatient clinic where he received the first care and was then transferred to the municipal of paracatu,DUP_0001,1.0,False,5.0,5.0,4.0,410.0,['remains of choco'],high,completed,"A rock block detached from the underground mine roof and struck the equipment during front sanitation. Underground ground falls can release substantial energy and could cause fatal crushing or burial, even if the reported event did not directly result in a fatality.","During front sanitation (scaling/slaughter of loose rock) at level 350, a rock block from the roof struck the equipment. The injured worker was rescued by the emergency brigade and subsequently transferred for medical care.",Uncontrolled ground/rockfall energy from unstable rock in the underground roof.,"Fatality or life-altering injury, including crushing, severe traumatic injury, or burial/entrapment from a larger ground fall.","Ground-control and scaling controls were inadequate or ineffective. Unstable roof material remained capable of detaching and striking the work equipment. Adequate scaling, ground-support assessment, exclusion of personnel from unsupported ground, and appropriate ground-control measures are critical barriers.",HIGH,annotator_01,2026-09-02T05:31:30.748762+00:00,The operator was working at the underground front directly beneath/near the potentially unstable roof when the rock block detached.,,,,YES,pilot,False,True,,,,,,,,,
industrial_safety_000401,industrial_safety_analytics_database,incident,2017-05-06T00:00:00,Country_02,Local_07,Mining,,,"The employees Márcio and Sérgio performed the pump pipe clearing activity FZ1.031.4 and during the removal of the suction spool flange bolts, there was projection of pulp over them causing injuries.",,,,,['Projection'],[],[],[],[],[],IV,V,YES,,v0.1,Male,Employee,the employees márcio and sérgio performed the pump pipe clearing activity fz10314 and during the removal of the suction spool flange bolts there was projection of pulp over them causing injuries,DUP_0327,2.0,True,5.0,5.0,4.0,198.0,['Projection'],high,completed,"Removing flange bolts from a pump suction spool can release stored pressure and process material unexpectedly. The projection of pulp directly onto two employees demonstrates credible exposure to hazardous process energy, with potential for severe or fatal injury depending on the pulp's temperature, pressure, and composition.","During pump pipe clearing activity FZ1.031.4, employees Márcio and Sérgio were removing suction spool flange bolts when pulp was projected onto them, causing injuries.","Stored pressure/process energy in the pump piping, with uncontrolled release of pulp.","Fatality or life-altering injury, including severe impact/penetration injuries, chemical or thermal burns if the pulp was hazardous, and eye/face injuries.","Isolation, depressurization, and line-of-fire controls were inadequate or ineffective. The flange was opened while hazardous stored energy/material remained capable of being released. Positive isolation, pressure verification, controlled draining/bleeding, and positioning personnel outside the line of fire should have prevented the exposure.",HIGH,annotator_01,2026-09-02T05:32:40.381737+00:00,Two employees were directly in the line of fire while removing the flange bolts and were struck by the projected pulp.,,,,YES,pilot,False,True,,,,,,,,,
industrial_safety_000403,industrial_safety_analytics_database,incident,2017-05-10T00:00:00,Country_01,Local_04,Mining,,,"When performing shotcrete casting for resane on Cruise 791 Nv. 1940 at 02:50 p.m. approximately, the operator was placed on the left side of the equipment and started the release of 02 cubic meters, at that time decided to paralyze the task for a few minutes due to a leak of water in the roof box that did not allow the adhesion of the shotcrete to the rock (setting). When restarting the shotcrete launch the operator that was on the left side moved to the right side of the equipment, while the assistant and the operator mixkret to see that there was no pumping went to verify what happened and when they returned they realized that the operator was not, so they assume that he had fallen down the chimney, they left the job to ask for help immediately. The emergency response brigade and the medical service are activated, who verify the death of the collaborator. The accident investigation begins.",,,,,['Fall'],[],[],[],[],[],V,V,YES,,v0.1,Male,Third Party,when performing shotcrete casting for resane on cruise 791 nv 1940 at 0250 pm approximately the operator was placed on the left side of the equipment and started the release of 02 cubic meters at that time decided to paralyze the task for a few minutes due to a leak of water in the roof box that did not allow the adhesion of the shotcrete to the rock setting when restarting the shotcrete launch the operator that was on the left side moved to the right side of the equipment while the assistant and the operator mixkret to see that there was no pumping went to verify what happened and when they returned they realized that the operator was not so they assume that he had fallen down the chimney they left the job to ask for help immediately the emergency response brigade and the medical service are activated who verify the death of the collaborator the accident investigation begins,DUP_0389,1.0,False,5.0,5.0,5.0,904.0,['Fall'],high,completed,The operator fell down a chimney/vertical opening while performing underground shotcrete work and died. A fall into a vertical excavation or shaft presents an immediate and credible fatality mechanism.,"During shotcrete application at Cruise 791, Nv. 1940, the operator moved from one side of the equipment to the other. When the crew returned, he was missing and was presumed to have fallen down the chimney. The emergency brigade and medical service responded and confirmed the collaborator's death.",Gravity / fall-from-height energy associated with an unprotected or inadequately controlled vertical chimney/opening.,"Fatality or life-altering injury from a fall into the vertical opening, including fatal traumatic injury. Fatality actually occurred in this event.","Fall-prevention and access-control barriers were inadequate or ineffective. The vertical opening was apparently accessible to the operator without sufficient protection to prevent a fall. Guarding/barricading, physical covers, controlled access, fall protection where required, and verification of the work area should have prevented the exposure.",HIGH,annotator_01,2026-09-02T05:33:44.721453+00:00,The operator was working and moving adjacent to the chimney/vertical opening during the shotcrete activity.,,,,YES,adjudicated,False,True,,,,,,,,,
industrial_safety_000410,industrial_safety_analytics_database,incident,2017-05-23T00:00:00,Country_01,Local_04,Mining,,,"In moments when the 02 collaborators carried out the inspection of the conveyor belt No. 3 from the tail pulley when they were at the height of the load polymer No. 372, the Maslucan collaborator heard a noise where note that the belt was moving towards the tail pulley, 4 ""fragmentos mineral fragments are projected towards the access of the ramp impacting the 2 collaborators, being evacuated to the medical post.",,,,,['Projection of fragments'],[],[],[],[],[],I,IV,YES,,v0.1,Male,Third Party,,DUP_0227,,,,,,,,,completed,"The workers were exposed to projected mineral fragments from a moving conveyor belt. Fragment projection from moving equipment can cause severe head, eye, or body injuries and has credible SIF potential.","While inspecting conveyor belt No. 3, four mineral fragments were projected toward the ramp access, impacting both workers, who were subsequently evacuated to the medical post.",Projected mineral fragments / mechanical and kinetic energy from the moving conveyor belt.,"Severe impact injury, penetrating injury, serious eye/head injury, permanent disability, or fatality.","Fragment containment and/or exclusion controls were insufficient, allowing projected material to reach the workers' access area.",HIGH,annotator_01,2026-09-03T10:44:04.177585+00:00,Two workers were directly exposed to fragments projected from the conveyor/tail-pulley area.,,,active_learning_01,YES,,,,active_learning_batch_01,98.0,High combined uncertainty,0.5483626013228063,0.6813754498728161,0.6148690255978112,0.1330128485500097,0.7702619488043776,0.4926055506620202
industrial_safety_000420,industrial_safety_analytics_database,incident,2017-06-11T00:00:00,Country_01,Local_01,Mining,,,"In circumstances that the driver of the plate truck W5K-915 of the E.E. IMPROMEC, went from the garit plant chicrin to Nv.3420, after entering an internal mine in the area of ​​Santa where 200 m. approx. from the old dining room, stops the vehicle and informs the co-pilot that he can no longer drive, for which he turns off the vehicle and when trying to get off the van loses his balance and falls on his own seat, complaining intense pain in the lumbar area, citing pain due to overexertion due to routine activity (evacuation of residual oil and solid waste cylinders) that they previously performed. The collaborator at the time of the event used their corresponding EPPS.",,,,,['Others'],[],[],[],[],[],I,IV,NO,,v0.1,Male,Third Party,,DUP_0204,,,,,,,,,completed,"This event describes a driver who stopped his vehicle mid-route after reporting he could no longer continue driving, then lost his balance while attempting to exit and fell onto his own seat (not to the ground or from a height) — followed by complaints of intense lumbar pain, which the narrative attributes to overexertion from a prior task (evacuating residual oil and solid waste cylinders), not the fall itself. The mechanism here is primarily a musculoskeletal/overexertion issue with a minor, low-height balance loss (falling back into the seat, not off the vehicle). This does not involve a high-energy hazard, a fall from height, or a mechanism with realistic escalation to serious injury or fatality.","when trying to get off the van loses his balance and falls on his own seat, complaining intense pain in the lumbar area, citing pain due to overexertion due to routine activity (evacuation of residual oil and solid waste cylinders) that they previously performed""","Ergonomic/musculoskeletal — physical strain from prior manual handling task (evacuating oil/waste cylinders), compounded by a minor loss of balance; not a high-energy mechanical or gravitational hazard, as the fall was contained to the seat itself","The realistic outcome range for this mechanism is a musculoskeletal injury — lumbar strain, sprain, or disc-related pain — which, while potentially significant for the individual's health and requiring medical attention/time off work, does not carry a plausible pathway to life-threatening or permanently disabling injury under this specific description (fall onto seat, not to ground or from height)","Weak/unclear — no indication of manual handling training, lifting aids, or task rotation controls for the cylinder evacuation task that preceded the incident; the operator continuing to drive after already feeling unwell/strained (before stopping) also suggests a gap in fatigue/fitness-for-duty self-reporting procedures",MEDIUM,annotator_01,2026-09-03T10:54:16.928111+00:00,"Cumulative physical exertion from manual handling of residual oil and solid waste cylinders during routine duties, followed by a minor balance loss while attempting to exit the vehicle cab",,,active_learning_01,NO,,,,active_learning_batch_01,33.0,High combined uncertainty,0.5171260941851413,0.6681192707093411,0.5926226824472411,0.1509931765241997,0.8147546351055177,0.5968943910589661
industrial_safety_000422,industrial_safety_analytics_database,incident,2017-06-15T00:00:00,Country_01,Local_03,Mining,,,"The convoy of the locomotive 15 operated by Mr. Tito is located in hopper OP2 positioning the 1st car under the hopper, the assistant does not observe anything out of the ordinary (dry load there is no presence of water) and initiates the chute, for this, the hydraulic module of the hopper is switched on and with the controls it slightly moves the hopper handle and an untimely flow of water and mud splashes the operator generating the described injury, in addition the collaborator was 7 meters from the line of fire",,,,,['Projection'],[],[],[],[],[],I,IV,YES,,v0.1,Male,Employee,,DUP_0295,,,,,,,,,completed,"This event describes a classic and well-documented high-severity mining hazard: an unexpected release of water and mud from a hopper/chute during unloading. The pre-task inspection found the load to be dry with no presence of water, yet an ""untimely flow of water and mud"" occurred once the chute was opened — indicating trapped/hidden water or saturated material behind a dry crust that was not detectable by visual inspection alone. This is the same underlying mechanism as ""mud rushes"" or ""uncontrolled draw point releases,"" which are recognized in the mining industry as capable of causing serious injury, entrapment, or fatality due to the force, volume, and speed of material release. Critically, the operator was struck by the splash from 7 meters away, which indicates the release carried significant energy/force — not a gentle drip or seep. The explicit mention that the collaborator was in the ""line of fire"" at that distance reinforces that this was a hazard zone with a genuine escalation pathway, and the actual outcome (a splash injury) reflects a fortunate variation of an event that could plausibly have been far more severe (e.g., higher volume/pressure release, closer proximity, or being caught in the flow path).","""the assistant does not observe anything out of the ordinary (dry load there is no presence of water) and initiates the chute...an untimely flow of water and mud splashes the operator generating the described injury, in addition the collaborator was 7 meters from the line of fire""","Hydraulic/gravitational — uncontrolled, unexpected release of pressurized/trapped water and mud from a rail hopper chute during unloading operations; hidden hazardous energy not identified by standard pre-task visual inspection","Under a worse-case variation of this same event (larger volume of trapped water/mud, higher pressure/force behind the material, closer proximity to the discharge point, or the operator being positioned directly in the flow path rather than at the edge of it), this could plausibly result in being knocked down, struck with significant force, entrapment/burial in mud, or being swept/pulled toward the discharge opening — outcomes consistent with serious injury or fatality; the fact that a splash reached and injured someone 7 meters away indicates the release carried more force than a routine, controlled discharge","Failed — the pre-task visual inspection (""dry load, no presence of water"") did not detect the hazard, indicating this inspection method is inadequate for identifying trapped/hidden water or saturated material in this type of load; no indication of remote/controlled chute activation procedures, standoff barriers, or a validated line-of-fire exclusion zone that accounted for this failure mode",MEDIUM,annotator_01,2026-09-03T10:57:48.429221+00:00,"Operator positioned within the hopper's ""line of fire"" (discharge trajectory zone) at a distance of 7 meters during chute activation; direct exposure to the projected water/mud flow despite this stand-off distance",,,active_learning_01,YES,,,,active_learning_batch_01,85.0,High combined uncertainty,0.557235916380557,0.7081196586794437,0.6326777875300004,0.1508837422988866,0.7346444249399993,0.506407552064263
industrial_safety_000426,industrial_safety_analytics_database,incident,2017-06-20T00:00:00,Country_01,Local_01,Mining,,,"In circumstance, the AHK-903 license plate (Empresa which serves the supervision of CMA, carried out the field inspections in the upper bank 4288, when unexpectedly when climbing through the operational access (positive ramp), It slides in an excavated area of ​​approximately 3 meters high, remaining in position with the front part on the floor. The occupants of the vehicle made use of the safety belt and all the complete epps.",,,,,['Others'],[],[],[],[],[],I,IV,YES,,v0.1,Male,Employee,,DUP_0195,,,,,,,,,completed,"This event involves a vehicle losing traction/control while climbing an operational access ramp and sliding into an excavated area approximately 3 meters deep, coming to rest with its front end down. This combines two high-energy hazard mechanisms: (1) loss of vehicle control on an incline (positive ramp), and (2) a fall/drop of ~3 meters into an excavation. Either mechanism alone is a recognized SIF-category hazard in mining (vehicle rollover/loss of control, and falls from height/into excavations). The vehicle ending in a nose-down position at the bottom of a 3m drop indicates substantial uncontrolled energy was involved. The fact that occupants were using seatbelts and full PPE appears to be the key factor that prevented serious injury — meaning this reads as a near-miss / high-potential event where the controls worked, not a low-energy incident.","when unexpectedly when climbing through the operational access (positive ramp), It slides in an excavated area of approximately 3 meters high, remaining in position with the front part on the floor. The occupants of the vehicle made use of the safety belt and all the complete epps""","Combined mechanical/gravitational — loss of vehicle traction/control on an inclined ramp, followed by a slide/fall of ~3 meters into an excavated area, ending in a nose-down (front-down) vehicle position","Under a worse-case variation of this same event (occupants not restrained, vehicle rolling/overturning completely rather than settling front-down, greater excavation depth, or structural cabin failure on impact), this could plausibly have resulted in severe crush injuries, ejection trauma, or fatality — this is a hazard category with an inherently high severity ceiling","seatbelt use and complete PPE compliance by all occupants are explicitly confirmed, and these controls appear to have been directly responsible for the absence of a severe injury outcome despite the high-energy nature of the event; however, the underlying engineering/procedural controls that failed to prevent the vehicle from sliding into the excavation in the first place (e.g., barricading/delineation of the excavated area, ramp surface condition, edge protection near excavations) represent a clear gap",HIGH,annotator_01,2026-09-03T10:38:22.490480+00:00,"Vehicle occupant(s) inside the cabin throughout the loss-of-control event, the slide, and the impact/settling at the bottom of the excavation; direct exposure to deceleration forces, potential cabin intrusion, and the vehicle's final unstable resting position (front-down)",,,active_learning_01,YES,,,,active_learning_batch_01,16.0,High combined uncertainty,0.5320798365139081,0.7280927538660311,0.6300862951899696,0.196012917352123,0.7398274096200608,0.6483191087117002
